<?xml version="1.0" encoding="utf-8"?>
<COLLADA xmlns="http://www.collada.org/2005/11/COLLADASchema" version="1.4.1" xmlns:xsi="http://www.w3.org/2001/XMLSchema-instance">
  <asset>
    <contributor>
      <author>Blender User</author>
      <authoring_tool>Blender 3.0.1</authoring_tool>
    </contributor>
    <created>2026-01-14T20:02:52</created>
    <modified>2026-01-14T20:02:52</modified>
    <unit name="meter" meter="1"/>
    <up_axis>Z_UP</up_axis>
  </asset>
  <library_cameras>
    <camera id="Camera-camera" name="Camera">
      <optics>
        <technique_common>
          <perspective>
            <xfov sid="xfov">39.59775</xfov>
            <aspect_ratio>1.777778</aspect_ratio>
            <znear sid="znear">0.1</znear>
            <zfar sid="zfar">100</zfar>
          </perspective>
        </technique_common>
      </optics>
      <extra>
        <technique profile="blender">
          <shiftx sid="shiftx" type="float">0</shiftx>
          <shifty sid="shifty" type="float">0</shifty>
          <dof_distance sid="dof_distance" type="float">10</dof_distance>
        </technique>
      </extra>
    </camera>
  </library_cameras>
  <library_lights>
    <light id="Light-light" name="Light">
      <technique_common>
        <point>
          <color sid="color">1000 1000 1000</color>
          <constant_attenuation>1</constant_attenuation>
          <linear_attenuation>0</linear_attenuation>
          <quadratic_attenuation>0.00111109</quadratic_attenuation>
        </point>
      </technique_common>
      <extra>
        <technique profile="blender">
          <type sid="type" type="int">0</type>
          <flag sid="flag" type="int">0</flag>
          <mode sid="mode" type="int">1</mode>
          <gamma sid="blender_gamma" type="float">1</gamma>
          <red sid="red" type="float">1</red>
          <green sid="green" type="float">1</green>
          <blue sid="blue" type="float">1</blue>
          <shadow_r sid="blender_shadow_r" type="float">0</shadow_r>
          <shadow_g sid="blender_shadow_g" type="float">0</shadow_g>
          <shadow_b sid="blender_shadow_b" type="float">0</shadow_b>
          <energy sid="blender_energy" type="float">1000</energy>
          <dist sid="blender_dist" type="float">29.99998</dist>
          <spotsize sid="spotsize" type="float">75</spotsize>
          <spotblend sid="spotblend" type="float">0.15</spotblend>
          <att1 sid="att1" type="float">0</att1>
          <att2 sid="att2" type="float">1</att2>
          <falloff_type sid="falloff_type" type="int">2</falloff_type>
          <clipsta sid="clipsta" type="float">0.04999995</clipsta>
          <clipend sid="clipend" type="float">30.002</clipend>
          <bias sid="bias" type="float">1</bias>
          <soft sid="soft" type="float">3</soft>
          <bufsize sid="bufsize" type="int">2880</bufsize>
          <samp sid="samp" type="int">3</samp>
          <buffers sid="buffers" type="int">1</buffers>
          <area_shape sid="area_shape" type="int">1</area_shape>
          <area_size sid="area_size" type="float">0.1</area_size>
          <area_sizey sid="area_sizey" type="float">0.1</area_sizey>
          <area_sizez sid="area_sizez" type="float">1</area_sizez>
        </technique>
      </extra>
    </light>
  </library_lights>
  <library_effects>
    <effect id="Shape_015_001-effect">
      <profile_COMMON>
        <technique sid="common">
          <lambert>
            <emission>
              <color sid="emission">0 0 0 1</color>
            </emission>
            <diffuse>
              <color sid="diffuse">0.8 0.169412 0.1066664 1</color>
            </diffuse>
            <transparent opaque="A_ONE">
              <color sid="alpha">0 0 0 0.8</color>
            </transparent>
            <index_of_refraction>
              <float sid="ior">1</float>
            </index_of_refraction>
          </lambert>
        </technique>
      </profile_COMMON>
    </effect>
    <effect id="Shape_014_001-effect">
      <profile_COMMON>
        <technique sid="common">
          <lambert>
            <emission>
              <color sid="emission">0 0 0 1</color>
            </emission>
            <diffuse>
              <color sid="diffuse">0.4454904 0.4360784 0.4266664 1</color>
            </diffuse>
            <index_of_refraction>
              <float sid="ior">1</float>
            </index_of_refraction>
          </lambert>
        </technique>
      </profile_COMMON>
    </effect>
    <effect id="Shape_013_001-effect">
      <profile_COMMON>
        <technique sid="common">
          <lambert>
            <emission>
              <color sid="emission">0 0 0 1</color>
            </emission>
            <diffuse>
              <color sid="diffuse">0.4454904 0.4360784 0.4266664 1</color>
            </diffuse>
            <index_of_refraction>
              <float sid="ior">1</float>
            </index_of_refraction>
          </lambert>
        </technique>
      </profile_COMMON>
    </effect>
    <effect id="Shape_012_001-effect">
      <profile_COMMON>
        <technique sid="common">
          <lambert>
            <emission>
              <color sid="emission">0 0 0 1</color>
            </emission>
            <diffuse>
              <color sid="diffuse">0.6337256 0.6556864 0.7466664 1</color>
            </diffuse>
            <index_of_refraction>
              <float sid="ior">1</float>
            </index_of_refraction>
          </lambert>
        </technique>
      </profile_COMMON>
    </effect>
    <effect id="Shape_011_001-effect">
      <profile_COMMON>
        <technique sid="common">
          <lambert>
            <emission>
              <color sid="emission">0 0 0 1</color>
            </emission>
            <diffuse>
              <color sid="diffuse">0.200784 0.4015688 0.4015688 1</color>
            </diffuse>
            <index_of_refraction>
              <float sid="ior">1</float>
            </index_of_refraction>
          </lambert>
        </technique>
      </profile_COMMON>
    </effect>
    <effect id="Shape_010_001-effect">
      <profile_COMMON>
        <technique sid="common">
          <lambert>
            <emission>
              <color sid="emission">0 0 0 1</color>
            </emission>
            <diffuse>
              <color sid="diffuse">0.200784 0.200784 0.200784 1</color>
            </diffuse>
            <index_of_refraction>
              <float sid="ior">1</float>
            </index_of_refraction>
          </lambert>
        </technique>
      </profile_COMMON>
    </effect>
    <effect id="Shape_009_001-effect">
      <profile_COMMON>
        <technique sid="common">
          <lambert>
            <emission>
              <color sid="emission">0 0 0 1</color>
            </emission>
            <diffuse>
              <color sid="diffuse">0.8 0.169412 0.1066664 1</color>
            </diffuse>
            <transparent opaque="A_ONE">
              <color sid="alpha">0 0 0 0.8</color>
            </transparent>
            <index_of_refraction>
              <float sid="ior">1</float>
            </index_of_refraction>
          </lambert>
        </technique>
      </profile_COMMON>
    </effect>
    <effect id="Shape_008_001-effect">
      <profile_COMMON>
        <technique sid="common">
          <lambert>
            <emission>
              <color sid="emission">0 0 0 1</color>
            </emission>
            <diffuse>
              <color sid="diffuse">0.4454904 0.4360784 0.4266664 1</color>
            </diffuse>
            <index_of_refraction>
              <float sid="ior">1</float>
            </index_of_refraction>
          </lambert>
        </technique>
      </profile_COMMON>
    </effect>
    <effect id="Shape_007_001-effect">
      <profile_COMMON>
        <technique sid="common">
          <lambert>
            <emission>
              <color sid="emission">0 0 0 1</color>
            </emission>
            <diffuse>
              <color sid="diffuse">0.4454904 0.4360784 0.4266664 1</color>
            </diffuse>
            <index_of_refraction>
              <float sid="ior">1</float>
            </index_of_refraction>
          </lambert>
        </technique>
      </profile_COMMON>
    </effect>
    <effect id="Shape_006_001-effect">
      <profile_COMMON>
        <technique sid="common">
          <lambert>
            <emission>
              <color sid="emission">0 0 0 1</color>
            </emission>
            <diffuse>
              <color sid="diffuse">0.6337256 0.6556864 0.7466664 1</color>
            </diffuse>
            <index_of_refraction>
              <float sid="ior">1</float>
            </index_of_refraction>
          </lambert>
        </technique>
      </profile_COMMON>
    </effect>
    <effect id="Shape_005_001-effect">
      <profile_COMMON>
        <technique sid="common">
          <lambert>
            <emission>
              <color sid="emission">0 0 0 1</color>
            </emission>
            <diffuse>
              <color sid="diffuse">0.200784 0.4015688 0.4015688 1</color>
            </diffuse>
            <index_of_refraction>
              <float sid="ior">1</float>
            </index_of_refraction>
          </lambert>
        </technique>
      </profile_COMMON>
    </effect>
    <effect id="Shape_004_001-effect">
      <profile_COMMON>
        <technique sid="common">
          <lambert>
            <emission>
              <color sid="emission">0 0 0 1</color>
            </emission>
            <diffuse>
              <color sid="diffuse">0.200784 0.200784 0.200784 1</color>
            </diffuse>
            <index_of_refraction>
              <float sid="ior">1</float>
            </index_of_refraction>
          </lambert>
        </technique>
      </profile_COMMON>
    </effect>
  </library_effects>
  <library_images/>
  <library_materials>
    <material id="Shape_015_001-material" name="Shape_015.001">
      <instance_effect url="#Shape_015_001-effect"/>
    </material>
    <material id="Shape_014_001-material" name="Shape_014.001">
      <instance_effect url="#Shape_014_001-effect"/>
    </material>
    <material id="Shape_013_001-material" name="Shape_013.001">
      <instance_effect url="#Shape_013_001-effect"/>
    </material>
    <material id="Shape_012_001-material" name="Shape_012.001">
      <instance_effect url="#Shape_012_001-effect"/>
    </material>
    <material id="Shape_011_001-material" name="Shape_011.001">
      <instance_effect url="#Shape_011_001-effect"/>
    </material>
    <material id="Shape_010_001-material" name="Shape_010.001">
      <instance_effect url="#Shape_010_001-effect"/>
    </material>
    <material id="Shape_009_001-material" name="Shape_009.001">
      <instance_effect url="#Shape_009_001-effect"/>
    </material>
    <material id="Shape_008_001-material" name="Shape_008.001">
      <instance_effect url="#Shape_008_001-effect"/>
    </material>
    <material id="Shape_007_001-material" name="Shape_007.001">
      <instance_effect url="#Shape_007_001-effect"/>
    </material>
    <material id="Shape_006_001-material" name="Shape_006.001">
      <instance_effect url="#Shape_006_001-effect"/>
    </material>
    <material id="Shape_005_001-material" name="Shape_005.001">
      <instance_effect url="#Shape_005_001-effect"/>
    </material>
    <material id="Shape_004_001-material" name="Shape_004.001">
      <instance_effect url="#Shape_004_001-effect"/>
    </material>
  </library_materials>
  <library_geometries>
    <geometry id="Shape_IndexedFaceSet_066-mesh" name="Shape_IndexedFaceSet.066">
      <mesh>
        <source id="Shape_IndexedFaceSet_066-mesh-positions">
          <float_array id="Shape_IndexedFaceSet_066-mesh-positions-array" count="2394">1.01526 -1.03e-4 0.108142 1.01527 -3.8e-5 0.10814 1.01529 -3.91e-4 0.108138 1.01529 1.89e-4 0.1081359 1.0153 -6.18e-4 0.108134 1.01532 3.13e-4 0.108131 1.01533 -7.4e-4 0.108128 1.01537 -8.76e-4 0.108122 1.01543 6.46e-4 0.1081089 1.01546 -0.001069903 0.108106 1.01549 8.26e-4 0.108097 1.01557 9.67e-4 0.108083 1.01559 -0.001367986 0.108081 1.01562 0.001066923 0.1080729 1.01579 -0.001673996 0.108042 1.01588 -0.001804888 0.108025 1.01596 0.001533985 0.108008 1.01601 0.001600921 0.107998 1.01625 -0.002191901 0.107957 1.01633 -0.00227499 0.107942 1.01642 0.002004981 0.107921 1.01644 0.002024829 0.1079159 1.01677 -0.002641916 0.10786 1.01677 -0.002645969 0.107859 1.01699 0.002440989 0.107813 1.01718 0.002588987 0.1077769 1.01733 -0.003021955 0.107753 1.0175 -0.003130972 0.107722 1.01756 0.002809882 0.1077049 1.01792 -0.003366947 0.107642 1.01806 -0.003443956 0.107616 1.01813 0.003141999 0.107598 1.01849 0.003322899 0.107529 1.01853 -0.003663957 0.107527 1.01876 0.003439903 0.107477 1.01913 -0.003940999 0.107415 1.01915 -0.003948986 0.107411 1.01939 0.003706932 0.107359 1.01977 0.003872931 0.107285 1.01978 -0.004188895 0.107291 1.02002 0.00395596 0.107239 1.0203 -0.004381895 0.107195 1.02042 -0.004421949 0.1071709 1.02066 0.004174888 0.107118 1.02107 -0.004627943 0.107049 1.0213 0.004392981 0.1069959 1.02134 0.004406929 0.106989 1.02137 -0.004723966 0.106992 1.02196 0.004571974 0.106872 1.0231 -0.005178928 0.106665 1.02336 0.004945993 0.106607 1.0237 -0.005302906 0.106552 1.0246 0.005203962 0.1063719 1.02498 -0.005571961 0.10631 1.0256 0.002226889 0.1405169 1.02561 0.005413949 0.10618 1.02594 -0.002701938 0.1405169 1.02614 0.002560973 0.1405169 1.02637 -0.005798995 0.106048 1.02649 -0.003007948 0.1405169 1.02669 0.005598962 0.105976 1.02671 0.002857983 0.1405169 1.02707 -0.003279924 0.1405169 1.02725 -0.005941987 0.105882 1.02728 0.005678892 0.105866 1.02728 0.003122985 0.1405169 1.02765 -0.003524959 0.1405169 1.02772 -0.006006956 0.1057929 1.02787 0.003363907 0.1405169 1.02825 -0.003746986 0.1405169 1.02847 0.003582954 0.1405169 1.02885 -0.00394994 0.1405169 1.02907 0.003782868 0.1405169 1.02907 -0.006159961 0.1055369 1.02944 0.005976915 0.105457 1.02946 -0.004134953 0.1405169 1.02968 0.003966987 0.1405169 1.02999 0.006029963 0.105354 1.03029 0.004136979 0.1405169 1.03052 -0.00632292 0.105265 1.03068 -0.004459977 0.1405169 1.0318 -0.006419897 0.105024 1.03192 -0.0047369 0.1405169 1.03254 0.006276965 0.104871 1.03271 0.006287992 0.104839 1.03277 0.004697978 0.1405169 1.03343 -0.006543934 0.104715 1.03443 -0.005174994 0.1405169 1.03453 -0.006598949 0.104507 1.03527 0.005111992 0.1405169 1.03539 -0.006641924 0.104345 1.03545 0.006453931 0.104321 1.03574 -0.003760933 0.165591 1.03601 0.006487905 0.104215 1.03686 -0.004058957 0.165591 1.03695 -0.005490899 0.1405169 1.03749 2.8e-5 0.1906639 1.03749 -2.37e-4 0.1906639 1.03753 2.9e-4 0.1906639 1.03754 -4.97e-4 0.1906639 1.03761 5.42e-4 0.1906639 1.03763 -7.47e-4 0.1906639 1.03772 7.79e-4 0.1906639 1.0379 -0.001195967 0.1906639 1.03803 0.001203954 0.1906639 1.03826 -0.001581907 0.1906639 1.03841 0.001568973 0.1906639 1.03867 -0.001912951 0.1906639 1.03883 0.001884937 0.1906639 1.039 -0.006733894 0.103663 1.03911 -0.002200961 0.1906639 1.03928 0.00216192 0.1906639 1.03957 -0.002453923 0.1906639 1.03974 0.002407968 0.1906639 1.03988 0.006597936 0.103485 1.04004 -0.006730914 0.103467 1.04005 -0.002679944 0.1906639 1.04022 0.002627909 0.1906639 1.04053 -0.002882957 0.1906639 1.04071 0.002826929 0.1906639 1.04096 0.006596982 0.10328 1.04103 -0.003066897 0.1906639 1.0412 0.003008902 0.1906639 1.04153 -0.003234982 0.1906639 1.0417 0.003174901 0.1906639 1.04203 -0.003387928 0.1906639 1.04221 0.003327906 0.1906639 1.04271 0.00346899 0.1906639 1.04273 -0.006725907 0.102957 1.04305 -0.003657937 0.1906639 1.04374 0.003718972 0.1906639 1.04407 -0.003886938 0.1906639 1.04418 0.006595969 0.102672 1.04477 0.003933966 0.1906639 1.04558 -0.006647944 0.10242 1.04615 -0.00424993 0.1906639 1.04651 0.006531894 0.102232 1.04685 0.004276931 0.1906639 1.04713 0.002558887 0.215737 1.04723 -0.006602883 0.102108 1.04757 0.002721965 0.215737 1.04802 0.002870917 0.215737 1.04824 -0.004511952 0.1906639 1.04831 -0.003014922 0.215737 1.04893 0.003133893 0.215737 1.04894 0.004529953 0.1906639 1.04923 -0.003256857 0.215737 1.04941 0.006452918 0.101684 1.04984 0.00335896 0.215737 1.05015 -0.003461897 0.215737 1.05029 -2.1e-5 0.101523 1.05029 -2.1e-5 0.127127 1.05033 5.49e-4 0.101516 1.05033 -5.91e-4 0.101516 1.05034 -0.004694998 0.1906639 1.05043 0.001109898 0.101495 1.05043 0.001109898 0.127127 1.05044 -0.001150906 0.101495 1.05044 -0.001150906 0.127127 1.05061 0.001651883 0.10146 1.05063 -0.001690924 0.10146 1.05077 0.0035519 0.215737 1.05087 0.002165973 0.1014119 1.05087 0.002165973 0.127127 1.05089 -0.002202928 0.1014119 1.05089 -0.002202928 0.127127 1.05104 0.004708886 0.1906639 1.05115 -0.006405889 0.1013669 1.05118 0.002642989 0.101352 1.05121 -0.00267595 0.101352 1.05142 0.001001954 0.24081 1.05156 0.00307399 0.101281 1.05156 0.00307399 0.127127 1.05158 -0.003103971 0.101281 1.05158 -0.003103971 0.127127 1.05161 -0.001208961 0.24081 1.05172 0.00129199 0.24081 1.05193 -0.001471996 0.24081 1.05198 -0.006364881 0.1012099 1.05206 0.001542985 0.24081 1.05209 0.00631392 0.101178 1.05228 -0.001699984 0.24081 1.05241 0.001762986 0.24081 1.05244 -0.004813969 0.1906639 1.05246 -1.1e-5 0.127127 1.05246 0.003772974 0.10111 1.05246 0.003772974 0.127127 1.05247 2.75e-4 0.127127 1.05248 -2.96e-4 0.127127 1.05249 -0.003793895 0.10111 1.05249 -0.003793895 0.127127 1.05253 5.55e-4 0.127127 1.05253 -5.76e-4 0.127127 1.05262 8.26e-4 0.127127 1.05263 -8.46e-4 0.127127 1.05265 -0.001900911 0.24081 1.05274 0.001082897 0.127127 1.05276 -0.001100957 0.127127 1.05278 0.001957893 0.24081 1.0529 0.001320958 0.127127 1.05292 -0.001337945 0.127127 1.05303 -0.002079904 0.24081 1.05309 0.001536965 0.127127 1.05311 -0.001551926 0.127127 1.05314 0.004828989 0.1906639 1.05316 0.002132952 0.24081 1.05341 -0.002240896 0.24081 1.05351 0.004213929 0.100911 1.05351 0.004213929 0.127127 1.05355 0.001885831 0.127127 1.05355 -0.004224956 0.100911 1.05355 -0.004224956 0.127127 1.05355 0.002290964 0.24081 1.05357 -0.001896977 0.127127 1.0538 -0.002386987 0.24081 1.05394 0.002434909 0.24081 1.05408 0.002106845 0.127127 1.0541 -0.002112925 0.127127 1.0542 -0.002519965 0.24081 1.05434 0.002566993 0.24081 1.0546 -0.002640843 0.24081 1.05464 0.004368901 0.100697 1.05464 0.004368901 0.127127 1.05465 0.002183914 0.127127 1.05467 -0.002183914 0.127127 1.05468 -0.004368901 0.100697 1.05468 -0.004368901 0.127127 1.05507 0.006158888 0.100615 1.05514 0.002799928 0.24081 1.05522 0.002112925 0.127127 1.05524 -0.002106845 0.127127 1.05541 -0.002854943 0.24081 1.05575 0.001896977 0.127127 1.05577 0.004224956 0.100484 1.05577 0.004224956 0.127127 1.05577 -0.001885831 0.127127 1.05581 -0.004213929 0.100484 1.05581 -0.004213929 0.127127 1.05595 0.002998948 0.24081 1.05621 0.001551926 0.127127 1.05622 -0.003036916 0.24081 1.05622 -0.001536965 0.127127 1.0564 0.001337945 0.127127 1.05641 -0.001320958 0.127127 1.05656 0.001100957 0.127127 1.05657 -0.001082897 0.127127 1.05665 -0.004898965 0.1906639 1.05669 8.46e-4 0.127127 1.0567 -8.26e-4 0.127127 1.05675 -0.006030917 0.100308 1.05677 0.003169 0.24081 1.05678 5.76e-4 0.127127 1.05679 -5.55e-4 0.127127 1.05683 0.003793895 0.100285 1.05683 0.003793895 0.127127 1.05684 2.96e-4 0.127127 1.05684 -2.75e-4 0.127127 1.05686 -0.003772974 0.100285 1.05686 -0.003772974 0.127127 1.05686 1.1e-5 0.127127 1.05688 -0.006021976 0.100283 1.05704 -0.003191888 0.24081 1.05735 0.004921913 0.1906639 1.05759 0.003315985 0.24081 1.05769 0.005966961 0.100119 1.05773 0.003103971 0.100114 1.05773 0.003103971 0.127127 1.05776 -0.00307399 0.100114 1.05776 -0.00307399 0.127127 1.05787 -0.003324925 0.24081 1.05803 0.002774 0.100057 1.05803 0.002774 0.109093 1.05806 -0.002741992 0.100057 1.05806 -0.002741992 0.109093 1.05842 0.003441989 0.24081 1.05843 0.002202928 0.109093 1.05843 0.002202928 0.127127 1.05845 -0.002165973 0.109093 1.05845 -0.002165973 0.127127 1.05854 0.00228399 0.099963 1.05854 0.00228399 0.109093 1.05856 -0.002245903 0.099963 1.05856 -0.002245903 0.109093 1.05887 0.001150906 0.109093 1.05887 0.001150906 0.127127 1.05888 -0.001109898 0.109093 1.05888 -0.001109898 0.127127 1.05903 2.1e-5 0.109093 1.05903 2.1e-5 0.127127 1.05904 -0.005843997 0.09987396 1.05914 0.001916885 0.09984999 1.05914 0.001916885 0.109093 1.05915 -0.001872897 0.09984999 1.05915 -0.001872897 0.109093 1.05953 -0.003532946 0.24081 1.0598 0.00168997 0.09972399 1.0598 0.00168997 0.109093 1.05982 -0.001639962 0.09972399 1.05982 -0.001639962 0.109093 1.05997 0.002022922 0.265884 1.06008 0.003642976 0.24081 1.06031 0.002147853 0.265884 1.0605 0.001615822 0.09959197 1.0605 0.001615822 0.109093 1.06052 -0.001558899 0.09959197 1.06052 -0.001558899 0.109093 1.06065 0.00226289 0.265884 1.06086 -0.004823923 0.1906639 1.06089 -0.002267897 0.265884 1.061 0.002368927 0.265884 1.06118 0.005712926 0.09946095 1.06124 -0.002364993 0.265884 1.06135 0.002465963 0.265884 1.06156 0.004863977 0.1906639 1.06159 -0.002453923 0.265884 1.06206 0.002638936 0.265884 1.0623 -0.002611935 0.265884 1.06237 -0.005528986 0.09924495 1.06277 0.002786934 0.265884 1.06286 -0.003772974 0.24081 1.06301 -0.002746999 0.265884 1.06315 0.005545914 0.09908795 1.06333 0.005527973 0.09905397 1.06341 0.003879964 0.24081 1.06349 0.002914965 0.265884 1.06373 -0.002861917 0.265884 1.0645 -3e-5 0.290957 1.06451 -4.8e-5 0.290957 1.06451 1.07e-4 0.290957 1.06451 1.91e-4 0.290957 1.06452 2.61e-4 0.290957 1.06454 -2e-4 0.290957 1.06455 -2.55e-4 0.290957 1.06457 4.07e-4 0.290957 1.06459 -3.43e-4 0.290957 1.06461 4.98e-4 0.290957 1.06464 5.46e-4 0.290957 1.06468 -5.2e-4 0.290957 1.06475 -6.05e-4 0.290957 1.06479 7.72e-4 0.290957 1.06482 7.96e-4 0.290957 1.0649 -7.84e-4 0.290957 1.06496 -8.3e-4 0.290957 1.06504 0.001004934 0.290957 1.06507 -0.004626989 0.1906639 1.06517 0.001115918 0.290957 1.06521 -0.001017928 0.290957 1.06529 0.00118798 0.290957 1.06536 -0.005245923 0.09867995 1.06539 -0.001157999 0.290957 1.06546 -0.00119096 0.290957 1.06556 0.001340985 0.290957 1.06574 -0.001319885 0.290957 1.06577 0.004688978 0.1906639 1.06583 0.001494944 0.290957 1.06599 0.001587927 0.290957 1.06602 -0.001449823 0.290957 1.0661 0.001626968 0.290957 1.0663 -0.00157994 0.290957 1.0664 0.001725912 0.290957 1.06656 -0.001696944 0.290957 1.06658 -0.001703858 0.290957 1.06669 0.001824975 0.290957 1.06688 -0.00178498 0.290957 1.06698 0.001923978 0.290957 1.06718 -0.00186491 0.290957 1.06728 0.002022922 0.290957 1.06748 -0.001945972 0.290957 1.06757 0.002122998 0.290957 1.0677 0.002165973 0.290957 1.06778 -0.002025902 0.290957 1.06803 -0.004951 0.098176 1.06817 0.002252936 0.290957 1.06837 -0.002186954 0.290957 1.06878 0.002364993 0.290957 1.06898 -0.00227195 0.290957 1.069 0.004978895 0.09798395 1.06927 -0.004333913 0.1906639 1.06939 0.00247699 0.290957 1.0696 -0.002355933 0.290957 1.06997 0.004421949 0.1906639 1.06999 0.002588987 0.290957 1.07019 0.00483793 0.1053079 1.07019 0.00483793 0.105283 1.0702 0.00483793 0.105148 1.0702 0.00166285 0.105283 1.07022 -0.001511991 0.105283 1.07024 -0.004687905 0.10525 1.07024 -0.004687905 0.105283 1.07024 0.00483191 0.105678 1.07025 0.004830956 0.105694 1.07025 -0.004686892 0.105091 1.07025 0.004833996 0.104874 1.07026 0.00166285 0.104872 1.07026 0.00166285 0.105694 1.07027 0.00483191 0.104782 1.07027 -0.004682958 0.105622 1.07027 -0.001511991 0.104872 1.07027 -0.001511991 0.105694 1.07029 0.00482589 0.105829 1.07029 -0.004679918 0.105693 1.0703 -0.004681885 0.104875 1.07032 -0.004676938 0.105778 1.07033 0.00482589 0.104632 1.07034 -0.004678905 0.104728 1.07038 0.002659976 0.290957 1.0704 -0.004671931 0.104583 1.07041 0.004812896 0.106073 1.07041 0.004817903 0.104495 1.07042 0.001663923 0.104489 1.07042 0.001663923 0.106077 1.07042 0.004841983 0.09771496 1.07043 -0.001510918 0.104489 1.07043 -0.001510918 0.106077 1.07045 -0.004659891 0.106075 1.07046 -0.004665911 0.104494 1.07046 0.004807949 0.106163 1.07047 -0.004657924 0.106117 1.07052 0.004806995 0.104311 1.07055 0.004796922 0.106289 1.07056 -0.004646897 0.10625 1.0706 -0.004649937 0.104269 1.07063 0.004796922 0.104188 1.07066 0.004793882 0.104164 1.07066 0.004784882 0.106398 1.07067 0.001664996 0.10416 1.07067 0.001664996 0.106406 1.07069 -0.001509964 0.10416 1.07069 -0.001509964 0.106406 1.0707 -0.00463891 0.104161 1.07071 -0.004637897 0.104153 1.07071 -0.004629909 0.106398 1.07082 0.004767954 0.10655 1.07082 -0.002523899 0.290957 1.07083 -0.004615962 0.106519 1.07092 0.004767 0.103949 1.07095 0.004753947 0.106637 1.07096 -0.004600942 0.106614 1.07098 0.004759967 0.10391 1.07099 0.004749894 0.106654 1.071 0.001666963 0.103908 1.071 0.001666963 0.106658 1.071 -0.004604995 0.103923 1.07101 -0.001507937 0.103908 1.07101 -0.001507937 0.106658 1.07103 -0.004601955 0.103909 1.07103 -0.004591882 0.106651 1.07106 0.004752933 0.103868 1.07114 -0.004588901 0.103849 1.07122 0.002728939 0.290957 1.07129 0.004716992 0.106795 1.0713 -0.004560947 0.10678 1.07137 0.004708886 0.106815 1.07137 0.004719913 0.103754 1.07138 0.001667976 0.10375 1.07138 0.001667976 0.106816 1.0714 -0.001506984 0.10375 1.0714 -0.001506984 0.106816 1.07141 0.004714906 0.103738 1.07141 -0.004547894 0.106815 1.07141 -0.004557967 0.103757 1.07144 0.004700899 0.106835 1.07145 -0.004542887 0.106826 1.0715 -0.004547894 0.103729 1.07151 -0.002618968 0.290957 1.07157 0.004698932 0.103709 1.07166 -0.004529953 0.103704 1.07178 0.004665911 0.106871 1.07178 0.004675984 0.103707 1.07179 0.001669943 0.103695 1.07179 0.001669943 0.106871 1.07181 -0.001504898 0.103695 1.07181 -0.001504898 0.106871 1.07182 -0.004509985 0.103707 1.07182 -0.004499912 0.106871 1.07188 -0.004522979 0.09744697 1.07195 0.004657924 0.103704 1.07203 -0.004485905 0.103709 1.0721 0.004640996 0.103729 1.07215 0.004624903 0.106826 1.07216 -0.00446099 0.106835 1.07219 0.004631996 0.103757 1.07219 -0.004466891 0.103738 1.07219 0.004621922 0.106815 1.0722 0.00167191 0.10375 1.0722 0.00167191 0.106816 1.07222 -0.001502931 0.10375 1.07222 -0.001502931 0.106816 1.07223 -0.004461944 0.103754 1.07223 -0.00445199 0.106815 1.07231 0.004608929 0.10678 1.07231 -0.00444293 0.106795 1.07246 0.004601955 0.10385 1.07254 -0.004424989 0.103868 1.07257 0.004580914 0.106651 1.07257 0.004588901 0.103909 1.07259 0.001673996 0.103908 1.07259 0.001673996 0.106658 1.0726 0.004585981 0.103923 1.0726 -0.001500964 0.103908 1.0726 -0.001500964 0.106658 1.07261 -0.004406929 0.106654 1.07262 -0.004415929 0.10391 1.07264 0.004572987 0.106614 1.07265 -0.004402995 0.106638 1.07268 -0.004407942 0.103949 1.07278 0.00455898 0.106519 1.07278 -0.004387915 0.10655 1.07289 0.004545927 0.106398 1.0729 0.00455296 0.104155 1.0729 0.00455296 0.104161 1.07291 0.001675963 0.10416 1.07291 0.001675963 0.106406 1.07293 -0.001498997 0.10416 1.07293 -0.001498997 0.106406 1.07294 -0.004369974 0.106398 1.07294 -0.004375994 0.104164 1.07297 -0.004371941 0.104188 1.073 0.00454092 0.104269 1.07304 0.004530966 0.106251 1.07305 -0.00435698 0.10629 1.07308 -0.004358947 0.104311 1.07313 0.004520893 0.106117 1.07314 -0.004345953 0.106164 1.07315 0.004523992 0.104494 1.07315 0.004518926 0.106075 1.07317 0.001676917 0.104489 1.07317 0.001676917 0.106077 1.07318 -0.001497924 0.104489 1.07318 -0.001497924 0.106077 1.07319 -0.004345953 0.104495 1.07319 -0.004340887 0.106073 1.0732 0.004517972 0.104584 1.07327 0.004509985 0.1047289 1.07327 -0.004334986 0.104632 1.07329 -0.002697885 0.290957 1.07329 0.004504919 0.105778 1.0733 0.004505932 0.104875 1.07331 0.004502952 0.105693 1.07331 -0.004326999 0.10583 1.07333 0.00167793 0.104872 1.07333 0.00167793 0.105694 1.07333 -0.004327893 0.1047829 1.07333 0.004500985 0.105622 1.07334 -0.001496911 0.104872 1.07334 -0.001496911 0.105694 1.07335 -0.004324913 0.104874 1.07335 -0.004321992 0.105694 1.07335 0.004499912 0.105092 1.07336 -0.004320979 0.105679 1.07336 0.004497945 0.105283 1.07337 0.004497945 0.105251 1.07338 0.00167793 0.105283 1.0734 -0.001496911 0.105283 1.0734 -0.004317939 0.105149 1.07341 -0.004316926 0.105283 1.07341 -0.004315972 0.105309 1.07346 -0.003962934 0.1906639 1.07368 0.002929925 0.290957 1.07369 0.001679897 0.09709995 1.07369 0.001679897 0.109093 1.0737 -0.001494944 0.09709995 1.0737 -0.001494944 0.109093 1.07373 0.002933979 0.290957 1.07402 9.4e-5 0.290957 1.07404 3.79e-4 0.290957 1.07404 -1.91e-4 0.290957 1.0741 6.59e-4 0.290957 1.0741 0.001626968 0.09702301 1.0741 0.001626968 0.109093 1.0741 -4.71e-4 0.290957 1.07411 -0.001438975 0.09702301 1.07411 -0.001438975 0.109093 1.07417 0.004079997 0.1906639 1.07419 9.3e-4 0.290957 1.0742 -7.41e-4 0.290957 1.07431 0.001186907 0.290957 1.07432 -9.97e-4 0.290957 1.07447 0.001425921 0.290957 1.07448 0.001470983 0.09694999 1.07448 0.001470983 0.109093 1.07449 -0.001233935 0.290957 1.0745 -0.001278996 0.09694999 1.0745 -0.001278996 0.109093 1.07466 0.001640975 0.290957 1.07468 -0.001447916 0.290957 1.07481 0.001219928 0.096888 1.07481 0.001219928 0.109093 1.07482 -0.001024961 0.096888 1.07482 -0.001024961 0.109093 1.07495 0.001064956 0.09686195 1.07496 -8.68e-4 0.09686195 1.07506 -0.00277698 0.290957 1.07507 8.93e-4 0.09684097 1.07507 8.93e-4 0.109093 1.07508 -6.95e-4 0.09684097 1.07508 -6.95e-4 0.109093 1.07512 0.001990914 0.290957 1.07513 -0.001792967 0.290957 1.07516 7.07e-4 0.09682297 1.07517 -5.08e-4 0.09682297 1.07523 5.1e-4 0.09681099 1.07523 5.1e-4 0.109093 1.07523 -3.11e-4 0.09681099 1.07523 -3.11e-4 0.109093 1.07527 3.07e-4 0.096803 1.07527 -1.07e-4 0.096803 1.07528 10e-5 0.09679996 1.07528 10e-5 0.109093 1.07565 0.002211928 0.290957 1.07567 -0.002007961 0.290957 1.07576 -0.002760887 0.290957 1.07616 0.002942979 0.290957 1.07622 0.002288997 0.290957 1.07624 -0.002079904 0.290957 1.07679 0.002216935 0.290957 1.07681 -0.002002954 0.290957 1.07732 0.002000927 0.290957 1.07734 -0.001782 0.290957 1.07765 -0.003529906 0.1906639 1.07778 0.001655936 0.290957 1.07779 -0.001432955 0.290957 1.07797 0.001442909 0.290957 1.07798 -0.001216948 0.290957 1.07812 0.003968954 0.09626197 1.07813 0.001205921 0.290957 1.07814 -9.79e-4 0.290957 1.07823 -0.002704918 0.290957 1.07826 9.5e-4 0.290957 1.07827 -7.22e-4 0.290957 1.07835 6.8e-4 0.290957 1.07836 -4.51e-4 0.290957 1.07836 0.003675997 0.1906639 1.07841 4e-4 0.290957 1.07841 -1.7e-4 0.290957 1.07843 1.15e-4 0.290957 1.07859 -0.003683984 0.09617799 1.07865 0.00295192 0.290957 1.07942 -0.003573 0.096022 1.07981 -0.002668917 0.290957 1.08041 0.003684937 0.09582799 1.0807 -0.002598941 0.290957 1.08093 -0.003371 0.09573596 1.08105 0.003605902 0.09570699 1.0811 0.002807915 0.290957 1.08317 -0.002405941 0.290957 1.08357 0.002662897 0.290957 1.08514 0.002569973 0.290957 1.08602 -0.002506971 0.1906639 1.08652 -0.002141952 0.290957 1.08673 0.002716898 0.1906639 1.08809 -0.001947999 0.290957 1.08849 0.002211928 0.290957 1.08889 0.002557933 0.09422796 1.08897 -0.002216935 0.094217 1.09093 -0.001905918 0.09384596 1.09195 0.002102971 0.09364998 1.093 -0.001339972 0.290957 1.09341 0.001687884 0.290957 1.09367 0.001659989 0.290957 1.09435 -0.001303911 0.1906639 1.09502 0.001485884 0.290957 1.09508 0.00157994 0.1906639 1.09536 -0.001047909 0.290957 1.0966 0.001410961 0.09277099 1.09673 -9.85e-4 0.09274995 1.09686 -9.64e-4 0.09272396 1.09709 0.001200914 0.290957 1.09776 0.001226902 0.09255295 1.09789 -6.41e-4 0.290957 1.09831 0.001023948 0.290957 1.09851 -6.35e-4 0.1906639 1.0988 9.53e-4 0.290957 1.09888 0.001048982 0.092341 1.09924 9.43e-4 0.1906639 1.09963 -4.88e-4 0.09219998 1.09982 7.98e-4 0.290957 1.10034 -2.48e-4 0.290957 1.10059 -2.83e-4 0.1906639 1.10067 7.56e-4 0.09200298 1.10069 6.61e-4 0.290957 1.10076 6.51e-4 0.290957 1.10095 6.2e-4 0.290957 1.1011 6.86e-4 0.09192198 1.10132 6.06e-4 0.1906639 1.10141 -1.82e-4 0.09186398 1.10156 -5.2e-5 0.290957 1.10171 4.97e-4 0.290957 1.10198 4.53e-4 0.290957 1.10212 4.3e-4 0.290957 1.10213 5.13e-4 0.09172695 1.10221 5e-4 0.09171199 1.10234 3.93e-4 0.290957 1.10236 4.33e-4 0.1906639 1.10255 2e-5 0.09164899 1.10257 3.54e-4 0.290957 1.10264 3.43e-4 0.290957 1.10266 8.2e-5 0.1906639 1.10266 1.25e-4 0.290957 1.10268 4.16e-4 0.091623 1.10273 4.4e-5 0.091614 1.10276 3.23e-4 0.290957 1.10277 4.09e-4 0.09160697 1.10278 1.47e-4 0.290957 1.10279 1.06e-4 0.1906639 1.10281 1.54e-4 0.290957 1.10283 3.09e-4 0.290957 1.10283 5.7e-5 0.091596 1.10284 5.8e-5 0.09159398 1.10284 5.9e-5 0.09159296 1.10285 1.58e-4 0.290957 1.10286 1.09e-4 0.1906639 1.10287 3.07e-4 0.290957 1.10288 6.5e-5 0.091587 1.10288 4.02e-4 0.09158599 1.10288 1.11e-4 0.1906639 1.10288 3.55e-4 0.1906639 1.10289 3.06e-4 0.290957 1.10289 3.97e-4 0.09158295 1.1029 1.14e-4 0.1906639 1.1029 6.9e-5 0.09158295 1.1029 1.61e-4 0.290957 1.1029 3.51e-4 0.1906639 1.1029 1.63e-4 0.290957 1.10291 7.4e-5 0.09158098 1.10291 3.92e-4 0.09158098 1.10291 3.04e-4 0.290957 1.10291 3.04e-4 0.290957 1.10291 1.19e-4 0.1906639 1.10291 1.65e-4 0.290957 1.10291 3.45e-4 0.1906639 1.10291 1.65e-4 0.290957 1.10291 3.23e-4 0.24081 1.10292 3.01e-4 0.290957 1.10292 1.44e-4 0.24081 1.10292 8.1e-5 0.09157896 1.10292 3.86e-4 0.09157896 1.10292 3e-4 0.290957 1.10292 3.41e-4 0.1906639 1.10292 3.82e-4 0.091578 1.10292 1.69e-4 0.290957 1.10292 1.27e-4 0.1906639 1.10292 1.69e-4 0.290957 1.10292 3.17e-4 0.24081 1.10293 1.5e-4 0.24081 1.10293 3.37e-4 0.1906639 1.10293 2.94e-4 0.290957 1.10293 8.8e-5 0.09157699 1.10293 1.31e-4 0.1906639 1.10293 3.75e-4 0.09157598 1.10293 1.76e-4 0.290957 1.10293 9.3e-5 0.09157598 1.10293 3.09e-4 0.24081 1.10293 1.37e-4 0.1906639 1.10293 2.86e-4 0.290957 1.10293 9.4e-5 0.09157598 1.10293 1.59e-4 0.24081 1.10293 1.81e-4 0.290957 1.10293 3.71e-4 0.09157496 1.10294 2.84e-4 0.290957 1.10294 3.26e-4 0.1906639 1.10294 1.85e-4 0.290957 1.10294 1.9e-4 0.290957 1.10294 2.76e-4 0.290957 1.10294 2.98e-4 0.24081 1.10294 2.73e-4 0.290957 1.10294 1.7e-4 0.24081 1.10294 3.62e-4 0.09157395 1.10294 2.66e-4 0.290957 1.10294 1.5e-4 0.1906639 1.10294 1.99e-4 0.290957 1.10294 2e-4 0.290957 1.10295 2.1e-4 0.290957 1.10295 3.12e-4 0.1906639 1.10295 2.52e-4 0.290957 1.10295 2.32e-4 0.290957 1.10295 2.23e-4 0.290957 1.10295 1.16e-4 0.09157299 1.10295 1.65e-4 0.1906639 1.10295 1.2e-4 0.09157198 1.10295 2.96e-4 0.1906639 1.10296 3.38e-4 0.09157097 1.10296 1.82e-4 0.1906639 1.10296 1.32e-4 0.09157097 1.10296 2.78e-4 0.1906639 1.10296 3.3e-4 0.09156996 1.10296 2.01e-4 0.1906639 1.10296 2.59e-4 0.1906639 1.10296 2.2e-4 0.1906639 1.10297 3.18e-4 0.09156996 1.10297 3.15e-4 0.09156996 1.10297 1.56e-4 0.091569 1.10297 1.58e-4 0.091569 1.10298 1.79e-4 0.09156799 1.10298 2.08e-4 0.09156799 1.10298 2.63e-4 0.09156697 1.10298 2.61e-4 0.09156697 1.10298 2.4e-4 0.09156697</float_array>
          <technique_common>
            <accessor source="#Shape_IndexedFaceSet_066-mesh-positions-array" count="798" stride="3">
              <param name="X" type="float"/>
              <param name="Y" type="float"/>
              <param name="Z" type="float"/>
            </accessor>
          </technique_common>
        </source>
        <source id="Shape_IndexedFaceSet_066-mesh-normals">
          <float_array id="Shape_IndexedFaceSet_066-mesh-normals-array" count="4488">-0.7419355 0.6704714 0 -0.7397607 -0.6728701 0 -0.8279106 0.5608497 -0.003448486 -0.7962248 0.605001 0 -0.9261454 0.3771666 0 -0.9262087 0.3770112 0 -0.9913214 0.1314606 0 -0.9901111 -0.1402852 0 -0.9901363 -0.1401073 0 -0.9225617 -0.3858498 0 -0.9225617 -0.3858495 0 -0.8189782 -0.5738247 0 -0.7896668 -0.613533 -0.001913666 -0.7401225 -0.6724722 0 -0.6083378 -0.7936783 0 -0.608437 -0.7936022 0 -0.37669 -0.9263395 0 -0.3767062 -0.9263328 0 -0.1263434 -0.9919866 0 -0.1263802 -0.9919819 0 0.1358894 -0.990724 0 0.1358742 -0.9907262 0 0.3872064 -0.921993 0 0.3872026 -0.9219948 0 0.6133544 -0.7898079 0 0.6133963 -0.7897754 0 0.9231064 -0.3845447 0 0.9487814 -0.3159162 -0.003295004 0.892452 -0.4511425 0 0.7961993 -0.6050345 0 0.8384104 -0.5450299 -0.003238379 0.7500239 -0.6614107 0 0.9912726 0.131821 -0.00138241 0.9975802 0.06952565 0 0.9924435 -0.1227037 0 0.9975268 -0.07024759 -0.002364277 0.9845264 -0.1752363 0 0.9193479 0.3934429 -0.001467764 0.9433124 0.3319066 0 0.9812909 0.1925309 0 -0.7421678 0.6702142 0 -0.6134089 0.7897655 0 -0.6133735 0.789793 0 -0.3871647 0.9220107 0 -0.3872218 0.9219866 0 -0.1358595 0.9907281 0 -0.1358894 0.990724 0 0.1263673 0.9919835 0 0.1263661 0.9919838 0 0.3766605 0.9263514 0 0.3767443 0.9263173 0 0.6041263 0.7968887 0 0.604126 0.7968888 0 0.7565236 0.6539664 0 0.7939495 0.6079825 -0.001301825 0.8282336 0.560383 0 0.8917638 0.4525013 0 1 0 0 0 0 1 -5.50693e-5 0 1 5.32619e-5 0 1 5.30406e-6 0 1 4.89629e-5 0 1 -4.24376e-5 0 1 5.17833e-5 0 1 -8.6076e-6 0 1 8.00883e-4 0 0.9999998 3.5562e-5 0 1 0.001279115 0 0.9999992 -0.001705527 0 0.9999986 0.00159806 0 0.9999988 0.001624584 0 0.9999987 -2.46429e-5 0 1 1.62341e-5 0 1 7.69385e-6 0 1 1.53591e-6 0 1 2.81408e-4 0 1 0.0102418 0 -0.9999476 -0.004486441 0 0.99999 0.004006981 0 0.9999921 -0.04536741 0 -0.9989704 -2.9508e-5 0 1 -8.3787e-5 0 1 4.35734e-5 0 1 4.3371e-5 0 1 7.45143e-5 0 1 -3.12437e-5 0 1 2.63187e-5 0 1 -5.69267e-5 0 1 -5.2693e-6 0 1 -6.16246e-5 0 1 1.12886e-5 0 1 -1.33821e-5 0 1 -9.56821e-6 0 1 5.22039e-5 0 1 -3.50362e-6 0 1 7.52245e-6 0 1 -2.35331e-5 0 1 1.66785e-5 0 1 -5.21445e-6 0 1 5.45691e-6 0 1 -4.55406e-6 0 1 4.54683e-5 0 1 7.26356e-6 0 1 -1.98576e-5 0 1 -5.00261e-6 0 1 1.15388e-5 0 1 -1.22827e-5 0 1 -5.72001e-5 0 1 5.60091e-6 0 1 1.99126e-6 0 1 1.39205e-5 0 1 -4.44051e-6 0 1 0.004541218 0 0.9999897 -5.58551e-5 0 1 8.16074e-5 0 1 -1.34828e-5 0 1 -5.54159e-5 0 1 1.23747e-4 0 1 -3.80789e-5 0 1 -2.14668e-5 0 1 4.25881e-6 0 1 1.95556e-5 0 1 2.36117e-5 0 1 -6.2987e-5 0 1 5.21544e-6 0 1 2.09218e-5 0 1 -6.48524e-5 0 1 9.39298e-6 0 1 1.26863e-5 0 1 -5.07259e-5 0 1 9.40928e-6 0 1 2.43998e-5 0 1 4.49613e-6 0 1 -5.77994e-5 0 1 5.94698e-5 0 1 -1.4767e-5 0 1 -1.58131e-5 0 1 2.52624e-5 0 1 -5.29645e-5 0 1 -1.92816e-5 0 1 0.002838253 0 0.999996 0 0 -1 -0.003784358 0 -0.9999929 0.005676507 0 0.9999839 -9.81239e-4 0 0.9999996 -1.27674e-4 0 1 3.22214e-6 0 1 -7.3021e-6 0 1 -5.40521e-5 0 1 4.12862e-6 0 1 4.5945e-5 0 1 -8.47086e-4 0 0.9999997 3.77997e-5 0 1 -1.96034e-5 0 1 9.435e-6 0 1 0.01362264 0 -0.9999073 -0.01238435 0 0.9999234 0.005045771 0 -0.9999873 -0.124256 -0.9911211 0.04732376 0.1609494 0.9869626 4.4766e-4 1 0 -1.9968e-4 0.7939593 -0.607971 2.68306e-4 -0.1906307 -0.9796061 0.0634967 -0.1045422 -0.9936097 0.04255378 -0.04429 -0.9985714 0.02989423 0.07151603 -0.9974005 0.008823573 0.1568436 -0.9876233 6.01208e-4 -0.7677627 0.6062346 0.2074131 -0.8604206 0.4538028 0.231818 -0.8372162 0.4981285 0.2256924 -0.8812389 0.4086737 0.2374947 -0.4584206 0.8796799 0.1265463 -0.4791895 0.8677468 0.1318829 -0.5206881 0.8416488 0.1432176 -0.5876344 0.7931693 0.1599012 -0.576946 0.8015239 0.1571397 -0.4186457 0.9005801 0.1170096 -0.4275116 0.896122 0.1191607 -0.4803801 0.8669653 0.1326887 -0.2878089 0.9540262 0.08366632 -0.307384 0.9474595 0.08851981 -0.3149837 0.9447652 0.09057575 -0.2994661 0.950161 0.08668422 -0.3413257 0.9348731 0.09751462 -0.3803561 0.9186558 0.106775 -0.3714751 0.9225379 0.1045476 -0.2676967 0.9602431 0.07919538 -0.3140184 0.9450961 0.09047657 -0.3060535 0.9478867 0.08855593 -0.2201073 0.973089 0.06819552 -0.244498 0.9668954 0.07303553 -0.2436586 0.9671226 0.07283246 -0.125274 0.9909658 0.04788905 -0.1587607 0.9858577 0.05366337 -0.1921668 0.979496 0.06049501 -0.1922893 0.9794702 0.06052356 -0.05496346 0.9980363 0.03004306 -0.05476742 0.9980483 0.03000253 -0.05707293 0.9979026 0.03055006 -0.05899137 0.9977775 0.03098618 -0.08483964 0.9957262 0.03649324 -0.08933454 0.9953014 0.03734427 -0.1174871 0.9921194 0.04354172 -0.08864855 0.9952874 0.03929924 0.004365503 0.9998221 0.0183475 0.003799259 0.9998225 0.01845443 0.01375776 0.9997615 0.01696079 0.03007793 0.9994533 0.01373219 0.02980136 0.9994609 0.01377868 0.04152911 0.9990632 0.01217126 0.0536679 0.9985095 0.009929299 0.05383259 0.9985009 0.009901046 0.06344759 0.9979468 0.008750617 0.07436132 0.9972073 0.006931126 0.0739063 0.9972407 0.006992638 0.08114767 0.9966823 0.006287157 0.08553379 0.9963192 0.005654692 0.09993809 0.9949861 0.003905951 0.09597575 0.995374 0.004376232 0.09716719 0.9952593 0.004178225 0.1039246 0.994583 0.002090573 0.08113884 0.9966847 0.006014406 0.09694451 0.9952841 0.003366351 0.1086593 0.9940784 0.001158773 0.103113 0.9946672 0.002244114 0.1030216 0.9946767 0.002270221 0.09580981 0.9953914 0.004066824 0.1021028 0.9947714 0.002246737 0.1042376 0.994551 0.001761317 0.1157301 0.993279 -0.00183928 0.09020292 0.9959015 0.006611406 0.1062802 0.9943358 9.76604e-4 0.09688568 0.9952836 0.004868388 0.125432 0.9921022 2.34315e-4 0.1002145 0.9949555 0.004530787 0.1107361 0.9938499 -3.39905e-4 0.1086581 0.9940751 0.002885043 0.1056795 0.9943939 0.003555595 0.1129687 0.9935972 0.001676678 0.1121436 0.9936917 8.81967e-4 0.1016327 0.9947942 -0.007450282 0.1116064 0.9937483 -0.002891302 0.1249506 0.9921115 0.01011621 0.1018329 0.9947786 -0.006758987 0.1154395 0.993309 0.003311634 0.1157531 0.9932781 0 0.1170882 0.9931193 0.002115607 0.1136366 0.993522 -9.56353e-4 0.1167716 0.9931576 0.001550436 0.1142686 0.9934498 -4.18888e-4 0.1186516 0.992931 0.003146767 0.1158049 0.9932717 8.96631e-4 0.1122528 0.993678 -0.001849591 0.1948499 0.9789357 0.06098031 0.1107847 0.9938384 0.003451704 0.1130824 0.9935811 0.002994656 0.1074122 0.9942068 0.003944456 0.1072496 0.9942239 0.004057705 0.1149596 0.9933667 0.002667725 0.1038348 0.9945843 0.004508912 0.1197791 0.9927988 0.001927375 0.102565 0.994715 0.004744529 0.114603 0.9934079 0.002686858 0.1087767 0.9940593 0.003730237 0.1089525 0.9940403 0.003650128 0.07587134 0.9970716 0.009588062 0.1138325 0.9934961 0.002812802 0.11055 0.993866 0.003063619 0.1019708 0.9947804 0.003744006 0.1128098 0.9936125 0.002858877 0.1000102 0.9949787 0.003939628 0.1073884 0.9942119 0.003277361 0.09964025 0.9950155 0.004022955 0.1046195 0.9945062 0.003515839 0.1020435 0.9947729 0.003766655 0.1049816 0.994468 0.003515422 0.1184458 0.9929581 0.00221455 0.08958303 0.9959671 0.004948735 0.1002091 0.9949585 0.003965139 0.1159092 0.9932569 0.002428054 0.08926039 0.9959945 0.005251169 0.0835157 0.9964909 0.005567371 0.1087871 0.9940641 0.001435399 0.114651 0.9934058 0 0.1164789 0.9931923 0.00141108 0.1176289 0.993055 0.002297639 0.1230265 0.9924015 0.00193113 0.1349245 0.9908552 0.001205086 0.1327732 0.9911453 0.001529037 0.1513471 0.9884805 6.43613e-4 0.1473037 0.9890912 5.79774e-4 0.1471785 0.9891098 5.84211e-4 0.1599171 0.9871304 4.78414e-4 0.1570065 0.9875975 4.89803e-4 0.1567833 0.987633 4.92581e-4 0.1641033 0.9864431 4.33528e-4 0.1607782 0.9869905 4.41423e-4 0.1616073 0.986855 4.35625e-4 0.07740861 0.9969995 7.92683e-5 0.06365573 0.997972 2.10375e-5 0.1759518 0.9843988 3.99496e-4 0.1609317 0.9869655 4.2605e-4 0.1657078 0.9861749 4.12001e-4 0.240846 0.9705634 4.2079e-4 0.4498521 0.8931031 3.727e-4 0.1960882 0.9805862 4.65727e-4 0.1483187 0.9889396 4.69049e-4 0.9999459 -0.01040029 0 1 0 1.01049e-4 0.7686582 0.6396599 2.45962e-4 0.8116593 0.5841312 2.10915e-4 0.6717509 0.7407772 2.71525e-4 0.7374133 0.6754418 2.30336e-4 0.9999927 -0.003812134 0 0.5757656 0.8176148 3.15829e-4 1 0 2.02107e-4 0.9817431 0.1902118 2.34659e-4 1 0 1.01051e-4 1 0 1.0105e-4 1 0 2.02095e-4 1 0 2.02099e-4 1 0 2.02099e-4 0.9041217 -0.427275 3.61086e-4 0.7706001 -0.637319 2.92008e-4 0.9224288 -0.3861674 2.21376e-4 0.8602716 -0.5098359 2.19884e-4 1 0 1.0105e-4 1 4.47408e-5 1.01046e-4 0.7399494 -0.6726625 3.05884e-4 0.7903952 -0.6125972 2.64203e-4 0.3737927 -0.9275122 4.06082e-4 0.5705996 -0.8212283 3.78893e-4 0.5706006 -0.8212277 3.78892e-4 0.6275305 -0.778592 3.56737e-4 0.4499468 -0.8930554 4.0431e-4 0.1472215 -0.9891034 4.61306e-4 0.1003414 -0.994953 5.06523e-4 0.9999103 0.01338756 -6.06067e-4 0.1480011 -0.9889872 4.58496e-4 0.09947919 -0.9950396 4.92702e-4 0.0427612 -0.9990853 5.10571e-4 0.1291612 -0.9916235 5.43195e-4 0.1815732 -0.9833774 5.05766e-4 0.1322888 -0.9912112 4.73593e-4 0.1745666 -0.9846453 4.22828e-4 0.1736597 -0.9848057 4.34607e-4 0.1694915 -0.9855316 3.99325e-4 0.1597647 -0.987155 6.26408e-4 0.1205019 -0.9927115 -0.00180155 0.1262716 -0.9919929 0.002363562 0.1281586 -0.991747 0.00363183 0.121055 -0.9926448 -0.001421272 0.1285293 -0.9916968 0.004198908 0.07802087 -0.9969288 0.006765842 0.1206095 -0.9926982 -0.001957952 0.1202443 -0.992742 -0.002187132 0.1341414 -0.990921 0.009033262 0.1278468 -0.9917818 0.004909753 0.1218789 -0.992545 1.77215e-4 0.1284049 -0.9917078 0.005266964 0.1215524 -0.992581 0.002869486 0.1245754 -0.9922065 0.002688944 0.1191033 -0.99288 -0.001966238 0.1151108 -0.9933397 -0.005093276 0.1137443 -0.9935095 0.00105673 0.1175804 -0.9930587 0.003068923 0.1139782 -0.9934782 0.003154814 0.1235794 -0.9923295 0.003241419 0.1036152 -0.9945985 0.006148636 0.1122346 -0.9936777 0.002839446 0.1114792 -0.9937629 0.002791941 0.1110094 -0.9938156 0.002758681 0.1142507 -0.9934518 7.47255e-4 0.1169613 -0.9931362 -7.61537e-4 0.1006864 -0.9948931 0.007080197 0.1116179 -0.9937493 0.001986563 0.1145648 -0.9934155 7.50589e-4 0.1061022 -0.9943467 0.004127681 0.1165512 -0.9931848 1.37889e-4 0.09771943 -0.9951908 0.006801903 0.1108866 -0.9938303 0.002379238 0.1142449 -0.993452 0.001161754 0.1194136 -0.9928447 0 0.1484073 -0.9889262 5.53166e-4 0.1243774 -0.9922314 0.00264877 0.08526951 -0.9963394 0.006071925 0.1167198 -0.9931593 0.003334879 0.1083582 -0.9941037 0.00407195 0.1120349 -0.9936973 0.003728449 0.11218 -0.993681 0.003738641 0.126782 -0.9919274 0.002540528 0.1119786 -0.9937037 0.003727734 0.11664 -0.9931684 0.003409385 0.1251702 -0.9921315 0.002775609 0.1149144 -0.9933692 0.003501236 0.1213101 -0.99261 0.003050386 0.1141816 -0.9934508 0.004278063 0.1281232 -0.9917564 0.001936852 0.1135324 -0.9935249 0.004355728 0.1204771 -0.992711 0.00322932 0.1018005 -0.9947855 0.006211161 0.1175386 -0.9930616 0.003686487 0.1154292 -0.9933074 0.004075109 0.1202916 -0.9927333 0.003251075 0.1249513 -0.9921597 0.00252223 0.109005 -0.9940285 0.005051076 0.1216614 -0.9925669 0.003084897 0.245397 0.9423248 0.2276058 0.1287254 -0.9916724 0.003956437 0.1796466 -0.9829956 0.03803676 0.1296591 -0.9915571 0.00174576 0.1261878 -0.9920036 0.002373754 0.1429428 -0.9897304 0.001179814 0.133096 -0.9910993 0.002764165 0.1423504 -0.9898153 0.001429557 0.1005585 -0.9949149 0.00569415 0.104261 -0.9945402 0.004436314 0.1105114 -0.9938677 0.003776073 0.1028154 -0.9946889 0.004820227 0.09525775 -0.9954376 0.005496203 0.095205 -0.9954426 0.005502164 0.08817774 -0.9960837 0.006489217 0.07039827 -0.9974709 0.009791076 0.08351337 -0.9964794 0.007382452 0.05238372 -0.9985582 0.01172739 0.04672181 -0.9988251 0.01287341 0.01781874 -0.9996793 0.01799505 0.03024476 -0.9994236 0.01542133 0.03021538 -0.9994243 0.01542884 -0.04425293 -0.9985734 0.02988213 -0.02069294 -0.999467 0.02525377 -0.02017879 -0.9994794 0.02517378 0.006586194 -0.9997833 0.01974916 0.005639493 -0.9997856 0.01992946 -0.08677124 -0.9954658 0.03896993 -0.1037352 -0.993702 0.04237323 -0.06879919 -0.9969779 0.03608334 -0.08412593 -0.9957202 0.03826534 -0.1511912 -0.9870707 0.05322307 -0.1504552 -0.987192 0.05305987 -0.1277037 -0.9906306 0.04840397 -0.1937674 -0.9790092 0.0632081 -0.2403483 -0.9677846 0.07500451 -0.2889116 -0.9534422 0.08647578 -0.2891656 -0.9533601 0.08653324 -0.2863232 -0.9542755 0.08589255 -0.2989738 -0.950099 0.08903229 -0.3190476 -0.9430565 0.09409111 -0.3305568 -0.9388139 0.09675085 -0.3453704 -0.9330745 0.1004557 -0.3376926 -0.9360683 0.0986917 -0.3526618 -0.9301177 0.1025227 -0.3864926 -0.9155914 0.1109777 -0.3990127 -0.9098456 0.1138857 -0.4030572 -0.9079331 0.1149028 -0.4215282 -0.8988515 0.1199174 -0.4597167 -0.8785815 0.1294417 -0.4663478 -0.8748298 0.1311206 -0.4817107 -0.8658227 0.1352992 -0.5156943 -0.8446236 0.1437728 -0.6190198 -0.7666387 0.1705281 -0.6124729 -0.7722621 0.1687845 -0.5400815 -0.8281141 0.1501306 -0.9596122 -0.08129215 0.269325 -0.5318732 -0.8338059 0.1479144 -0.8038621 -0.5533018 0.2183184 -0.7911441 -0.5725874 0.2150226 -0.7171497 -0.6687841 0.1960211 -0.6928238 -0.6957607 0.1895053 -0.6908675 -0.6978377 0.1890101 -0.8733028 -0.4261018 0.2361766 -0.8829485 -0.4042642 0.2386891 -0.9363069 -0.2438997 0.2526708 -0.9493692 -0.1819615 0.256102 -0.9646244 -0.04603916 0.259577 -0.9604282 -0.1035719 0.2585549 -0.9655788 0 0.2601107 -0.9541621 0.1537328 0.2567896 -0.9148095 0.3201818 0.2461853 -0.9151369 0.3191792 0.2462704 -0.9230585 0.2936328 0.2484811 -0.9385953 0.2349655 0.2526464 -0.9553689 0.1451956 0.2572713 -0.9554156 0.1448547 0.2572904 -0.9617127 0.08995926 0.2588748 -0.8345999 -0.5021296 0.2265151 -0.8346274 -0.5021357 0.2263999 -0.756215 -0.6212593 0.2053677 -0.8666957 -0.440147 0.2347538 -0.9116649 -0.3288766 0.2463887 -0.9117803 -0.3285462 0.2464026 -0.9257037 -0.2839086 0.2499373 -0.8840937 -0.4015293 0.2390665 -0.9506555 -0.1746299 0.2564344 -0.9494023 -0.1817485 0.2561302 -0.9484026 -0.1872618 0.2558624 -0.9655722 0 0.2601351 -0.8489837 -0.4765242 0.228367 -0.9631475 0.07102811 0.2594263 -0.6256079 -0.7608128 0.1725651 -0.5929068 -0.7884355 0.1638023 -0.5998777 -0.7827625 0.1656188 -0.3140165 -0.9448277 0.09324342 -0.2600533 -0.9623254 0.07938641 -0.3489652 -0.9316092 0.1016249 -0.2565274 -0.9632257 0.07993638 -0.2566476 -0.9632 0.07986247 -0.3119459 -0.9455633 0.09273576 -0.2882512 -0.9536404 0.08649456 -0.2882397 -0.9536403 0.0865345 -0.253648 -0.9641453 0.0780186 -0.2535747 -0.9641723 0.07792109 -0.2185631 -0.9733488 0.0694431 -0.326866 -0.940199 0.0958358 -0.407755 -0.9055956 0.1167588 -0.3876109 -0.915032 0.111689 -0.4183429 -0.9003702 0.1196783 -0.4229553 -0.8980566 0.1208437 -0.4181846 -0.9004545 0.1195973 -0.4729934 -0.8708842 0.1335591 -0.4150469 -0.9020845 0.1182363 -0.5397278 -0.8283202 0.1502658 -0.4238026 -0.8978521 0.1193861 -0.6047168 -0.7786968 0.1671794 -0.1241782 -0.9911306 0.04732722 -0.1573805 -0.9860058 0.05499124 -0.158053 -0.985891 0.05512106 -0.1865161 -0.980506 0.06180536 -0.185326 -0.9807471 0.06155937 -0.2167115 -0.9737904 0.06905341 -0.218738 -0.9733068 0.06948214 -0.2186158 -0.9733388 0.06941747 -0.1853837 -0.9807394 0.06150722 -0.1761198 -0.9826003 0.05897921 -0.1580477 -0.985892 0.05511909 -0.1242626 -0.9911203 0.04732441 -0.1241739 -0.9911321 0.04730761 -0.08676958 -0.995466 0.03897017 -0.07184505 -0.9967563 0.03626441 -0.1573629 -0.9859433 0.05614978 -0.13784 -0.9891115 0.05156326 -0.1865103 -0.9805092 0.06177109 -0.2624926 -0.9616248 0.07984638 -0.216687 -0.9737199 0.07011741 -0.2454942 -0.966327 0.07710206 -0.2455247 -0.966409 0.07596856 -0.06919437 -0.9969869 0.03506326 -0.056535 -0.9978686 0.03259021 -0.05653226 -0.997873 0.03246212 -0.02017909 -0.9994853 0.02494192 -0.02169346 -0.9994489 0.02512747 -0.04462164 -0.9985325 0.03068858 -0.04426938 -0.9985505 0.03061467 -0.07185536 -0.996789 0.03533494 -0.1363195 -0.989372 0.05059874 -0.1143302 -0.9923908 0.04570746 -0.1361778 -0.9893271 0.05184173 -0.1340801 -0.9896384 0.05136644 0.1668648 -0.9859797 6.5714e-4 0.1668593 -0.9859806 5.00819e-4 0.16942 -0.9855439 3.99988e-4 0.1586457 -0.9873352 9.15672e-4 0.1587517 -0.9873182 9.1304e-4 0.1587561 -0.9873176 6.43145e-4 0.1569212 -0.9876109 5.97683e-4 0.158382 -0.9873775 9.35819e-4 0.1587865 -0.9873125 9.21184e-4 0.1429407 -0.9897307 0.00108689 0.1228265 -0.9924237 0.002999544 0.1213107 -0.9926097 0.00310707 0.05158543 -0.9985982 0.01185584 0.06960302 -0.9975325 0.009194493 0.069606 -0.9975292 0.009528994 0.08817827 -0.9960807 0.006926953 0.07856124 -0.9968782 0.007871568 0.1028133 -0.9946897 0.004672467 0.1225929 -0.9924529 0.002890825 0.1228953 -0.9924156 0.002860784 0.07789516 -0.9969294 0.008019149 0.07838231 -0.9968918 0.007941246 0.04672229 -0.9988281 0.0126335 0.0227791 -0.999593 0.01717686 0.01781922 -0.9996786 0.01803559 0.02265012 -0.9995991 0.01699346 0.0229814 -0.9995926 0.01693207 0.3681168 -0.9297794 4.5942e-4 0.2898839 -0.9570617 4.61457e-4 0.1479223 -0.9889989 4.87555e-4 0.1969759 -0.9804082 4.65912e-4 0.0992195 -0.9950655 4.95321e-4 1 0 -3.99371e-4 0.0427398 -0.9990862 4.99814e-4 0.1961804 -0.9805678 4.459e-4 0.4498744 -0.8930919 4.04327e-4 0.4542453 -0.8908766 3.57431e-4 0.6264253 -0.7794815 2.65815e-4 0.5162131 -0.8564603 2.92065e-4 0.3681102 -0.9297821 3.49161e-4 0.9216623 -0.3879932 2.22389e-4 0.3681172 -0.9297794 4.0429e-4 0.830123 -0.5575803 2.5166e-4 0.8332104 -0.5529561 2.21842e-4 0.7364885 -0.6764501 2.67397e-4 0.7414647 -0.6709919 2.69198e-4 1 0 -1.99684e-4 0.7414581 0.6709992 3.76882e-4 0.7364884 0.6764501 3.74356e-4 0.8149796 0.5794896 3.25483e-4 1 0 1.99688e-4 1 0 1.01051e-4 0.7658593 0.6430082 2.96666e-4 1 0 2.02097e-4 1 0 2.02097e-4 1 0 2.02097e-4 0.8757146 0.4828292 1.03238e-4 0.8750929 0.483955 1.84452e-4 0.9216629 0.3879916 1.68707e-4 0.517376 0.8557583 4.0952e-4 0.523108 0.8522664 4.09192e-4 0.5219167 0.8529965 3.77593e-4 0.3689725 0.9294403 4.19497e-4 0.3681114 0.9297816 4.0429e-4 0.516213 0.8564602 4.12328e-4 0.5106198 0.8598066 2.88895e-4 0.5162202 0.8564559 2.92064e-4 0.3689755 0.9294391 3.82207e-4 0.3728467 0.9278929 4.46719e-4 0.620778 0.7839863 4.33867e-4 0.6264322 0.779476 2.34541e-4 0.7364953 0.6764428 2.00545e-4 1 0 1.99684e-4 0.196976 0.9804083 2.75334e-4 1 0 1.99687e-4 1 0 1.99687e-4 1 0 1.99686e-4 0.8108971 0.5851888 1.21444e-4 1 0 9.98431e-5 1 0 9.9843e-5 1 0 9.98433e-5 1 0 9.98434e-5 1 0 9.98431e-5 1 0 9.98431e-5 0.8596454 -0.5108913 2.27196e-4 0.7087144 -0.7054955 3.18421e-4 1 0 9.98434e-5 0.5162199 -0.8564561 4.46686e-4 0.5752171 -0.8180007 4.10221e-4 0.04979348 0.9987595 4.82245e-4 0.04979526 0.9987593 4.82246e-4 0.196976 0.9804082 4.62168e-4 0.09922045 0.9950654 4.53042e-4 0.6761961 0.7367216 2.81651e-4 0.2885518 0.9574643 3.64923e-4 0.1672869 0.9859082 4.268e-4 0.1552824 0.9878701 4.53068e-4 0.1483358 0.988937 4.73415e-4 0.1645312 0.9863718 5.12024e-4 0.1957719 0.9806494 5.46538e-4 0.1640863 0.986446 4.25066e-4 0.162159 0.9867646 4.17702e-4 0.1658223 0.9861556 4.26456e-4 0.1555435 0.987829 5.2842e-4 0.1417573 0.9899012 7.39576e-4 0.1599176 0.9871303 4.50111e-4 0.1610049 0.9869536 4.56254e-4 0.1597397 0.9871592 4.5158e-4 0.1363635 0.9906584 0.001010596 0.1435734 0.9896393 8.63203e-4 0.1513527 0.9884797 6.05561e-4 0.1432538 0.9896858 5.29838e-4 0.1502395 0.9886496 5.60539e-4 -0.1787948 0.9822925 0.05598151 -0.2665206 0.9606019 0.07880771 -0.2360892 0.9691063 0.07137876 -0.2379447 0.9686149 0.07188552 -0.2036413 0.9769744 0.06365072 -0.2026944 0.9771877 0.06339734 -0.1748318 0.9829577 0.05681538 -0.1761246 0.9827072 0.05715763 -0.1498841 0.9873845 0.05105668 -0.1499306 0.9873784 0.05103564 -0.1660519 0.9846137 0.05443149 -0.1761494 0.9827024 0.05716115 -0.2027077 0.9771829 0.06342911 -0.2026861 0.9771876 0.06342619 -0.2394551 0.9682152 0.072254 -0.2380184 0.9685991 0.07185417 -0.2766955 0.9575138 0.08128422 -0.3189305 0.9433318 0.09169787 -0.3123123 0.9456905 0.09017038 -0.3433105 0.934105 0.09790736 -0.344698 0.9335591 0.09823894 -0.3734144 0.9216502 0.1054636 -0.6807806 0.7088353 0.1846355 -0.6832366 0.7063068 0.1852528 -0.5930947 0.7887122 0.161777 -0.5863167 0.794103 0.1601042 -0.5186648 0.8430043 0.1425862 -0.5266908 0.8376727 0.1445728 -0.467691 0.8743665 0.1294149 -0.4622672 0.8774414 0.1280851 -0.4137262 0.9030207 0.115691 -0.4156635 0.9020699 0.1161635 -0.3737924 0.9214869 0.1055519 -0.3734004 0.9216563 0.1054598 -0.3457794 0.9331309 0.09850686 -0.3445693 0.9336078 0.09822678 -0.313019 0.9454395 0.09035128 -0.3121958 0.9457304 0.09015536 -0.2786396 0.9569028 0.08183544 -0.2787002 0.9568929 0.08174526 -0.288678 0.9537473 0.08385121 -0.7764195 0.5943103 0.2096859 -0.7893369 0.5757467 0.2132213 -0.7893856 0.5757244 0.2131008 -0.7971127 0.5641562 0.2152654 -0.8125874 0.5400799 0.219124 -0.6157006 0.7699335 0.1676758 -0.683046 0.7064469 0.1854213 -0.6768321 0.7128071 0.1838597 -0.5863072 0.7940744 0.1602798 -0.6394301 0.7490076 0.1735419 -0.5091125 0.8491848 0.14032 -0.5266741 0.83763 0.1448803 -0.4885402 0.8619773 0.1353648 -0.4622438 0.8773786 0.1285979 -0.4908208 0.8606319 0.1356749 -0.4155212 0.9020974 0.1164577 -0.4977092 0.8565124 0.1366453 -0.3334946 0.9378986 0.09553909 -0.3851675 0.916431 0.1086298 -0.3120723 0.9456675 0.09123581 -0.3432589 0.9339994 0.09908831 -0.3219473 0.9420734 0.09406173 -0.3189958 0.9431507 0.09331947 -0.3214837 0.9422485 0.09389275 -0.2887299 0.9535601 0.08578026 -0.3119346 0.9457186 0.09117615 -0.2664877 0.9605122 0.08000433 -0.3246124 0.9412246 0.09339702 -0.2360721 0.969078 0.0718187 -0.3129632 0.9456552 0.08826345 -0.1816349 0.9815721 0.0593726 -0.1803864 0.9818202 0.05907511 -0.2036131 0.9768752 0.0652436 -0.1802429 0.9818073 0.05972462 -0.1748446 0.9828675 0.05831664 -0.1831284 0.9812423 0.06022924 -0.1389986 0.989085 0.04889184 -0.1200878 0.991762 0.04457777 -0.1200877 0.991778 0.04422134 -0.1200678 0.9917795 0.04424136 -0.1200659 0.9917809 0.04421472 -0.08484214 0.9957271 0.03645998 -0.07094252 0.9969016 0.0339778 -0.05707222 0.9979019 0.03057384 -0.02206081 0.999482 0.02343374 -0.02205997 0.9994792 0.0235508 -0.02387356 0.999427 0.02399778 -0.08175122 0.9959912 0.03630959 -0.08140242 0.9960224 0.03623831 -0.07095146 0.9969199 0.03341698 -0.07946032 0.9962183 0.03514575 -0.02251899 0.9994705 0.02348822 -0.003702998 0.9997846 0.02042174 0.01375848 0.9997583 0.01714676 -0.003589868 0.9998001 0.01967191 0.04152673 0.9990658 0.01197022 0.05867284 0.9982297 0.009753882 0.06344836 0.9979444 0.009019017 0.05860966 0.9982353 0.009561121 0.08114504 0.9966813 0.006476938 0.0590927 0.9982158 0.008568406 0.09597408 0.9953737 0.004488706 0.1062654 0.9943307 0.003780841 0.1138367 0.993495 0.003005146 0.1059144 0.9943704 0.003148555 0.1349249 0.9908552 0.001180171 0.1066126 0.9943005 7.05741e-4 0.1279246 0.9917834 0.001006782 -0.4136293 0.9030708 0.1156466 -0.418821 0.900512 0.1169072 -0.4675851 0.8744344 0.1293403 -0.4583014 0.879664 0.1270878 -0.5189132 0.8428355 0.1426793 -0.5205602 0.8417524 0.1430739 -0.5933554 0.788487 0.1619192 -0.5955436 0.7867252 0.1624547 -0.6808639 0.7087447 0.1846763 -0.6690725 0.7206416 0.1817076 -0.6725049 0.7172174 0.1825827 -0.3412621 0.9349094 0.09738874 -0.3466266 0.9327985 0.09867608 -0.3147016 0.9448475 0.09069883 -0.3138195 0.9451597 0.09050154 -0.2878303 0.9539853 0.08405846 -0.2864708 0.9544218 0.08374732 -0.2675269 0.9602999 0.07907962 -0.2707202 0.9593425 0.07982879 -0.2201308 0.9731335 0.06748217 -0.235286 0.9693735 0.07039612 -0.2039283 0.9769123 0.06368577 -0.1280485 0.9907128 0.04573607 -0.1631432 0.985138 0.05373585 -0.1631369 0.9851204 0.05407613 -0.1624501 0.9852445 0.05388408 -0.162459 0.9852427 0.05388945 -0.2038694 0.9769255 0.06366956 -0.2027096 0.9771879 0.0633462 -0.23527 0.9693218 0.07115739 -0.2395272 0.9681891 0.07236438 -0.2705661 0.9593772 0.07993453 -0.2767723 0.9574656 0.08158934 -0.2863131 0.9544699 0.08373886 -0.3130197 0.9454379 0.09036606 -0.3137307 0.9451872 0.0905227 -0.3456782 0.9331694 0.09849613 -0.3466204 0.9327952 0.09872955 -0.3741003 0.9213525 0.1056345 -0.3742007 0.9213068 0.1056779 -0.375991 0.9205277 0.1061115 -0.3760867 0.9205226 0.1058152 -0.3777414 0.919798 0.1062227 -0.2174309 -0.9736446 0.06884771 -0.2174379 -0.9736205 0.06916433 -0.2563483 -0.9633841 0.07859289 -0.256336 -0.9633833 0.07864218 -0.2914136 -0.9526071 0.08728021 -0.2566121 -0.9633688 0.07791572 -0.2565941 -0.9633156 0.07863116 -0.2892017 -0.953338 0.0866543 -0.2919288 -0.9524388 0.08739554 -0.3189558 -0.9430873 0.09409379 -0.3171886 -0.9437289 0.09363359 -0.3452368 -0.9331046 0.1006358 -0.3437262 -0.933704 0.1002451 -0.3865754 -0.915553 0.1110056 -0.3872924 -0.9152262 0.1112015 -0.4214813 -0.8988825 0.1198498 -0.4229939 -0.8981172 0.1202567 -0.4815188 -0.8659516 0.1351579 -0.4776381 -0.8682591 0.1341187 -0.5414965 -0.8271266 0.1504768 -0.1242627 -0.9910994 0.04775738 -0.1242771 -0.9911181 0.04732918 -0.1716334 -0.9834371 0.05825477 -0.17163 -0.9834356 0.0582897 -0.216922 -0.97374 0.06910413 -0.2169886 -0.9737257 0.0690962 -0.2546827 -0.9638555 0.07822686 -0.2546521 -0.9638788 0.07804006 -0.2665199 -0.9604071 0.08114993 -0.2663791 -0.9603449 0.08234155 -0.2601375 -0.9621904 0.08073568 -0.1716402 -0.9834017 0.05883008 -0.1716366 -0.9834366 0.05825364 -0.2169883 -0.973727 0.06907802 -0.2184698 -0.9733657 0.06950008 -0.2551491 -0.9637175 0.07840639 -0.2551202 -0.963739 0.07823562 -0.2914196 -0.952616 0.08716267 -0.2939381 -0.9517803 0.08783388 -0.317269 -0.9437031 0.09362041 -0.3142319 -0.9447963 0.09283542 -0.3433669 -0.9338523 0.1000949 -0.3489618 -0.9316176 0.1015599 -0.3873874 -0.915183 0.1112257 -0.3876225 -0.9150769 0.1112788 -0.4227773 -0.8982298 0.1201781 -0.4229798 -0.898127 0.120233 -0.4776288 -0.8682577 0.1341626 -0.472882 -0.8710463 0.1328946 -0.5416148 -0.8270428 0.150512 -0.5395843 -0.828468 0.1499652 -0.6189553 -0.7667173 0.1704089 -0.6254713 -0.7610139 0.1721729 -0.7170855 -0.6688946 0.1958789 -0.7077484 -0.6794986 0.1933236 -0.7504274 -0.6284866 0.2046054 -0.9656689 0 0.2597765 -0.9566568 0.1360447 0.257487 -0.9231365 0.2933615 0.2485116 -0.9166523 0.3143627 0.2468297 -0.8811999 0.4087965 0.237428 -0.8884489 0.3916546 0.2393016 -0.8287218 0.5130354 0.2236403 0.05980896 -0.9982098 4.81771e-4 0.09995299 -0.9949921 4.57637e-4 0.1817429 -0.9833461 4.35066e-4 0.2271406 -0.973862 3.59885e-4 0.1736527 -0.9848069 4.304e-4 0.1800402 -0.9836592 2.8061e-4 0.1588574 -0.9873013 7.37343e-4 -9.00523e-6 0 -1 1.17258e-5 0 -1 1.18433e-5 0 -1 5.96949e-6 0 -1 1.17536e-5 0 -1 -1.17114e-5 0 -1 -1.17336e-5 0 -1 -1.76472e-5 0 -1 -1.19195e-5 0 -1 -5.84583e-6 0 -1 -2.33709e-5 0 -1 2.35058e-5 0 -1 -3.52664e-5 0 -1 5.8448e-6 0 -1 3.9455e-5 0 -1 -1.18129e-5 0 -1 2.9313e-6 0 -1 8.97428e-6 0 -1 -1.17277e-5 0 -1 -1.18711e-5 0 -1 -6.00253e-6 0 -1 -1.18054e-5 0 -1 1.18712e-5 0 -1 1.17336e-5 0 -1 1.75794e-5 0 -1 1.16632e-5 0 -1 5.86603e-6 0 -1 2.33759e-5 0 -1 -2.35063e-5 0 -1 3.52592e-5 0 -1 -5.8448e-6 0 -1 -3.9455e-5 0 -1 1.18129e-5 0 -1 -2.9313e-6 0 -1 5.86322e-6 0 -1 -0.5982773 -0.7973579 0.07927638 -0.5981273 -0.7974725 0.07925593 -0.3769127 -0.9248868 0.05021178 -0.376802 -0.9249327 0.05019724 -0.1254242 -0.9919551 0.01714336 -0.1235468 -0.9921948 0.01690256 0.1339877 -0.9908371 -0.01700544 0.1338868 -0.990851 -0.01699239 0.3843487 -0.9218323 -0.0500127 0.3843488 -0.9218323 -0.05001276 0.6036732 -0.793311 -0.0789712 0.6024204 -0.7942786 -0.07881081 0.7470871 -0.6574707 -0.09794491 0.7458772 -0.6588675 -0.09778004 0.8249569 -0.5547309 -0.108259 0.826319 -0.5526638 -0.1084426 0.8993569 -0.4209507 -0.1181432 0.9000855 -0.4193633 -0.1182398 0.9416867 -0.3128953 -0.1237853 0.9415004 -0.3134654 -0.1237607 0.9699209 -0.207315 -0.1275693 0.9697942 -0.207918 -0.1275516 0.9908509 -0.0346626 -0.130434 0.989107 -0.06881475 -0.1301224 0.9890525 0.06944221 -0.1302041 0.9890958 0.06881392 -0.1302088 0.9763481 0.1738016 -0.1285985 0.9697613 0.207911 -0.1278135 0.9303998 0.3453934 -0.1227186 0.9308022 0.3442887 -0.1227707 0.8849406 0.4508189 -0.1168012 0.8987472 0.4221391 -0.118542 0.8240385 0.5559894 -0.108796 0.8077197 0.5798288 -0.1067128 0.7442839 0.6605729 -0.09841263 -0.6110489 0.787545 0.07995206 -0.3842366 0.9218795 0.05000478 -0.3843722 0.9218221 0.05002188 -0.1338868 0.9908509 0.01699894 -0.1337423 0.9908708 0.01697963 0.1235468 0.992195 -0.01689606 0.1251806 0.9919863 -0.01711684 0.3770233 0.9248406 -0.05023211 0.3695036 0.9279251 -0.04921579 0.5981289 0.7974748 -0.07921969 0.6064822 0.7910266 -0.08035206 0.7439728 0.6609293 -0.09837132 -0.7422065 -0.6629465 0.09814041 -0.7445947 -0.6602157 0.09845793 -0.8234539 -0.5568591 0.1087732 -0.8243233 -0.5555488 0.108888 -0.8853671 -0.4499664 0.1168565 -0.884689 -0.4513219 0.1167652 -0.9414857 -0.3133529 0.1241559 -0.9412985 -0.3139247 0.1241312 -0.9696343 -0.2085137 0.1277948 -0.9697614 -0.207911 0.1278119 -0.9890879 -0.06881344 0.1302685 -0.9890448 -0.06944167 0.1302624 -0.9890993 0.06881421 0.1301816 -0.9890727 0.06920087 0.1301783 -0.9763662 0.1738184 0.1284382 -0.9761525 0.1750351 0.1284103 -0.9416868 0.3128953 0.1237846 -0.9418729 0.3123249 0.1238091 -0.8864275 0.4479867 0.1164231 -0.8858572 0.4491324 0.1163487 -0.8248358 0.5549131 0.1082471 -0.825245 0.5542941 0.1083002 -0.7477053 0.6567555 0.09802609 -0.7467781 0.6578277 0.09790462 -0.6109187 0.7876478 0.07993417 -0.004619717 0.999989 7.51107e-4 -0.006155729 0.9999811 7.33742e-5 -0.005056023 0.999987 -6.89079e-4 -0.004622042 0.9999892 5.6171e-4 -0.004841983 0.9999883 0 -0.004520595 0.9999896 -5.49413e-4 -0.005163729 0.9999865 6.43579e-4 -0.002296388 0.9999973 -3.35531e-4 -0.00655502 0.9999786 0 -0.001315176 0.9999992 1.92168e-4 -0.004817843 0.9999885 1.29483e-4 -0.005193352 0.9999865 4.4992e-5 -0.004516601 0.9999896 -6.70026e-4 -0.005301296 0.9999854 0.001074492 -0.004857182 0.9999882 -1.91693e-6 -0.002168178 0.9999971 0.001060843 -0.005079507 0.9999871 5.36377e-5 -0.005908846 0.9999825 -7.02038e-5 -0.004413127 0.9999903 9.26685e-5 -0.006241738 0.9999806 -3.61515e-5 -0.004557192 0.9999896 -2.0224e-4 -0.005837023 0.999983 1.63941e-4 -0.005222082 0.9999864 -1.13027e-4 -0.004849076 0.9999882 -3.578e-4 -0.005062818 0.9999872 -1.72773e-4 -0.004856824 0.9999881 -3.81602e-4 -0.00403428 0.9999856 0.003546476 -0.005151927 0.999986 -0.00126338 -0.135249 0.9908117 0 -0.1352459 0.9908121 0 -0.3794122 0.9252278 0 -0.3797059 0.9251073 0 -0.6217864 0.783187 0 -0.6217222 0.7832379 0 -0.7467643 0.6650888 0 -0.7853298 0.6190767 -0.001052498 -0.8217911 0.5697889 0 -0.9007847 0.4342663 0 -0.9314708 0.363814 -0.001284062 -0.9563338 0.2922766 0 -0.9815547 0.1911816 0 -0.9926325 0.1211581 -0.001223027 -0.9988351 0.04825448 0 -0.9988351 -0.04825448 0 -0.9925969 -0.1214495 -0.001227974 -0.9813777 -0.1920887 0 -0.9424121 -0.3344541 0 -0.9224578 -0.3860971 -9.25531e-4 -0.9004472 -0.4349656 0 -0.8205109 -0.571631 0 -0.7823628 -0.6228221 -0.001068651 -0.7421703 -0.6702114 0 -0.6055315 -0.7958215 0 -0.6051784 -0.79609 0 -0.3799105 -0.9250233 0 -0.379661 -0.9251257 0 -0.1280237 -0.9917711 0 -0.1280269 -0.9917708 0 0.005012094 -0.9999874 5.52323e-4 0.006250143 -0.9999806 3.61591e-5 0.001501798 -0.9999989 -1.82894e-4 0.006344854 -0.9999799 0 0.00254184 -0.9999967 3.09554e-4 0.004692435 -0.999989 3.03969e-4 0.005097806 -0.9999869 -5.1569e-4 0.004818379 -0.9999884 0 0.005142629 -0.9999865 7.50292e-4 0.004585742 -0.9999893 -6.69039e-4 0.003836989 -0.9999927 -1.33098e-4 0.0060575 -0.9999817 1.12154e-4 0.005349755 -0.9999857 -2.57195e-6 0.004814684 -0.9999884 -1.22433e-4 0.004781782 -0.9999886 -1.31955e-4 0.004831671 -0.9999884 -1.14254e-4 0.003772437 -0.9999893 0.002659201 0.005247056 -0.9999858 -9.32053e-4 8.45164e-4 -0.9999901 0.004378974 0.004853427 -0.9999883 -4.97259e-5 0.005119025 -0.9999863 0.001099765 0.004739105 -0.9999888 -3.39513e-4 0.004743099 -0.9999887 4.25372e-4 0.004844605 -0.9999883 3.38426e-4 0.005350172 -0.9999857 6.47508e-6 0.005942761 -0.9999824 -2.60929e-4 0.004038572 -0.9999919 2.9152e-4 0.006156802 -0.9999811 -7.33033e-5 8.29497e-5 0 -1 -2.60463e-5 0 -1 6.41774e-6 0 -1 -9.20408e-5 0 -1 3.52508e-7 0 -1 0 0 -1 1.80686e-5 0 -1 -1.62707e-5 0 -1 1.26743e-5 0 -1 -2.37299e-5 0 -1 8.24955e-5 0 -1 -7.69484e-5 0 -1 5.10849e-5 0 -1 -5.80207e-5 0 -1 1.07841e-4 0 -1 -0.7041181 0.7100828 0 -0.704443 0.7097606 0 -0.5342399 0.845333 0 -0.5346058 0.8451016 0 -0.3283617 0.9445521 0 -0.3283897 0.9445424 0 -0.1149504 0.9933713 0 -0.1149381 0.9933727 0 -0.1052703 -0.9944437 0 -0.1052526 -0.9944456 0 -0.3250226 -0.9457063 0 -0.3251418 -0.9456654 0 -0.5219526 -0.8529745 0 -0.5219011 -0.8530061 0 -0.6928092 -0.721121 0 -0.6929931 -0.7209443 0 -0.184688 0.001580953 -0.982796 -0.1857228 -9.68691e-4 -0.9826018 -0.1853567 -8.59566e-4 -0.982671 -0.1873182 -8.97172e-4 -0.9822989 -0.1852046 -0.001753926 -0.9826985 -0.1860635 -7.99999e-4 -0.9825374 -0.185299 -4.93916e-4 -0.9826821 -0.185656 -4.44787e-4 -0.9826148 -0.1859704 -7.82975e-4 -0.982555 -0.1855571 -5.68741e-4 -0.9826334 -0.1848211 -0.01631522 -0.9826368 -0.1850637 -0.01142209 -0.9826602 -0.1858144 -0.001784324 -0.9825834 -0.1844482 0.004010736 -0.9828341 -0.1863401 -0.003520131 -0.9824791 -0.1856633 -0.001728534 -0.982612 -0.185696 -0.003183066 -0.9826022 -0.1854419 0.00754249 -0.9826264 -0.1857907 -0.005174219 -0.9825757 -0.1856871 -0.001600563 -0.9826077 -0.1858116 -6.93553e-5 -0.9825854 -0.1855369 -7.57603e-4 -0.982637 -0.1857933 -0.00101763 -0.9825884 -0.1858611 -0.001038372 -0.9825755 -0.1857026 -9.741e-4 -0.9826055 -0.1845571 7.70363e-4 -0.9828215 -0.1855816 -4.69992e-4 -0.9826288 -0.186477 -0.002173542 -0.982457 -0.1855437 -6.7396e-4 -0.9826358 -0.1846152 0.001438915 -0.9828099 -0.1859298 -0.001820266 -0.9825614 -0.1851242 0.001262962 -0.9827144 -0.1859189 -0.001693606 -0.9825637 -0.185553 -2.35932e-4 -0.9826343 -0.1864822 -0.002364993 -0.9824555 -0.1854894 2.551e-4 -0.9826463 -0.18568 -0.001207768 -0.9826095 -0.1858313 -0.002163767 -0.9825793 -0.1860269 -0.003260254 -0.9825393 -0.1855104 -5.79084e-4 -0.9826422 -0.1841073 0.006295323 -0.9828861 -0.1857106 -0.003760159 -0.9825974 -0.1856645 0.001265704 -0.9826124 -0.1387964 -0.005852818 -0.9903036 -0.1859739 -0.007703721 -0.9825245 -0.1855558 0.001028358 -0.9826332 -0.1888307 -0.06026268 -0.9801589 -0.1852506 0.00291264 -0.9826871 -0.1854205 8.58475e-4 -0.9826589 -0.1860211 -0.004049479 -0.9825375 -0.1811206 0.03301537 -0.9829066 -0.1856387 -0.001219332 -0.9826173 -0.1857575 0.001565992 -0.9825944 -0.1855681 -0.005149602 -0.9826179 -0.18541 -0.01123154 -0.9825971 -0.1856959 0.002561688 -0.982604 -0.1857993 0.009046852 -0.9825462 -0.1856503 -0.0056445 -0.9825997 -0.1861685 0.001327335 -0.982517 -0.1856453 -8.45385e-4 -0.9826166 -0.1854539 0.002045691 -0.9826508 -0.1857033 -9.44657e-4 -0.9826055 -0.1856626 -9.02102e-4 -0.9826132 -0.1854365 0.001906037 -0.9826544 -0.1860342 -0.004459977 -0.9825332 -0.1862843 -0.006977379 -0.9824712 -0.185436 -0.004648685 -0.9826454 -0.1856695 1.63235e-4 -0.9826123 -0.1858434 0.003535151 -0.982573 -0.1858261 -5.996e-4 -0.9825825 -0.1862149 7.34597e-4 -0.9825088 -0.1860929 2.4919e-4 -0.9825322 -0.185208 -0.002662479 -0.9826958 -0.1847664 -0.004193961 -0.9827736 -0.1861032 9.11712e-4 -0.9825298 -0.1855759 -0.001442551 -0.982629 -0.1854885 -0.001682698 -0.9826451 -0.1854537 -0.001643538 -0.9826517 -0.1856624 -0.001121938 -0.982613 -0.1852105 -0.002332925 -0.9826961 -0.1850757 -0.001480937 -0.9827232 -0.1858083 -0.001285552 -0.9825853 -0.1856737 -0.001403152 -0.9826105 -0.1857017 -0.001387715 -0.9826052 -0.1874726 8.69438e-4 -0.9822695 -0.1857716 -8.8969e-4 -0.9825926 -0.1856212 -0.001163125 -0.9826207 -0.1851176 -0.001736402 -0.9827149 -0.1851334 -0.001666665 -0.9827121 -0.1862752 1.86334e-4 -0.9824977 -0.1852061 -0.002250671 -0.9826971 -0.1856223 -6.23002e-4 -0.982621 -0.1851366 -9.21323e-4 -0.9827125 -0.1876446 0.002949416 -0.9822326 -0.1855217 -8.60236e-4 -0.9826398 -0.1843501 4.58236e-4 -0.9828605 -0.186257 -0.001499533 -0.9825 -0.1854746 -3.68779e-4 -0.9826491 -0.1867712 -0.0102024 -0.9823505 -0.1842615 0.01025921 -0.9828238 -0.1856234 -4.86411e-4 -0.982621 -0.1854719 -0.001940727 -0.9826477 -0.1857703 -2.1948e-4 -0.9825932 -0.18567 -8.78229e-4 -0.9826118 -0.1861082 0.002040028 -0.9825272 -0.1853186 -0.003407597 -0.9826726 -0.1883567 0.02234441 -0.9818465 -0.1853035 -0.004012167 -0.9826732 -0.1858037 4.68423e-4 -0.9825868 -0.1852719 -0.004636108 -0.9826765 -0.1859425 0.0020805 -0.9825584 -0.1849331 -0.009237051 -0.9827077 -0.1857615 4.55188e-4 -0.9825949 -0.1981077 0.2351153 -0.9515641 -0.1855431 -0.002952814 -0.9826318 -0.1845599 0.001367449 -0.9828204 -0.1857057 -9.74002e-4 -0.9826049 -0.1857789 -9.42865e-4 -0.9825911 -0.1859003 -0.001426815 -0.9825676 -0.1854293 -3.14603e-4 -0.9826576 -0.1891893 0.02388501 -0.9816501 -0.184611 -0.008797585 -0.9827723 -0.1861246 0.00275743 -0.9825223 -0.1937029 -0.007748067 -0.9810297 -0.1860904 -5.31068e-4 -0.9825325 -0.1853834 -6.56601e-4 -0.982666 -0.1874784 6.74119e-5 -0.9822688 -0.1869031 -0.002009332 -0.9823763 -0.184796 -1.34097e-4 -0.9827769 -0.1852872 -4.39418e-4 -0.9826844 -0.1986946 0.002437949 -0.9800584 -0.175642 -0.01204526 -0.9843805 -0.185644 -2.66934e-4 -0.9826171 -0.1856341 -5.31247e-4 -0.9826188 -0.1855732 -0.002610683 -0.982627 -0.1871522 0 -0.9823309 -0.1871487 0 -0.9823316 -0.1856595 -9.07131e-4 -0.9826138 -0.1836344 -0.00257188 -0.9829912 -0.1862339 3.31159e-4 -0.9825054 -0.1863211 -0.002171576 -0.9824866 -0.185163 -6.24342e-4 -0.9827076 -0.1886215 -0.002335846 -0.9820471 -0.1858981 -7.72137e-4 -0.9825687 -0.186006 -7.76471e-4 -0.9825484 -0.1860377 -8.3565e-4 -0.9825423 -0.1855583 -5.82228e-4 -0.9826332 -0.1857096 -9.14639e-4 -0.9826043 -0.1849813 2.55091e-4 -0.9827421 -0.1874768 -0.003540873 -0.9822627 -0.1842556 0.001108825 -0.9828777 -0.1847711 5.42769e-4 -0.9827815 -0.1812752 0.006558001 -0.9834105 -0.1860022 -8.76078e-4 -0.982549 -0.187506 -0.004433214 -0.9822535 -0.1855968 -3.23907e-4 -0.982626 -0.1971464 0.008479416 -0.9803374 -0.1502766 -0.03162926 -0.988138 -0.1820704 0 -0.9832856 -0.2374301 0.06725484 -0.9690737 -0.1893659 0 -0.9819067 -0.3746346 0.6578949 0.6533172 -0.1384304 -0.05792063 -0.9886771 -0.1920757 0.0102505 -0.9813266 -0.1842741 -0.006281316 -0.9828549 -0.1856271 -0.00103724 -0.9826198 -0.1856099 8.14418e-4 -0.9826232 -0.1856545 -0.001194119 -0.9826144 -0.1877964 -0.05251157 -0.9808033 -0.1855703 -7.29046e-4 -0.9826307 -0.1861324 -0.005333602 -0.9825103 -0.1857452 -0.001696109 -0.9825965 -0.1857829 -0.002066016 -0.9825887 -0.185923 -0.003243446 -0.982559 -0.1857027 2.6335e-4 -0.982606 -0.185418 -0.004543304 -0.9826493 -0.1857149 0.001413047 -0.9826027 -0.1856871 0.002165734 -0.9826065 -0.1854956 -0.008345305 -0.9826098 -0.1856241 -0.001811325 -0.9826192 -0.1870908 -0.006461024 -0.9823215 -0.1739246 0.01694518 -0.9846132 -0.1866307 0.005312144 -0.9824158 -0.1861071 0.002184271 -0.9825271 -0.1855797 -0.001536726 -0.9826281 -0.1835691 -0.005452692 -0.9829917 -0.1858788 -5.91421e-4 -0.9825726 -0.1883116 0.003935933 -0.9821015 -0.18623 -2.60279e-4 -0.9825062 -0.1806116 -0.006177544 -0.9835352 -0.1846475 -0.001517474 -0.9828037 -0.1903322 0.2429773 0.9511759 -0.1997441 0.003955304 -0.9798402 -0.1991522 0.00222516 -0.9799661 -0.1943631 0.005238294 -0.9809157 -0.1334058 0.2475465 -0.9596477 -0.03158617 -0.1082955 -0.9936169 0.1724079 0 0.9850257 -0.08902943 0.1980074 0.9761491 -0.1659926 0.2460489 -0.9549379 -0.2156109 -0.5495667 -0.8071483 -0.2265635 -0.1455298 -0.9630629 -0.2031905 -0.04845964 -0.9779393 -0.1403876 0.1240054 -0.9823004 -0.1790065 0.03206086 -0.9833254 -0.1443088 0.2291426 -0.9626363 -0.1866866 0.02005839 -0.9822148 -0.2788637 -0.2321966 -0.9318368 -0.1816431 0 -0.9833646 -0.171016 0.02348393 -0.9849883 -0.9036697 -0.00665009 -0.4281789 -0.874072 -0.0070225 0.4857459 -0.422103 -0.003219902 0.9065422 0.01708966 -0.003934144 0.9998462 0.2749896 5.9197e-4 -0.9614471 0.1329436 0.003578782 -0.9911172 0.2424564 4.78991e-4 -0.9701622 0.3840255 0.004987061 -0.923309 0.4253369 2.08296e-4 -0.9050351 0.3916443 1.0879e-4 -0.9201168 0.6067575 0.004449307 -0.7948746 0.5567927 0.01167929 -0.8305695 0.8744356 0.002155065 -0.4851368 0.8139235 0.005548119 -0.5809456 0.7961869 0.007892608 -0.6049993 0.7038585 3.91582e-4 -0.7103401 0.688823 3.80563e-4 -0.7249296 0.8973425 0.002311289 -0.4413289 0.922608 0.007669508 -0.3856627 0.9587129 0.00306648 -0.2843594 0.9895158 0.004281282 -0.1443614 0.9909657 0.005559146 -0.1340008 0.8505765 0.002686083 -0.5258446 0.9771262 0.002982199 0.2126396 0.9837907 0.003031671 0.1792952 0.9895063 0.006134986 0.14436 0.997255 0.003115117 0.07397878 0.999995 0.003163933 0 0.9283855 0.007607817 0.3715407 0.9225897 0.008823335 0.385682 0.8636332 0.001788794 0.5041174 0.7962017 0.004767656 0.6050126 0.7458312 0.01391518 0.6659897 0.8585243 0.001722455 0.5127699 0.6067677 0.005176186 0.7948623 0.6373416 0.001075506 0.7705807 0.6245765 9.97803e-4 0.780963 0.3720724 0 0.9282038 0.3450624 -1.15504e-4 0.9385798 0.3839766 0.00454986 0.9233317 0.4649408 0.002500891 0.8853384 0.5456346 0.002994 0.8380179 0.1330392 -0.003516733 0.9911046 0.01092439 0.01282685 0.9998581 0.1785243 0.002142131 0.9839332 -0.3754096 -0.002894282 0.9268546 -0.4715471 0.01177686 0.8817623 -0.325933 -0.003340482 0.9453871 -0.1329669 -0.002792894 0.9911165 -0.2951636 0.01987129 0.9552401 -0.1637828 0.005795538 0.9864795 -0.7845734 -0.006581544 0.620001 -0.8321238 0.005019962 0.5545672 -0.7333938 -0.002816855 0.6797983 -0.6187456 -0.002483665 0.7855876 -0.9942519 0.1070668 0 -0.612001 -0.001949369 0.7908547 -0.9543252 -0.006772577 -0.2986932 -0.9926592 -0.00219345 0.120925 -0.9921612 -0.002700269 0.1249355 -0.9745287 -0.01058298 0.2240135 -0.9226897 -0.0101149 0.3854109 -0.9792617 0.01738095 0.2018527 -0.900605 -0.004956662 0.4346103 -0.9960772 -0.007095754 -0.08820307 -0.9926566 -0.00308752 -0.1209274 -0.9629141 -0.006931304 -0.2697194 -0.9227027 -0.006809592 -0.3854523 -0.9044643 -6.27885e-5 -0.4265496 -0.973354 -0.006961226 -0.2292019 -0.8302892 -0.003744602 -0.5573204 -0.7845835 0.001993715 -0.6200201 -0.7000554 -0.006864726 -0.7140555 -0.7405754 -0.007042109 -0.6719365 -0.6187414 0.002874374 -0.7855896 -0.5615023 -0.002871394 -0.8274702 -0.3754919 0.002684772 -0.9268218 -0.4449589 -0.005210995 -0.8955358 -0.4678131 -0.005378365 -0.8838111 0.105338 3.4819e-4 -0.9944365 -0.120805 -4.04093e-4 -0.9926762 -0.132945 0.001101911 -0.9911229 -0.2656798 -0.001220822 -0.9640606 -0.2799838 -0.001262784 -0.9600039 -0.3718798 0 -0.928281 -0.1329871 -1.13328e-4 -0.9911178 -0.2720677 -0.02049916 -0.9620598 -0.3838787 -7.29992e-5 -0.9233837 -0.4246438 -0.00651735 -0.905337 -0.2424858 -4.93551e-4 -0.9701549 -0.7962012 -0.001932501 -0.6050289 -0.8758759 -0.02350014 -0.481964 -0.8132181 -0.01054507 -0.5818635 -0.7005025 -4.60058e-4 -0.7136498 -0.6069267 9.7663e-5 -0.7947578 -0.6877955 -0.01566821 -0.7257355 -0.5601155 -0.003920674 -0.8284054 -0.999994 -0.003474116 1.36678e-4 -0.9894729 -0.004821598 -0.1446388 -0.9909797 -0.006351232 -0.1338614 -0.8313959 -0.002928733 -0.555673 -0.9227471 -0.003275811 -0.3853924 -0.9591058 -0.01945531 -0.2823787 -0.8965143 -0.002567827 -0.4430076 -0.9894781 -0.00336939 0.1446435 -0.9837512 -0.008499205 0.1793358 -0.9972773 -0.003532946 0.073659 -0.9226768 -0.009835124 0.3854491 -0.929155 -0.008304536 0.3695971 -0.976652 -0.003309607 0.2148023 -0.6260817 -0.00108689 0.7797569 -0.745056 -0.003862261 0.6669907 -0.7961817 -0.009750366 0.6049791 -0.8581901 -0.001906156 0.5133287 -0.8635251 -0.001996219 0.504302 -0.6371557 -0.001139044 0.7707343 -0.6068967 -0.005448818 0.7947621 -0.5443005 -0.003166377 0.8388844 -0.4645457 -0.002567887 0.8855454 -0.3839374 -0.004740297 0.9233471 -0.3451684 9.4896e-5 0.9385408 -0.3710714 1.42457e-5 0.9286044 -0.1329455 -0.002658843 0.9911198 -0.1775295 -0.008464932 0.9840791 0.2966557 0.003161787 0.9549793 0.1546447 -0.001722395 0.9879687 0.1329458 -0.003651559 0.9911166 -0.0192157 0.003931522 0.9998077 -0.009884238 0.003960013 0.9999434 0.3222179 0.00324285 0.94666 0.3754894 -0.001885771 0.9268249 0.4789553 0.003375232 0.8778328 0.4230263 0.003024637 0.9061124 0.6186184 0.001845419 0.7856894 0.6210086 0.002216398 0.7838006 0.7845855 -0.001027882 0.6200199 0.7334948 0.002559125 0.6796903 0.6251906 0.002264797 0.7804689 0.9649307 0.009462416 0.2623343 0.9237713 0.002979397 0.382933 0.9227362 0.002717435 0.3854226 0.8289706 0.008766829 0.5592235 0.848832 0.008909583 0.5285876 0.9740764 0.009440958 0.2260226 0.9926939 0.002081155 0.1206426 0.9980516 0.005636751 0.06214034 0.9926924 0.002748847 -0.1206414 0.9960995 0.006300926 -0.08801245 0.9999802 0.006315767 0 0.9227256 0.004363954 -0.385433 0.9427528 0.006012618 -0.3334382 0.9623688 0.006100833 -0.2716783 0.7845616 0.006628811 -0.6200156 0.7029333 -0.01016312 -0.7111832 0.8280808 0.003436386 -0.5605983 0.9024565 0.00605899 -0.4307383 0.9160162 0.006100118 -0.4010951 0.6185954 0.001155018 -0.785709 0.5904135 -0.002634406 -0.8070967 0.7095139 0.006347 -0.7046629 0.3755378 -0.001336455 -0.9268062 0.4307034 0.004854083 -0.9024806 0.4661237 0.00505805 -0.8847051 -0.1052955 -3.55152e-4 -0.994441 0.1206732 4.03922e-4 -0.9926922 0.132937 -0.001074373 -0.991124 0.2646875 0.001194775 -0.9643336 0.3032332 0.001306354 -0.9529156</float_array>
          <technique_common>
            <accessor source="#Shape_IndexedFaceSet_066-mesh-normals-array" count="1496" stride="3">
              <param name="X" type="float"/>
              <param name="Y" type="float"/>
              <param name="Z" type="float"/>
            </accessor>
          </technique_common>
        </source>
        <vertices id="Shape_IndexedFaceSet_066-mesh-vertices">
          <input semantic="POSITION" source="#Shape_IndexedFaceSet_066-mesh-positions"/>
        </vertices>
        <triangles material="Shape_015_001-material" count="1604">
          <input semantic="VERTEX" source="#Shape_IndexedFaceSet_066-mesh-vertices" offset="0"/>
          <input semantic="NORMAL" source="#Shape_IndexedFaceSet_066-mesh-normals" offset="1"/>
          <p>273 0 272 0 267 0 265 1 270 1 271 1 273 2 268 2 277 2 277 3 268 3 278 3 277 4 278 4 285 4 285 5 278 5 286 5 285 6 286 6 287 6 287 6 286 6 288 6 287 7 288 7 283 7 283 8 288 8 284 8 283 9 284 9 275 9 275 10 284 10 276 10 275 11 276 11 271 11 271 12 276 12 266 12 271 13 266 13 265 13 265 14 266 14 254 14 265 15 254 15 253 15 253 16 254 16 234 16 253 17 234 17 233 17 233 18 234 18 222 18 233 19 222 19 221 19 221 20 222 20 208 20 221 21 208 21 207 21 207 22 208 22 186 22 207 23 186 23 185 23 185 24 186 24 172 24 185 25 172 25 171 25 163 26 156 26 155 26 155 27 159 27 163 27 163 28 159 28 162 28 163 29 162 29 172 29 172 30 162 30 168 30 172 31 168 31 171 31 158 32 153 32 151 32 151 33 153 33 150 33 151 34 150 34 156 34 156 35 150 35 152 35 156 36 152 36 155 36 165 37 160 37 158 37 158 38 160 38 157 38 158 39 157 39 153 39 273 40 267 40 268 40 268 41 267 41 257 41 268 42 257 42 258 42 258 43 257 43 236 43 258 44 236 44 237 44 237 45 236 45 225 45 237 46 225 46 226 46 226 47 225 47 210 47 226 48 210 48 211 48 211 49 210 49 189 49 211 50 189 50 190 50 190 51 189 51 173 51 190 52 173 52 174 52 174 53 173 53 169 53 174 54 169 54 165 54 165 55 169 55 164 55 165 56 164 56 160 56 772 57 776 57 775 57 627 58 639 58 621 58 611 59 610 59 592 59 592 60 610 60 598 60 592 58 598 58 535 58 615 58 637 58 613 58 613 61 637 61 612 61 634 62 631 62 649 62 621 58 618 58 627 58 627 63 618 63 616 63 627 58 616 58 611 58 611 64 616 64 614 64 611 65 614 65 610 65 337 58 338 58 564 58 355 58 354 58 565 58 727 58 726 58 763 58 703 58 705 58 775 58 775 66 705 66 710 66 374 67 372 67 567 67 706 68 775 68 712 68 712 69 775 69 774 69 712 70 774 70 768 70 768 58 765 58 712 58 712 71 765 71 763 71 712 58 763 58 717 58 717 58 763 58 726 58 565 72 354 72 564 72 615 58 617 58 637 58 637 73 617 73 620 73 637 58 620 58 644 58 667 74 661 74 635 74 669 58 677 58 635 58 635 75 677 75 686 75 635 58 686 58 775 58 775 58 686 58 698 58 775 76 698 76 703 76 710 58 721 58 775 58 775 77 721 77 723 77 775 78 723 78 729 78 729 58 731 58 775 58 775 79 731 79 740 79 775 58 740 58 742 58 770 80 771 80 772 80 649 58 631 58 645 58 645 81 631 81 629 81 645 58 629 58 641 58 641 82 629 82 626 82 641 58 626 58 639 58 639 83 626 83 623 83 639 84 623 84 621 84 575 85 570 85 375 85 566 58 356 58 358 58 566 86 370 86 570 86 570 87 370 87 373 87 570 88 373 88 375 88 328 58 326 58 564 58 564 89 326 89 327 89 564 58 327 58 331 58 338 58 341 58 564 58 564 90 341 90 342 90 564 91 342 91 346 91 354 58 351 58 564 58 564 92 351 92 347 92 564 93 347 93 345 93 345 94 343 94 564 94 564 95 343 95 340 95 564 96 340 96 339 96 339 58 336 58 564 58 564 97 336 97 335 97 564 98 335 98 333 98 333 99 330 99 564 99 564 100 330 100 329 100 564 101 329 101 328 101 620 58 622 58 644 58 644 102 622 102 625 102 644 58 625 58 646 58 646 58 625 58 628 58 646 58 628 58 647 58 647 103 628 103 630 103 647 58 630 58 652 58 652 104 630 104 633 104 652 105 633 105 635 105 635 106 692 106 689 106 661 107 659 107 635 107 635 108 659 108 658 108 635 109 658 109 652 109 649 58 651 58 634 58 634 110 651 110 657 110 634 111 657 111 635 111 635 58 657 58 663 58 635 112 663 112 669 112 757 113 761 113 762 113 598 114 585 114 535 114 535 115 585 115 581 115 535 58 581 58 464 58 464 58 581 58 577 58 464 58 577 58 433 58 433 116 577 116 575 116 433 58 575 58 379 58 379 58 575 58 375 58 363 117 365 117 566 117 566 118 365 118 367 118 566 119 367 119 370 119 331 58 332 58 564 58 564 120 332 120 334 120 564 121 334 121 337 121 346 58 349 58 564 58 564 122 349 122 350 122 564 123 350 123 566 123 566 124 350 124 352 124 566 125 352 125 356 125 567 58 372 58 565 58 565 126 372 126 369 126 565 127 369 127 368 127 368 58 366 58 565 58 565 128 366 128 364 128 565 129 364 129 362 129 362 130 359 130 565 130 565 131 359 131 357 131 565 132 357 132 355 132 449 58 405 58 574 58 574 58 405 58 381 58 574 58 381 58 567 58 567 133 381 133 378 133 567 134 378 134 374 134 574 135 576 135 449 135 449 136 576 136 578 136 449 58 578 58 558 58 558 58 578 58 584 58 558 58 584 58 563 58 563 137 584 137 597 137 563 138 597 138 612 138 612 139 597 139 609 139 612 140 609 140 613 140 727 58 763 58 733 58 733 141 763 141 759 141 733 142 759 142 737 142 737 143 759 143 754 143 737 144 754 144 746 144 706 145 701 145 775 145 775 146 701 146 696 146 775 58 696 58 635 58 635 147 696 147 695 147 635 148 695 148 692 148 689 58 688 58 635 58 635 58 688 58 687 58 635 58 687 58 682 58 682 58 681 58 635 58 635 149 681 149 680 149 635 150 680 150 676 150 358 151 360 151 566 151 566 152 360 152 361 152 566 153 361 153 363 153 676 58 672 58 635 58 635 154 672 154 670 154 635 155 670 155 667 155 742 58 750 58 775 58 775 156 750 156 757 156 775 58 757 58 772 58 772 157 757 157 762 157 772 158 762 158 770 158 95 159 142 159 135 159 687 160 688 160 684 160 732 161 733 161 737 161 756 57 757 57 750 57 756 162 753 162 769 162 49 163 51 163 80 163 67 164 73 164 95 164 86 165 88 165 183 165 178 166 249 166 377 166 654 167 655 167 660 167 17 168 16 168 104 168 13 169 11 169 102 169 102 170 11 170 10 170 102 171 10 171 100 171 61 172 28 172 57 172 57 173 28 173 25 173 57 174 25 174 54 174 54 175 25 175 24 175 54 176 24 176 21 176 65 177 32 177 61 177 61 178 32 178 31 178 61 179 31 179 28 179 76 180 43 180 72 180 72 181 43 181 40 181 72 182 40 182 70 182 70 183 40 183 38 183 70 184 38 184 68 184 68 185 38 185 37 185 68 186 37 186 34 186 78 187 46 187 76 187 76 188 46 188 45 188 76 189 45 189 43 189 85 190 50 190 78 190 78 191 50 191 48 191 78 192 48 192 46 192 64 193 60 193 85 193 60 194 55 194 85 194 85 195 55 195 52 195 85 196 52 196 50 196 93 197 91 197 204 197 204 198 91 198 84 198 204 199 84 199 166 199 166 200 84 200 83 200 166 201 83 201 145 201 145 202 83 202 77 202 145 203 77 203 89 203 89 204 77 204 74 204 262 205 120 205 114 205 120 206 262 206 132 206 132 207 262 207 313 207 132 208 313 208 136 208 136 209 313 209 147 209 147 210 313 210 353 210 147 211 353 211 180 211 180 212 353 212 227 212 227 213 353 213 380 213 227 214 380 214 264 214 264 215 380 215 310 215 310 216 380 216 573 216 310 217 573 217 321 217 321 218 573 218 322 218 322 219 573 219 632 219 322 220 632 220 376 220 395 221 403 221 376 221 383 222 384 222 376 222 376 223 384 223 392 223 376 224 392 224 395 224 403 225 408 225 376 225 376 226 408 226 418 226 376 227 418 227 422 227 422 228 423 228 376 228 376 229 423 229 435 229 376 230 435 230 438 230 438 231 447 231 376 231 376 232 447 232 453 232 376 233 453 233 411 233 411 234 453 234 458 234 411 235 458 235 465 235 481 236 492 236 624 236 465 237 468 237 411 237 411 238 468 238 476 238 411 239 476 239 624 239 624 240 476 240 478 240 624 241 478 241 481 241 509 242 640 242 498 242 498 243 640 243 624 243 498 244 624 244 495 244 495 245 624 245 492 245 509 246 510 246 640 246 640 247 510 247 518 247 640 248 518 248 524 248 524 249 532 249 640 249 640 250 532 250 533 250 640 251 533 251 537 251 537 252 548 252 640 252 640 253 548 253 551 253 640 254 551 254 550 254 543 255 538 255 650 255 538 256 536 256 650 256 650 257 536 257 525 257 650 258 525 258 522 258 522 259 519 259 650 259 650 260 519 260 508 260 650 261 508 261 506 261 506 262 503 262 650 262 650 263 503 263 494 263 650 264 494 264 490 264 490 265 483 265 650 265 650 266 483 266 479 266 650 267 479 267 632 267 479 268 467 268 632 268 632 269 467 269 461 269 632 270 461 270 452 270 452 271 450 271 632 271 632 272 450 272 439 272 632 273 439 273 436 273 436 274 432 274 632 274 632 275 432 275 424 275 632 276 424 276 419 276 419 277 416 277 632 277 632 278 416 278 407 278 632 279 407 279 399 279 399 280 390 280 632 280 632 281 390 281 389 281 632 282 389 282 376 282 376 283 389 283 382 283 376 284 382 284 383 284 550 285 543 285 640 285 640 286 543 286 650 286 640 287 650 287 643 287 643 288 650 288 662 288 643 289 662 289 653 289 674 290 664 290 662 290 662 291 664 291 656 291 662 292 656 292 653 292 684 293 673 293 674 293 674 294 673 294 668 294 674 295 668 295 664 295 693 296 683 296 684 296 684 297 683 297 679 297 684 298 679 298 673 298 702 299 699 299 693 299 702 300 693 300 714 300 699 301 691 301 693 301 693 302 691 302 690 302 693 303 690 303 683 303 725 304 718 304 722 304 722 305 718 305 714 305 722 306 714 306 716 306 716 307 714 307 693 307 738 308 739 308 736 308 785 309 781 309 773 309 773 310 781 310 767 310 773 311 767 311 760 311 760 312 767 312 758 312 760 313 758 313 745 313 745 314 758 314 749 314 745 315 749 315 739 315 780 316 790 316 789 316 790 317 780 317 795 317 786 318 791 318 788 318 788 319 791 319 792 319 797 320 787 320 794 320 794 321 787 321 788 321 794 322 788 322 793 322 793 323 788 323 792 323 779 324 783 324 778 324 778 325 783 325 791 325 778 326 791 326 782 326 782 327 791 327 786 327 769 328 777 328 779 328 777 329 769 329 755 329 755 330 769 330 753 330 755 57 753 57 751 57 751 57 748 57 747 57 747 331 748 331 741 331 747 332 741 332 735 332 735 333 741 333 724 333 724 334 741 334 728 334 724 335 728 335 720 335 719 336 715 336 707 336 707 337 708 337 719 337 719 338 708 338 709 338 719 339 709 339 713 339 715 340 711 340 707 340 707 341 711 341 704 341 707 342 704 342 700 342 700 343 704 343 697 343 700 344 697 344 694 344 694 345 697 345 685 345 685 346 697 346 678 346 685 347 678 347 675 347 671 348 665 348 666 348 555 349 554 349 638 349 638 350 554 350 546 350 546 351 542 351 638 351 638 352 542 352 534 352 638 353 534 353 530 353 400 354 402 354 619 354 530 355 521 355 638 355 638 356 521 356 517 356 638 357 517 357 636 357 517 358 516 358 636 358 636 359 516 359 505 359 636 360 505 360 502 360 482 361 475 361 488 361 488 362 475 362 636 362 488 363 636 363 493 363 493 364 636 364 502 364 442 365 430 365 371 365 482 366 477 366 475 366 475 367 477 367 473 367 475 368 473 368 466 368 442 369 371 369 445 369 466 370 463 370 475 370 475 371 463 371 460 371 475 372 460 372 371 372 371 373 460 373 448 373 371 374 448 374 445 374 430 375 429 375 371 375 371 376 429 376 421 376 371 377 421 377 415 377 415 378 406 378 371 378 371 379 406 379 404 379 371 380 404 380 401 380 401 381 391 381 371 381 371 382 391 382 387 382 371 383 387 383 388 383 400 384 619 384 396 384 402 385 414 385 619 385 619 386 414 386 417 386 619 387 417 387 420 387 420 388 431 388 619 388 619 389 431 389 434 389 619 390 434 390 437 390 437 391 446 391 619 391 619 392 446 392 451 392 619 393 451 393 459 393 459 394 462 394 619 394 619 395 462 395 474 395 619 396 474 396 648 396 648 397 474 397 480 397 648 398 480 398 489 398 489 399 491 399 648 399 648 400 491 400 501 400 648 401 501 401 504 401 504 402 507 402 648 402 648 403 507 403 515 403 648 404 515 404 520 404 520 405 523 405 648 405 648 406 523 406 531 406 648 407 531 407 539 407 547 408 549 408 638 408 638 409 549 409 556 409 638 410 556 410 555 410 539 411 547 411 648 411 648 412 547 412 638 412 648 413 638 413 660 413 660 414 638 414 642 414 660 415 642 415 654 415 388 416 396 416 371 416 371 417 396 417 619 417 371 418 619 418 348 418 348 419 619 419 557 419 348 420 557 420 317 420 317 421 557 421 289 421 377 422 249 422 557 422 557 423 249 423 260 423 557 424 260 424 289 424 167 425 344 425 139 425 139 426 344 426 307 426 246 427 128 427 307 427 307 428 128 428 134 428 307 429 134 429 139 429 88 430 90 430 183 430 183 431 90 431 109 431 183 432 109 432 246 432 246 433 109 433 115 433 246 434 115 434 128 434 142 435 95 435 154 435 73 436 79 436 95 436 95 437 79 437 81 437 95 438 81 438 154 438 53 439 58 439 87 439 87 440 58 440 63 440 87 441 63 441 67 441 82 442 51 442 53 442 47 443 49 443 75 443 47 444 75 444 44 444 44 445 75 445 71 445 44 446 71 446 42 446 42 447 71 447 41 447 41 448 71 448 69 448 41 449 69 449 39 449 39 450 69 450 66 450 39 451 66 451 36 451 36 452 66 452 35 452 35 453 66 453 62 453 35 454 62 454 33 454 33 455 62 455 30 455 30 456 62 456 59 456 30 457 59 457 29 457 29 458 59 458 27 458 27 459 59 459 56 459 27 460 56 460 26 460 105 461 19 461 107 461 107 462 19 462 22 462 107 463 22 463 56 463 56 464 22 464 23 464 56 465 23 465 26 465 12 466 14 466 103 466 103 467 14 467 15 467 103 468 15 468 105 468 105 469 15 469 18 469 105 470 18 470 19 470 7 471 9 471 101 471 101 472 9 472 12 472 6 473 99 473 4 473 4 474 99 474 97 474 4 475 97 475 2 475 2 476 97 476 0 476 0 477 97 477 96 477 0 478 96 478 1 478 10 479 8 479 100 479 100 480 8 480 5 480 100 481 5 481 98 481 98 482 5 482 3 482 328 483 98 483 96 483 96 484 98 484 3 484 96 485 3 485 1 485 12 486 103 486 101 486 101 487 103 487 338 487 101 488 338 488 337 488 337 489 334 489 101 489 101 490 334 490 99 490 101 491 99 491 7 491 7 492 99 492 6 492 334 493 332 493 99 493 99 494 332 494 331 494 99 495 331 495 97 495 97 496 331 496 327 496 97 497 327 497 96 497 96 498 327 498 326 498 96 499 326 499 328 499 177 500 346 500 175 500 175 501 346 501 342 501 175 502 342 502 341 502 218 503 363 503 214 503 214 504 363 504 361 504 214 505 361 505 206 505 370 506 367 506 311 506 365 507 363 507 308 507 308 508 363 508 218 508 308 509 218 509 220 509 220 510 218 510 143 510 220 511 143 511 146 511 146 512 143 512 129 512 146 513 129 513 131 513 361 514 360 514 206 514 206 515 360 515 358 515 206 516 358 516 201 516 201 517 358 517 356 517 201 518 356 518 195 518 195 519 356 519 352 519 195 520 352 520 181 520 181 521 352 521 350 521 181 522 350 522 177 522 177 523 350 523 349 523 177 524 349 524 346 524 294 525 325 525 269 525 269 526 325 526 320 526 269 527 320 527 261 527 261 528 320 528 316 528 261 529 316 529 240 529 240 530 316 530 314 530 314 531 231 531 240 531 240 532 231 532 149 532 240 533 149 533 261 533 261 534 149 534 135 534 261 535 135 535 269 535 269 536 135 536 142 536 269 537 142 537 294 537 294 538 142 538 154 538 294 539 154 539 319 539 325 540 375 540 320 540 320 541 375 541 373 541 320 542 373 542 316 542 316 543 373 543 370 543 316 544 370 544 314 544 314 545 370 545 311 545 314 546 311 546 231 546 81 547 86 547 154 547 154 548 86 548 183 548 154 549 183 549 319 549 319 550 183 550 246 550 319 551 246 551 592 551 592 552 535 552 319 552 319 553 535 553 464 553 319 554 464 554 294 554 294 555 464 555 433 555 294 556 433 556 325 556 325 557 433 557 379 557 325 558 379 558 375 558 686 559 671 559 678 559 678 560 671 560 666 560 678 561 666 561 675 561 686 562 677 562 671 562 671 563 677 563 660 563 671 564 660 564 665 564 665 565 660 565 655 565 677 566 669 566 660 566 660 567 669 567 663 567 660 568 663 568 648 568 648 569 663 569 657 569 648 570 657 570 619 570 167 571 178 571 344 571 344 572 178 572 377 572 344 573 377 573 645 573 645 574 377 574 557 574 645 575 557 575 649 575 649 576 557 576 619 576 649 577 619 577 651 577 651 578 619 578 657 578 645 579 641 579 344 579 344 580 641 580 639 580 344 581 639 581 307 581 307 582 639 582 627 582 307 583 627 583 246 583 246 584 627 584 611 584 246 585 611 585 592 585 734 586 740 586 731 586 734 587 731 587 719 587 719 58 731 58 729 58 719 588 729 588 715 588 715 589 729 589 723 589 715 590 723 590 711 590 711 591 723 591 721 591 711 592 721 592 704 592 713 593 720 593 719 593 719 594 720 594 728 594 719 595 728 595 734 595 734 596 728 596 741 596 734 597 741 597 744 597 744 598 741 598 748 598 770 57 762 57 766 57 770 599 766 599 778 599 757 600 756 600 761 600 779 601 778 601 769 601 769 602 778 602 766 602 769 603 766 603 756 603 756 604 766 604 762 604 756 605 762 605 761 605 745 606 752 606 760 606 760 607 752 607 764 607 760 608 764 608 773 608 773 609 764 609 780 609 773 610 780 610 785 610 785 611 780 611 789 611 797 612 796 612 787 612 787 613 796 613 795 613 787 614 795 614 784 614 784 615 795 615 780 615 784 616 780 616 763 616 763 617 780 617 764 617 763 57 764 57 759 57 736 618 725 618 730 618 730 619 725 619 722 619 730 620 722 620 732 620 736 621 730 621 738 621 738 622 730 622 732 622 738 623 732 623 743 623 743 624 732 624 737 624 743 625 737 625 746 625 739 626 738 626 745 626 745 627 738 627 743 627 745 628 743 628 752 628 752 629 743 629 746 629 752 630 746 630 764 630 764 631 746 631 754 631 764 632 754 632 759 632 763 633 765 633 784 633 784 634 765 634 768 634 784 635 768 635 787 635 787 636 768 636 774 636 787 637 774 637 788 637 788 638 774 638 775 638 788 639 775 639 786 639 786 640 775 640 776 640 786 641 776 641 782 641 782 642 776 642 772 642 782 643 772 643 778 643 778 644 772 644 771 644 778 645 771 645 770 645 751 57 753 57 748 57 748 57 753 57 756 57 748 57 756 57 744 57 744 57 756 57 750 57 744 646 750 646 734 646 734 647 750 647 742 647 734 58 742 58 740 58 706 648 712 648 716 648 716 649 712 649 717 649 716 650 717 650 722 650 722 651 717 651 726 651 722 652 726 652 732 652 732 58 726 58 727 58 732 653 727 653 733 653 692 654 695 654 693 654 693 655 695 655 696 655 693 656 696 656 716 656 716 657 696 657 701 657 716 658 701 658 706 658 684 659 688 659 693 659 693 660 688 660 689 660 693 661 689 661 692 661 676 662 680 662 674 662 674 663 680 663 681 663 674 664 681 664 684 664 684 665 681 665 682 665 684 666 682 666 687 666 661 667 667 667 662 667 662 668 667 668 670 668 662 669 670 669 674 669 674 670 670 670 672 670 674 671 672 671 676 671 381 672 405 672 300 672 309 673 312 673 228 673 228 674 312 674 315 674 228 675 315 675 238 675 238 676 315 676 318 676 238 677 318 677 250 677 250 678 318 678 324 678 250 679 324 679 263 679 263 680 324 680 274 680 274 681 137 681 263 681 263 682 137 682 161 682 263 683 161 683 250 683 250 684 161 684 148 684 250 685 148 685 238 685 238 686 148 686 144 686 238 687 144 687 228 687 228 688 144 688 141 688 306 689 219 689 301 689 301 690 219 690 215 690 301 691 215 691 299 691 299 692 215 692 212 692 299 693 212 693 205 693 104 694 170 694 106 694 106 695 170 695 176 695 106 696 176 696 108 696 108 697 176 697 179 697 108 698 179 698 111 698 111 699 179 699 182 699 111 700 182 700 113 700 113 701 182 701 198 701 113 702 198 702 117 702 117 703 198 703 205 703 117 704 205 704 138 704 138 705 205 705 212 705 138 706 212 706 140 706 140 707 212 707 215 707 140 708 215 708 141 708 141 709 215 709 219 709 141 710 219 710 228 710 228 711 219 711 306 711 228 712 306 712 309 712 16 713 13 713 104 713 104 714 13 714 102 714 104 715 102 715 170 715 170 716 102 716 336 716 336 717 339 717 170 717 170 718 339 718 340 718 170 719 340 719 176 719 176 720 340 720 343 720 176 721 343 721 179 721 343 722 345 722 179 722 179 723 345 723 347 723 179 724 347 724 182 724 182 725 347 725 351 725 182 726 351 726 198 726 198 727 351 727 354 727 198 728 354 728 205 728 354 729 355 729 205 729 205 730 355 730 357 730 205 731 357 731 299 731 299 732 357 732 359 732 299 733 359 733 301 733 301 734 359 734 362 734 301 735 362 735 306 735 306 736 362 736 364 736 306 737 364 737 309 737 309 738 364 738 366 738 309 739 366 739 312 739 312 740 366 740 368 740 312 741 368 741 315 741 315 742 368 742 369 742 369 743 372 743 315 743 315 744 372 744 374 744 315 745 374 745 318 745 318 746 374 746 378 746 318 747 378 747 324 747 324 748 378 748 381 748 324 749 381 749 274 749 274 750 381 750 300 750 274 751 300 751 137 751 89 752 137 752 145 752 145 753 137 753 300 753 145 754 300 754 166 754 166 755 300 755 323 755 166 756 323 756 204 756 204 757 323 757 262 757 204 758 262 758 93 758 93 759 262 759 114 759 405 760 449 760 300 760 300 761 449 761 558 761 300 762 558 762 323 762 323 763 558 763 563 763 323 764 563 764 262 764 262 765 563 765 612 765 262 766 612 766 313 766 313 767 612 767 637 767 313 768 637 768 353 768 353 769 637 769 644 769 353 770 644 770 380 770 380 771 644 771 646 771 380 772 646 772 573 772 573 773 646 773 647 773 573 774 647 774 632 774 632 775 647 775 652 775 632 776 652 776 650 776 650 777 652 777 658 777 650 778 658 778 662 778 662 779 658 779 659 779 662 780 659 780 661 780 117 781 65 781 113 781 113 782 65 782 61 782 113 783 61 783 111 783 111 784 61 784 57 784 111 785 57 785 108 785 108 786 57 786 54 786 108 787 54 787 106 787 106 788 54 788 21 788 106 789 21 789 104 789 104 790 21 790 20 790 104 791 20 791 17 791 68 792 119 792 70 792 70 793 119 793 122 793 70 794 122 794 72 794 72 795 122 795 124 795 72 796 124 796 76 796 76 797 124 797 126 797 76 798 126 798 78 798 78 799 126 799 127 799 78 800 127 800 85 800 85 801 127 801 130 801 85 802 130 802 133 802 74 803 64 803 89 803 89 804 64 804 85 804 89 805 85 805 137 805 137 806 85 806 133 806 137 807 133 807 161 807 161 808 133 808 130 808 161 809 130 809 148 809 148 810 130 810 127 810 148 811 127 811 144 811 144 812 127 812 126 812 144 813 126 813 141 813 141 814 126 814 124 814 141 815 124 815 140 815 140 816 124 816 122 816 140 817 122 817 138 817 138 818 122 818 119 818 138 819 119 819 117 819 117 820 119 820 68 820 117 821 68 821 65 821 65 822 68 822 34 822 65 823 34 823 32 823 51 824 82 824 80 824 80 825 82 825 94 825 80 826 94 826 92 826 92 827 94 827 125 827 92 828 125 828 123 828 49 829 80 829 75 829 75 830 80 830 92 830 75 831 92 831 71 831 71 832 92 832 123 832 71 833 123 833 69 833 69 834 123 834 121 834 69 835 121 835 66 835 66 836 121 836 118 836 66 837 118 837 62 837 62 838 118 838 116 838 62 839 116 839 59 839 59 840 116 840 112 840 59 841 112 841 56 841 56 842 112 842 110 842 56 843 110 843 107 843 67 844 95 844 87 844 87 845 95 845 135 845 87 846 135 846 131 846 131 847 135 847 149 847 131 848 149 848 146 848 146 849 149 849 231 849 146 850 231 850 220 850 220 851 231 851 311 851 220 852 311 852 308 852 308 853 311 853 367 853 308 854 367 854 365 854 53 855 87 855 82 855 82 856 87 856 131 856 82 857 131 857 94 857 94 858 131 858 129 858 94 859 129 859 125 859 125 860 129 860 143 860 125 861 143 861 123 861 123 862 143 862 218 862 123 863 218 863 121 863 121 864 218 864 214 864 121 865 214 865 118 865 118 866 214 866 206 866 118 867 206 867 116 867 116 868 206 868 201 868 116 869 201 869 112 869 112 870 201 870 195 870 112 871 195 871 110 871 110 872 195 872 181 872 110 873 181 873 107 873 107 874 181 874 177 874 107 875 177 875 105 875 105 876 177 876 175 876 105 877 175 877 103 877 103 878 175 878 341 878 103 879 341 879 338 879 328 880 329 880 98 880 98 881 329 881 330 881 98 882 330 882 100 882 100 883 330 883 333 883 100 884 333 884 102 884 102 885 333 885 335 885 102 886 335 886 336 886 721 887 710 887 704 887 704 888 710 888 705 888 704 889 705 889 697 889 697 890 705 890 703 890 697 891 703 891 678 891 678 892 703 892 698 892 678 893 698 893 686 893 156 894 187 894 151 894 151 895 187 895 184 895 151 142 184 142 158 142 184 142 188 142 158 142 158 142 188 142 192 142 158 896 192 896 165 896 163 897 193 897 156 897 156 898 193 898 191 898 156 899 191 899 187 899 192 142 194 142 165 142 165 900 194 900 197 900 165 142 197 142 174 142 172 142 199 142 163 142 163 901 199 901 196 901 163 902 196 902 193 902 197 142 200 142 174 142 174 903 200 903 203 903 174 142 203 142 190 142 190 904 203 904 213 904 190 905 213 905 211 905 211 906 213 906 217 906 211 142 217 142 226 142 226 907 217 907 224 907 226 142 224 142 237 142 237 908 224 908 230 908 237 909 230 909 258 909 258 910 230 910 235 910 258 142 235 142 268 142 286 911 256 911 288 911 288 912 256 912 259 912 288 142 259 142 284 142 259 142 255 142 284 142 284 142 255 142 251 142 284 913 251 913 276 913 278 914 248 914 286 914 286 915 248 915 252 915 286 916 252 916 256 916 251 142 247 142 276 142 276 917 247 917 244 917 276 142 244 142 266 142 235 142 241 142 268 142 268 142 241 142 243 142 268 142 243 142 278 142 278 918 243 918 245 918 278 919 245 919 248 919 244 142 242 142 266 142 266 920 242 920 239 920 266 142 239 142 254 142 254 921 239 921 232 921 254 922 232 922 234 922 234 923 232 923 229 923 234 142 229 142 222 142 222 924 229 924 223 924 222 142 223 142 208 142 208 925 223 925 216 925 208 926 216 926 186 926 186 927 216 927 209 927 186 142 209 142 172 142 172 928 209 928 202 928 172 142 202 142 199 142 239 929 620 929 617 929 239 930 617 930 232 930 232 931 617 931 615 931 232 932 615 932 229 932 229 933 615 933 613 933 229 934 613 934 223 934 223 935 613 935 609 935 223 936 609 936 216 936 216 937 609 937 597 937 216 938 597 938 209 938 209 939 597 939 584 939 209 940 584 940 202 940 202 941 584 941 199 941 199 942 584 942 578 942 199 943 578 943 196 943 196 944 578 944 576 944 196 945 576 945 193 945 193 946 576 946 574 946 193 947 574 947 191 947 191 948 574 948 567 948 191 949 567 949 187 949 187 950 567 950 565 950 187 951 565 951 184 951 184 952 565 952 564 952 184 953 564 953 188 953 188 954 564 954 566 954 188 955 566 955 192 955 192 956 566 956 570 956 192 957 570 957 194 957 194 958 570 958 575 958 194 959 575 959 197 959 197 960 575 960 577 960 197 961 577 961 200 961 200 962 577 962 581 962 200 963 581 963 203 963 621 964 235 964 618 964 618 965 235 965 230 965 618 966 230 966 616 966 616 967 230 967 224 967 616 968 224 968 614 968 614 969 224 969 217 969 614 970 217 970 610 970 610 971 217 971 213 971 610 972 213 972 598 972 598 973 213 973 203 973 598 974 203 974 585 974 585 975 203 975 581 975 620 976 239 976 622 976 622 977 239 977 242 977 622 978 242 978 625 978 625 979 242 979 244 979 625 980 244 980 628 980 628 981 244 981 247 981 628 982 247 982 630 982 630 983 247 983 251 983 630 984 251 984 633 984 633 985 251 985 255 985 633 986 255 986 635 986 635 987 255 987 259 987 635 988 259 988 634 988 634 989 259 989 256 989 634 990 256 990 631 990 631 991 256 991 252 991 631 992 252 992 629 992 629 993 252 993 248 993 629 994 248 994 626 994 626 995 248 995 245 995 626 996 245 996 623 996 623 997 245 997 243 997 623 998 243 998 621 998 621 999 243 999 241 999 621 1000 241 1000 235 1000 428 1001 413 1001 305 1001 545 1002 529 1002 562 1002 413 1003 398 1003 305 1003 305 1004 398 1004 386 1004 305 1005 386 1005 304 1005 304 1006 386 1006 397 1006 304 1007 397 1007 412 1007 545 1008 562 1008 553 1008 553 1009 562 1009 561 1009 553 1010 561 1010 544 1010 471 1011 486 1011 561 1011 561 1012 486 1012 499 1012 412 1013 427 1013 304 1013 304 1014 427 1014 443 1014 304 1015 443 1015 561 1015 561 1016 443 1016 456 1016 561 1017 456 1017 471 1017 499 1018 513 1018 561 1018 561 1019 513 1019 528 1019 561 1020 528 1020 544 1020 529 1021 514 1021 562 1021 562 1022 514 1022 500 1022 562 1023 500 1023 487 1023 487 1024 472 1024 562 1024 562 1025 472 1025 457 1025 562 1026 457 1026 305 1026 305 1027 457 1027 444 1027 305 1028 444 1028 428 1028 561 1029 562 1029 572 1029 561 1030 572 1030 571 1030 571 1031 572 1031 583 1031 571 1032 583 1032 582 1032 582 1033 583 1033 589 1033 582 1034 589 1034 588 1034 588 1035 589 1035 591 1035 591 1036 589 1036 596 1036 591 1037 596 1037 595 1037 595 1038 596 1038 600 1038 600 1039 596 1039 604 1039 600 1040 604 1040 603 1040 603 1041 604 1041 606 1041 606 1042 604 1042 608 1042 606 1043 608 1043 607 1043 607 1044 608 1044 605 1044 605 1045 608 1045 602 1045 605 1046 602 1046 601 1046 601 1047 602 1047 599 1047 599 1048 602 1048 594 1048 599 1049 594 1049 593 1049 593 1050 594 1050 590 1050 590 1051 594 1051 587 1051 590 1052 587 1052 586 1052 586 1053 587 1053 580 1053 586 1054 580 1054 579 1054 579 1055 580 1055 569 1055 579 1056 569 1056 568 1056 568 1057 569 1057 560 1057 568 1058 560 1058 559 1058 394 1059 410 1059 303 1059 540 1060 526 1060 559 1060 540 1061 559 1061 552 1061 552 1062 559 1062 560 1062 552 1063 560 1063 541 1063 425 1064 409 1064 302 1064 302 1065 409 1065 393 1065 302 1066 393 1066 303 1066 303 1067 393 1067 385 1067 303 1068 385 1068 394 1068 526 1069 511 1069 559 1069 559 1070 511 1070 496 1070 559 1071 496 1071 484 1071 484 1072 469 1072 559 1072 559 1073 469 1073 454 1073 559 1074 454 1074 302 1074 302 1075 454 1075 440 1075 302 1076 440 1076 425 1076 455 1077 560 1077 441 1077 441 1078 560 1078 303 1078 441 1079 303 1079 426 1079 426 1080 303 1080 410 1080 455 1081 470 1081 560 1081 560 1082 470 1082 485 1082 560 1083 485 1083 497 1083 497 1084 512 1084 560 1084 560 1085 512 1085 527 1085 560 1086 527 1086 541 1086 296 142 303 142 283 142 602 142 608 142 560 142 305 142 285 142 287 142 275 142 271 142 280 142 560 142 608 142 303 142 283 142 303 142 287 142 560 1087 569 1087 580 1087 275 142 280 142 283 142 283 1088 280 1088 291 1088 283 1089 291 1089 296 1089 596 1090 589 1090 583 1090 303 1091 608 1091 287 1091 287 142 608 142 562 142 287 1092 562 1092 305 1092 580 142 587 142 560 142 560 142 587 142 594 142 560 1093 594 1093 602 1093 305 1094 298 1094 285 1094 285 1095 298 1095 293 1095 285 1096 293 1096 277 1096 277 1097 293 1097 282 1097 277 1098 282 1098 273 1098 608 1099 604 1099 562 1099 562 142 604 142 596 142 562 1100 596 1100 572 1100 572 1101 596 1101 583 1101 272 1102 273 1102 282 1102 272 1103 282 1103 281 1103 281 1104 282 1104 293 1104 281 1105 293 1105 292 1105 292 1106 293 1106 298 1106 292 1107 298 1107 297 1107 297 1108 298 1108 305 1108 297 1109 305 1109 304 1109 302 1110 303 1110 296 1110 302 1111 296 1111 295 1111 295 1112 296 1112 291 1112 295 1113 291 1113 290 1113 290 1114 291 1114 280 1114 290 1115 280 1115 279 1115 279 1116 280 1116 271 1116 279 1117 271 1117 270 1117 571 1118 582 1118 636 1118 249 1119 178 1119 210 1119 264 1120 310 1120 265 1120 265 1121 253 1121 264 1121 264 1122 253 1122 233 1122 264 1123 233 1123 227 1123 227 1124 233 1124 221 1124 227 1125 221 1125 180 1125 180 1126 221 1126 207 1126 180 1127 207 1127 147 1127 93 1128 114 1128 91 1128 91 1129 114 1129 84 1129 64 1130 74 1130 152 1130 152 1131 74 1131 77 1131 152 1132 77 1132 155 1132 150 1133 0 1133 1 1133 150 1134 8 1134 10 1134 10 1135 11 1135 150 1135 150 1136 11 1136 13 1136 150 1137 13 1137 16 1137 53 1138 51 1138 153 1138 321 1139 322 1139 302 1139 207 1140 185 1140 147 1140 147 1141 185 1141 171 1141 147 1142 171 1142 136 1142 136 1143 171 1143 168 1143 136 1144 168 1144 132 1144 132 1145 168 1145 162 1145 132 1146 162 1146 120 1146 120 1147 162 1147 159 1147 77 1148 83 1148 155 1148 155 1149 83 1149 84 1149 155 1150 84 1150 159 1150 159 1151 84 1151 114 1151 159 1152 114 1152 120 1152 46 1153 48 1153 152 1153 152 1154 48 1154 50 1154 152 1155 50 1155 52 1155 52 1156 55 1156 152 1156 152 1157 55 1157 60 1157 152 1158 60 1158 64 1158 8 1159 150 1159 5 1159 5 1160 150 1160 1 1160 5 1161 1 1161 3 1161 16 1162 17 1162 150 1162 150 1163 17 1163 20 1163 150 1164 20 1164 21 1164 150 1165 34 1165 37 1165 150 1166 43 1166 152 1166 152 1167 43 1167 45 1167 152 1168 45 1168 46 1168 19 1169 18 1169 150 1169 12 1170 9 1170 150 1170 150 1171 9 1171 7 1171 150 1172 7 1172 6 1172 6 1173 4 1173 150 1173 150 1174 4 1174 2 1174 150 1175 2 1175 0 1175 153 1176 73 1176 67 1176 302 1177 322 1177 559 1177 21 1178 24 1178 150 1178 150 1179 24 1179 25 1179 150 1180 25 1180 28 1180 28 1181 31 1181 150 1181 150 1182 31 1182 32 1182 150 1183 32 1183 34 1183 18 1184 15 1184 150 1184 150 1185 15 1185 14 1185 150 1186 14 1186 12 1186 88 1187 86 1187 157 1187 157 1188 86 1188 81 1188 157 1189 81 1189 153 1189 153 1190 81 1190 79 1190 153 1191 79 1191 73 1191 67 1192 63 1192 153 1192 153 1193 63 1193 58 1193 153 1194 58 1194 53 1194 160 1195 109 1195 157 1195 157 1196 109 1196 90 1196 157 1197 90 1197 88 1197 210 1198 178 1198 189 1198 189 1199 178 1199 167 1199 189 1200 167 1200 173 1200 173 1201 167 1201 139 1201 173 1202 139 1202 169 1202 169 1203 139 1203 134 1203 169 1204 134 1204 164 1204 164 1205 134 1205 128 1205 164 1206 128 1206 160 1206 160 1207 128 1207 115 1207 160 1208 115 1208 109 1208 348 1209 317 1209 304 1209 586 1210 579 1210 624 1210 624 1211 579 1211 568 1211 624 1212 568 1212 411 1212 411 1213 568 1213 559 1213 411 1214 559 1214 376 1214 376 1215 559 1215 322 1215 37 1216 38 1216 150 1216 150 1217 38 1217 40 1217 150 1218 40 1218 43 1218 51 1219 49 1219 153 1219 153 1220 49 1220 47 1220 153 1221 47 1221 150 1221 150 1222 47 1222 44 1222 150 1223 44 1223 42 1223 36 1224 35 1224 150 1224 150 1225 35 1225 33 1225 150 1226 33 1226 30 1226 30 1227 29 1227 150 1227 150 1228 29 1228 27 1228 150 1229 27 1229 26 1229 26 1230 23 1230 150 1230 150 1231 23 1231 22 1231 150 1232 22 1232 19 1232 571 1233 636 1233 561 1233 561 1234 636 1234 475 1234 561 1235 475 1235 304 1235 304 1236 475 1236 371 1236 304 1237 371 1237 348 1237 42 1238 41 1238 150 1238 150 1239 41 1239 39 1239 150 1240 39 1240 36 1240 747 1241 735 1241 783 1241 321 1242 302 1242 310 1242 310 1243 302 1243 295 1243 310 1244 295 1244 290 1244 281 1245 292 1245 317 1245 317 1246 292 1246 297 1246 317 1247 297 1247 304 1247 720 1248 713 1248 791 1248 797 1249 707 1249 700 1249 653 1250 656 1250 607 1250 673 1251 679 1251 607 1251 607 1252 679 1252 683 1252 797 1253 702 1253 796 1253 796 1254 702 1254 795 1254 290 1255 279 1255 310 1255 310 1256 279 1256 270 1256 310 1257 270 1257 265 1257 210 1258 225 1258 249 1258 249 1259 225 1259 236 1259 249 1260 236 1260 260 1260 260 1261 236 1261 257 1261 260 1262 257 1262 289 1262 289 1263 257 1263 267 1263 289 1264 267 1264 317 1264 317 1265 267 1265 272 1265 317 1266 272 1266 281 1266 582 1267 588 1267 636 1267 636 1268 588 1268 591 1268 636 1269 591 1269 638 1269 638 1270 591 1270 595 1270 638 1271 595 1271 642 1271 642 1272 595 1272 600 1272 642 1273 600 1273 654 1273 707 1274 797 1274 708 1274 708 1275 797 1275 794 1275 708 1276 794 1276 793 1276 793 1277 792 1277 708 1277 708 1278 792 1278 791 1278 708 1279 791 1279 709 1279 709 1280 791 1280 713 1280 700 1281 694 1281 797 1281 797 1282 694 1282 685 1282 797 1283 685 1283 607 1283 607 1284 685 1284 675 1284 607 1285 675 1285 666 1285 666 1286 665 1286 607 1286 607 1287 665 1287 655 1287 607 1288 655 1288 606 1288 606 1289 655 1289 654 1289 606 1290 654 1290 603 1290 603 1291 654 1291 600 1291 656 1292 664 1292 607 1292 607 1293 664 1293 668 1293 607 1294 668 1294 673 1294 683 1295 690 1295 607 1295 607 1296 690 1296 691 1296 607 1297 691 1297 797 1297 797 1298 691 1298 699 1298 797 1299 699 1299 702 1299 607 1300 605 1300 653 1300 653 1301 605 1301 601 1301 653 1302 601 1302 643 1302 643 1303 601 1303 599 1303 643 1304 599 1304 640 1304 640 1305 599 1305 593 1305 640 1306 593 1306 624 1306 624 1307 593 1307 590 1307 624 1308 590 1308 586 1308 783 1309 779 1309 777 1309 783 1310 735 1310 791 1310 791 1311 735 1311 724 1311 791 1312 724 1312 720 1312 702 1313 749 1313 758 1313 777 1314 755 1314 783 1314 783 1315 755 1315 751 1315 783 1316 751 1316 747 1316 714 1317 718 1317 702 1317 702 1318 718 1318 725 1318 758 1319 767 1319 702 1319 702 1320 767 1320 781 1320 702 1321 781 1321 785 1321 725 1322 736 1322 702 1322 702 1323 736 1323 739 1323 702 1324 739 1324 749 1324 785 1325 789 1325 702 1325 702 1326 789 1326 790 1326 702 1327 790 1327 795 1327 522 1328 525 1328 527 1328 532 1329 524 1329 526 1329 498 1330 495 1330 496 1330 476 1331 468 1331 469 1331 455 1332 452 1332 461 1332 455 1333 461 1333 470 1333 452 1334 455 1334 450 1334 450 1335 455 1335 441 1335 450 1336 441 1336 439 1336 439 1337 441 1337 436 1337 436 1338 441 1338 426 1338 436 1339 426 1339 432 1339 407 1340 416 1340 410 1340 410 1341 416 1341 419 1341 410 1342 419 1342 426 1342 426 1343 419 1343 424 1343 426 1344 424 1344 432 1344 407 1345 410 1345 399 1345 399 1346 410 1346 394 1346 399 1347 394 1347 390 1347 385 1348 382 1348 394 1348 394 1349 382 1349 389 1349 394 1350 389 1350 390 1350 395 1351 392 1351 393 1351 393 1352 392 1352 384 1352 393 1353 384 1353 385 1353 385 1354 384 1354 383 1354 385 1355 383 1355 382 1355 395 1356 393 1356 403 1356 403 1357 393 1357 409 1357 403 1358 409 1358 408 1358 425 1359 422 1359 409 1359 409 1360 422 1360 418 1360 409 1361 418 1361 408 1361 440 1362 435 1362 425 1362 425 1363 435 1363 423 1363 425 1364 423 1364 422 1364 458 1365 453 1365 454 1365 454 1366 453 1366 447 1366 454 1367 447 1367 440 1367 440 1368 447 1368 438 1368 440 1369 438 1369 435 1369 469 1370 468 1370 454 1370 454 1371 468 1371 465 1371 454 1372 465 1372 458 1372 496 1373 495 1373 484 1373 495 1374 492 1374 484 1374 484 1375 492 1375 481 1375 484 1376 481 1376 469 1376 469 1377 481 1377 478 1377 469 1378 478 1378 476 1378 526 1379 524 1379 511 1379 524 1380 518 1380 511 1380 511 1381 518 1381 510 1381 511 1382 510 1382 496 1382 496 1383 510 1383 509 1383 496 1384 509 1384 498 1384 552 1385 550 1385 551 1385 552 1386 551 1386 540 1386 551 1387 548 1387 540 1387 540 1388 548 1388 537 1388 540 1389 537 1389 526 1389 526 1390 537 1390 533 1390 526 1391 533 1391 532 1391 550 1392 552 1392 543 1392 543 1393 552 1393 541 1393 543 1394 541 1394 538 1394 527 1395 525 1395 541 1395 541 1396 525 1396 536 1396 541 1397 536 1397 538 1397 522 1398 527 1398 519 1398 519 1399 527 1399 512 1399 519 1400 512 1400 508 1400 508 1401 512 1401 506 1401 506 1402 512 1402 497 1402 506 1403 497 1403 503 1403 485 1404 490 1404 497 1404 497 1405 490 1405 494 1405 497 1406 494 1406 503 1406 461 1407 467 1407 470 1407 470 1408 467 1408 479 1408 470 1409 479 1409 485 1409 485 1410 479 1410 483 1410 485 1411 483 1411 490 1411 504 1412 501 1412 500 1412 487 1413 489 1413 472 1413 472 1414 489 1414 480 1414 500 1415 501 1415 487 1415 487 1416 501 1416 491 1416 487 1417 491 1417 489 1417 529 1418 531 1418 514 1418 514 1419 531 1419 523 1419 523 1420 520 1420 514 1420 514 1421 520 1421 515 1421 514 1422 515 1422 500 1422 500 1423 515 1423 507 1423 500 1424 507 1424 504 1424 553 1425 555 1425 556 1425 553 1426 556 1426 545 1426 556 1427 549 1427 545 1427 545 1428 549 1428 547 1428 545 1429 547 1429 529 1429 529 1430 547 1430 539 1430 529 1431 539 1431 531 1431 544 1432 546 1432 553 1432 553 1433 546 1433 554 1433 553 1434 554 1434 555 1434 528 1435 534 1435 544 1435 544 1436 534 1436 542 1436 544 1437 542 1437 546 1437 516 1438 517 1438 513 1438 513 1439 517 1439 521 1439 513 1440 521 1440 528 1440 528 1441 521 1441 530 1441 528 1442 530 1442 534 1442 516 1443 513 1443 505 1443 505 1444 513 1444 499 1444 505 1445 499 1445 502 1445 502 1446 499 1446 493 1446 493 1447 499 1447 486 1447 493 1448 486 1448 488 1448 488 1449 486 1449 482 1449 482 1450 486 1450 471 1450 482 1451 471 1451 477 1451 460 1452 463 1452 456 1452 456 1453 463 1453 466 1453 456 1454 466 1454 471 1454 471 1455 466 1455 473 1455 471 1456 473 1456 477 1456 460 1457 456 1457 448 1457 448 1458 456 1458 443 1458 448 1459 443 1459 445 1459 445 1460 443 1460 442 1460 442 1461 443 1461 427 1461 442 1462 427 1462 430 1462 412 1463 421 1463 427 1463 427 1464 421 1464 429 1464 427 1465 429 1465 430 1465 401 1466 404 1466 397 1466 397 1467 404 1467 406 1467 397 1468 406 1468 412 1468 412 1469 406 1469 415 1469 412 1470 415 1470 421 1470 401 1471 397 1471 391 1471 391 1472 397 1472 386 1472 391 1473 386 1473 387 1473 398 1474 396 1474 386 1474 386 1475 396 1475 388 1475 386 1476 388 1476 387 1476 413 1477 402 1477 398 1477 398 1478 402 1478 400 1478 398 1479 400 1479 396 1479 428 1480 431 1480 413 1480 413 1481 431 1481 420 1481 420 1482 417 1482 413 1482 413 1483 417 1483 414 1483 413 1484 414 1484 402 1484 444 1485 437 1485 428 1485 428 1486 437 1486 434 1486 428 1487 434 1487 431 1487 457 1488 451 1488 444 1488 444 1489 451 1489 446 1489 444 1490 446 1490 437 1490 480 1491 474 1491 472 1491 472 1492 474 1492 462 1492 472 1493 462 1493 457 1493 457 1494 462 1494 459 1494 457 1495 459 1495 451 1495</p>
        </triangles>
      </mesh>
    </geometry>
    <geometry id="Shape_IndexedFaceSet_065-mesh" name="Shape_IndexedFaceSet.065">
      <mesh>
        <source id="Shape_IndexedFaceSet_065-mesh-positions">
          <float_array id="Shape_IndexedFaceSet_065-mesh-positions-array" count="780">1.0499 -2.3e-5 0.07174897 1.0499 -2.3e-5 0.090195 1.04997 8.52e-4 0.07174897 1.04997 8.52e-4 0.090195 1.04998 -8.98e-4 0.07174897 1.04998 -8.98e-4 0.090195 1.05021 0.001698911 0.07174897 1.05021 0.001698911 0.090195 1.05023 -0.001741886 0.07174897 1.05023 -0.001741886 0.090195 1.05031 3.94e-4 0.090195 1.05031 3.94e-4 0.127127 1.05032 -4.36e-4 0.090195 1.05032 -4.36e-4 0.127127 1.05046 0.001209974 0.090195 1.05046 0.001209974 0.127127 1.05048 -0.001249969 0.090195 1.05048 -0.001249969 0.127127 1.0506 0.002487957 0.07174897 1.0506 0.002487957 0.090195 1.05062 -0.002526938 0.07174897 1.05062 -0.002526938 0.090195 1.05077 0.001981914 0.090195 1.05077 0.001981914 0.127127 1.05079 -0.002018988 0.090195 1.05079 -0.002018988 0.127127 1.05087 3.67e-4 0.121793 1.05087 3.67e-4 0.127127 1.05087 -4.04e-4 0.121793 1.05087 -4.04e-4 0.127127 1.05102 0.001122891 0.121793 1.05102 0.001122891 0.127127 1.05103 -0.001157999 0.121793 1.05103 -0.001157999 0.127127 1.05112 0.003190994 0.07174897 1.05112 0.003190994 0.090195 1.05115 -0.003224909 0.07174897 1.05115 -0.003224909 0.090195 1.05121 0.002681851 0.090195 1.05121 0.002681851 0.127127 1.05124 -0.002714931 0.090195 1.05124 -0.002714931 0.127127 1.05132 0.001832962 0.121793 1.05132 0.001832962 0.127127 1.05134 -0.00186491 0.121793 1.05134 -0.00186491 0.127127 1.05137 0.003439903 0.06539899 1.05137 0.003439903 0.07174897 1.0514 -0.00347197 0.06539899 1.0514 -0.00347197 0.07174897 1.05176 0.00246793 0.121793 1.05176 0.00246793 0.127127 1.05177 0.003786981 0.06539899 1.05177 0.003786981 0.090195 1.05178 -0.002495944 0.121793 1.05178 -0.002495944 0.127127 1.05178 0.003284931 0.090195 1.05178 0.003284931 0.127127 1.05181 -0.003813982 0.06539899 1.05181 -0.003813982 0.090195 1.05182 -0.003312945 0.090195 1.05182 -0.003312945 0.127127 1.05231 -1.1e-5 0.07174897 1.05231 -1.1e-5 0.121793 1.05231 0.003001928 0.121793 1.05231 0.003001928 0.127127 1.05234 -0.003023982 0.121793 1.05234 -0.003023982 0.127127 1.05239 5.97e-4 0.07174897 1.05239 5.97e-4 0.121793 1.05239 -6.19e-4 0.07174897 1.05239 -6.19e-4 0.121793 1.05246 0.003769934 0.090195 1.05246 0.003769934 0.127127 1.05249 -0.003790915 0.090195 1.05249 -0.003790915 0.127127 1.05252 0.00425297 0.06539899 1.05252 0.00425297 0.090195 1.05256 -0.004272997 0.06539899 1.05256 -0.004272997 0.090195 1.05262 0.001164913 0.07174897 1.05262 0.001164913 0.121793 1.05263 -0.00118494 0.07174897 1.05263 -0.00118494 0.121793 1.05296 0.003411889 0.121793 1.05296 0.003411889 0.127127 1.05299 0.001652956 0.07174897 1.05299 0.001652956 0.121793 1.053 -0.003428936 0.121793 1.053 -0.003428936 0.127127 1.053 -0.00166893 0.07174897 1.053 -0.00166893 0.121793 1.05308 0.001740992 0.06539899 1.05308 0.001740992 0.07174897 1.0531 -0.001755893 0.06539899 1.0531 -0.001755893 0.07174897 1.05321 0.004118919 0.090195 1.05321 0.004118919 0.127127 1.05325 -0.004131913 0.090195 1.05325 -0.004131913 0.127127 1.05333 0.004573941 0.06539899 1.05333 0.004573941 0.090195 1.05338 -0.004586935 0.06539899 1.05338 -0.004586935 0.090195 1.05347 0.002028942 0.06539899 1.05347 0.002028942 0.121793 1.05349 -0.002039909 0.06539899 1.05349 -0.002039909 0.121793 1.05369 0.003683984 0.121793 1.05369 0.003683984 0.127127 1.05372 -0.003692924 0.121793 1.05372 -0.003692924 0.127127 1.05402 0.004317939 0.090195 1.05402 0.004317939 0.127127 1.05404 0.00226593 0.06539899 1.05404 0.00226593 0.121793 1.05406 -0.004323959 0.090195 1.05406 -0.004323959 0.127127 1.05406 -0.00227195 0.06539899 1.05406 -0.00227195 0.121793 1.0542 0.00473994 0.06539899 1.0542 0.00473994 0.090195 1.05424 -0.004743993 0.06539899 1.05424 -0.004743993 0.090195 1.05445 0.003803968 0.121793 1.05445 0.003803968 0.127127 1.05448 -0.003805935 0.121793 1.05448 -0.003805935 0.127127 1.05465 0.002348959 0.06539899 1.05465 0.002348959 0.121793 1.05467 -0.002348959 0.06539899 1.05467 -0.002348959 0.121793 1.05484 0.004361987 0.090195 1.05484 0.004361987 0.127127 1.05489 -0.00435996 0.090195 1.05489 -0.00435996 0.127127 1.05508 0.004743993 0.06539899 1.05508 0.004743993 0.090195 1.05512 -0.00473994 0.06539899 1.05512 -0.00473994 0.090195 1.05522 0.00376898 0.121793 1.05522 0.00376898 0.127127 1.05525 -0.00376296 0.121793 1.05525 -0.00376296 0.127127 1.05526 0.00227195 0.06539899 1.05526 0.00227195 0.121793 1.05528 -0.00226593 0.06539899 1.05528 -0.00226593 0.121793 1.05567 0.00424695 0.090195 1.05567 0.00424695 0.127127 1.05571 -0.00423789 0.090195 1.05571 -0.00423789 0.127127 1.05582 0.002039909 0.06539899 1.05582 0.002039909 0.121793 1.05584 -0.002028942 0.06539899 1.05584 -0.002028942 0.121793 1.05594 0.004586935 0.06539899 1.05594 0.004586935 0.090195 1.05596 0.003578901 0.121793 1.05596 0.003578901 0.127127 1.05598 -0.004573941 0.06539899 1.05598 -0.004573941 0.090195 1.056 -0.003565967 0.121793 1.056 -0.003565967 0.127127 1.05622 0.001755893 0.06539899 1.05622 0.001755893 0.07174897 1.05624 -0.001740992 0.06539899 1.05624 -0.001740992 0.07174897 1.05631 0.00166893 0.07174897 1.05631 0.00166893 0.121793 1.05633 -0.001652956 0.07174897 1.05633 -0.001652956 0.121793 1.05645 0.003979921 0.090195 1.05645 0.003979921 0.127127 1.05649 -0.00396198 0.090195 1.05649 -0.00396198 0.127127 1.05666 0.003242909 0.121793 1.05666 0.003242909 0.127127 1.05669 0.00118494 0.07174897 1.05669 0.00118494 0.121793 1.05669 -0.003223896 0.121793 1.05669 -0.003223896 0.127127 1.0567 -0.001164913 0.07174897 1.0567 -0.001164913 0.121793 1.05676 0.004272997 0.06539899 1.05676 0.004272997 0.090195 1.0568 -0.00425297 0.06539899 1.0568 -0.00425297 0.090195 1.05693 6.19e-4 0.07174897 1.05693 6.19e-4 0.121793 1.05693 -5.97e-4 0.07174897 1.05693 -5.97e-4 0.121793 1.05701 1.1e-5 0.07174897 1.05701 1.1e-5 0.121793 1.05717 0.003567934 0.090195 1.05717 0.003567934 0.127127 1.05721 -0.003543913 0.090195 1.05721 -0.003543913 0.127127 1.05727 0.002774 0.121793 1.05727 0.002774 0.127127 1.0573 -0.002748966 0.121793 1.0573 -0.002748966 0.127127 1.05751 0.003813982 0.06539899 1.05751 0.003813982 0.090195 1.05755 -0.003786981 0.06539899 1.05755 -0.003786981 0.090195 1.05778 0.002191901 0.121793 1.05778 0.002191901 0.127127 1.0578 -0.002160966 0.121793 1.0578 -0.002160966 0.127127 1.0578 0.003027915 0.090195 1.0578 0.003027915 0.127127 1.05783 -0.002996981 0.090195 1.05783 -0.002996981 0.127127 1.05792 0.00347197 0.06539899 1.05792 0.00347197 0.07174897 1.05795 -0.003439903 0.06539899 1.05795 -0.003439903 0.07174897 1.05815 0.001518905 0.121793 1.05815 0.001518905 0.127127 1.05816 0.003224909 0.07174897 1.05816 0.003224909 0.090195 1.05817 -0.001485884 0.121793 1.05817 -0.001485884 0.127127 1.05819 -0.003190994 0.07174897 1.05819 -0.003190994 0.090195 1.05832 0.002377927 0.090195 1.05832 0.002377927 0.127127 1.05834 -0.002341926 0.090195 1.05834 -0.002341926 0.127127 1.05839 7.85e-4 0.121793 1.05839 7.85e-4 0.127127 1.05839 -7.49e-4 0.121793 1.05839 -7.49e-4 0.127127 1.05847 1.8e-5 0.121793 1.05847 1.8e-5 0.127127 1.0587 0.002526938 0.07174897 1.0587 0.002526938 0.090195 1.0587 0.001641929 0.090195 1.0587 0.001641929 0.127127 1.05872 -0.001602888 0.090195 1.05872 -0.001602888 0.127127 1.05872 -0.002487957 0.07174897 1.05872 -0.002487957 0.090195 1.05894 8.47e-4 0.090195 1.05894 8.47e-4 0.127127 1.05895 -8.05e-4 0.090195 1.05895 -8.05e-4 0.127127 1.05902 2.1e-5 0.090195 1.05902 2.1e-5 0.127127 1.05909 0.001741886 0.07174897 1.05909 0.001741886 0.090195 1.05911 -0.001698911 0.07174897 1.05911 -0.001698911 0.090195 1.05934 8.98e-4 0.07174897 1.05934 8.98e-4 0.090195 1.05934 -8.52e-4 0.07174897 1.05934 -8.52e-4 0.090195 1.05942 2.3e-5 0.07174897 1.05942 2.3e-5 0.090195</float_array>
          <technique_common>
            <accessor source="#Shape_IndexedFaceSet_065-mesh-positions-array" count="260" stride="3">
              <param name="X" type="float"/>
              <param name="Y" type="float"/>
              <param name="Z" type="float"/>
            </accessor>
          </technique_common>
        </source>
        <source id="Shape_IndexedFaceSet_065-mesh-normals">
          <float_array id="Shape_IndexedFaceSet_065-mesh-normals-array" count="1104">0 0 -1 6.87954e-6 0 -1 9.12918e-6 0 -1 -1.14294e-5 0 -1 -1.55617e-5 0 -1 -8.6576e-7 0 -1 -8.88054e-6 0 -1 8.67162e-7 0 -1 6.85369e-6 0 -1 -3.46218e-6 0 -1 0.593992 -0.804471 0 -0.5844201 0.8114513 0 -0.6038767 -0.7970778 -2.99846e-4 -0.6939853 -0.7199892 0 -0.7865827 -0.6174851 0 -0.7864651 -0.6176348 0 -0.9207276 -0.3902062 0 -0.9205535 -0.3906167 0 -0.9914965 -0.1301338 0 -0.9914337 -0.1306111 0 -0.9914337 0.1306111 0 -0.9914965 0.1301338 0 -0.9267767 0.375613 0 -0.9270302 0.3749868 0 -0.7967877 0.6042594 0 -0.7969048 0.6041051 0 -0.6087837 0.7933363 0 0.6038767 0.7970778 -1.80113e-4 0.656585 0.7542521 0 0.7942345 0.6076114 0 0.7943523 0.6074574 0 0.9207276 0.3902062 0 0.9206405 0.3904114 0 0.9914652 0.1303725 0 0.9914337 0.1306111 0 0.9914337 -0.1306111 0 0.9914652 -0.1303725 0 0.9268612 -0.3754043 0 0.9269458 -0.3751956 0 0.7969048 -0.6041051 0 0.6164179 -0.7874192 0 -0.5791264 -0.8152378 0 -0.5788965 -0.8154011 0 -0.3827737 -0.9238421 0 -0.3827738 -0.9238421 0 -0.1252804 -0.9921215 0 -0.125227 -0.9921281 0 0.1348448 -0.9908667 0 0.1349021 -0.990859 0 0.3840129 -0.9233278 0 0.383861 -0.9233909 0 0.5938382 -0.8045845 0 0.7001571 -0.7139877 -0.001338422 0.5888472 0.8082444 0 0.588548 0.8084624 0 0.3770725 0.9261838 0 0.3769975 0.9262142 0 0.1252804 0.9921215 0 0.125227 0.9921281 0 -0.1348448 0.9908667 0 -0.1348735 0.9908629 0 -0.3897059 0.9209394 0 -0.3897058 0.9209395 0 -0.5841909 0.8116163 0 -0.6995652 0.7145672 -0.001475632 -6.89457e-6 0 -1 -9.28644e-6 0 -1 1.14316e-5 0 -1 1.52917e-5 0 -1 8.5567e-7 0 -1 8.88054e-6 0 -1 -8.6704e-7 0 -1 -6.84441e-6 0 -1 3.45418e-6 0 -1 -0.6404953 -0.7679622 0 0.6404953 0.7679622 0 -0.6555517 0.7551504 0 0.7170969 0.696967 0.003023207 0.7985497 -0.6019289 0 0.8965746 -0.4428928 0 0.8963923 -0.4432616 0 0.9650375 -0.2621123 0 0.9650374 -0.2621124 0 0.9958283 -0.09124815 0 0.9958699 -0.09079229 0 0.9958699 0.09079217 0 0.9958283 0.09124815 0 0.9588663 0.283858 0 0.9587414 0.28428 0 0.8956007 0.444859 0 0.7908813 0.6119697 0 0.6715854 0.7409272 0 0.6554145 -0.7552694 0 -0.7031682 -0.7110194 0.002440631 -0.8039565 0.5946881 0 -0.8965746 0.4428928 0 -0.8963923 0.4432616 0 -0.9621971 0.2723543 0 -0.9620767 0.2727792 0 -0.9968082 0.07983446 0 -0.9958699 -0.09079217 0 -0.9958283 -0.09124815 0 -0.9588039 -0.284069 0 -0.9587414 -0.28428 0 -0.8956007 -0.444859 0 -0.8956924 -0.4446741 0 -0.7963146 -0.6048827 0 -0.7964256 -0.6047366 0 -0.6657724 -0.7461549 0 -0.6404291 -0.7680174 0 -0.5219457 -0.8529787 0 -0.5220978 -0.8528856 0 -0.3576604 -0.9338517 0 -0.3575462 -0.9338955 0 -0.1795668 -0.9837458 0 -0.1795972 -0.9837402 0 0.004605531 -0.9999895 0 0.1895009 -0.9818806 0 0.1895329 -0.9818744 0 0.3644429 -0.9312257 0 0.3645586 -0.9311805 0 0.527832 -0.8493488 0 0.5276795 -0.8494437 0 0.6553322 -0.7553409 0 0.6814953 -0.7318218 0.001009941 0.719982 -0.6939927 0 0.7984396 -0.602075 0 0.6407059 0.7677865 0 0.5220218 0.8529322 0 0.5219457 0.8529787 0 0.3576604 0.9338517 0 0.3576033 0.9338736 0 0.1795971 0.9837403 0 0.1795365 0.9837513 0 -0.004605531 0.9999895 0 -0.004604756 0.9999895 0 -0.1874486 0.9822744 0 -0.1874175 0.9822803 0 -0.3683012 0.9297066 0 -0.3684782 0.9296364 0 -0.527832 0.8493488 0 -0.5276795 0.8494437 0 -0.6552971 0.7553713 0 -0.6758785 0.7370127 7.83608e-4 -0.7055278 0.7086824 0 -0.8039568 0.5946879 0 -1.82885e-5 0 1 0 0 1 -2.11178e-5 0 1 4.35705e-5 0 1 -1.05538e-5 0 1 -2.67135e-6 0 1 5.31089e-6 0 1 4.57708e-6 0 1 2.16152e-5 0 1 -1.07586e-5 0 1 2.14796e-5 0 1 4.2655e-5 0 1 4.1589e-5 0 1 -4.10911e-5 0 1 4.40616e-5 0 1 -4.109e-5 0 1 5.73362e-6 0 1 -4.38156e-6 0 1 1.00057e-5 0 1 -1.16113e-5 0 1 -4.14094e-6 0 1 -1.90882e-5 0 1 1.89198e-5 0 1 -3.80294e-5 0 1 0.9953322 0.0965085 0 0.9573651 0.2888807 0 0.9572979 0.2891033 0 0.8885202 0.4588375 0 0.8886196 0.4586451 0 0.7808446 0.6247254 0 0.7808445 0.6247256 0 0.6507468 0.7592948 0 0.6508668 0.7591919 0 0.4965406 0.8680136 0 0.4967501 0.8678937 0 0.3239963 0.9460583 0 0.3238462 0.9461097 0 0.1372613 0.990535 0 0.1372941 0.9905304 0 -0.05363535 0.9985607 0 -0.2386131 0.9711148 0 -0.2386692 0.971101 0 -0.4218494 0.9066659 0 -0.4218493 0.906666 0 -0.5806413 0.8141595 0 -0.5807557 0.814078 0 -0.7266574 0.6870001 0 -0.7266575 0.687 0 -0.8465307 0.5323399 0 -0.8467504 0.5319904 0 -0.9280229 0.3725233 0 -0.9279391 0.3727322 0 -0.9835433 0.1806729 0 -0.9835001 0.1809082 0 -0.9999262 -0.01215195 0 -0.981228 -0.1928513 0 -0.9275332 -0.3737411 0 -0.8397232 -0.5430148 0 -0.839723 -0.543015 0 -0.7179244 -0.6961212 0 -0.7178032 -0.6962461 0 -0.5805391 -0.8142324 0 -0.5808866 -0.8139846 0 -0.4092977 -0.9124009 0 -0.4093881 -0.9123604 0 -0.230759 -0.9730109 0 -0.2306503 -0.9730368 0 -0.04333686 -0.9990605 0 -0.0433368 -0.9990605 0 0.1472324 -0.989102 0 0.3335896 -0.9427185 0 0.3334362 -0.9427728 0 0.5020313 -0.8648495 0 0.5021367 -0.8647883 0 0.6616924 -0.7497755 0 0.6614504 -0.749989 0 0.789057 -0.6143202 0 0.8892892 -0.4573454 0 0.960881 -0.2769618 0 0.996428 -0.08444666 0 0.9964485 -0.08420497 0 0.9953555 0.0962677 0 8.12458e-6 0 1 3.24742e-5 0 1 -1.64229e-5 0 1 3.23745e-5 0 1 3.31719e-5 0 1 -3.20766e-5 0 1 3.15705e-5 0 1 3.46678e-5 0 1 -3.14755e-5 0 1 1.75374e-5 0 1 1.78408e-5 0 1 4.53213e-6 0 1 -1.88175e-5 0 1 1.22616e-5 0 1 -8.16391e-6 0 1 1.63848e-5 0 1 1.62478e-5 0 1 -3.26256e-5 0 1 3.20514e-5 0 1 -3.44813e-5 0 1 -3.10898e-5 0 1 -1.14031e-6 0 1 1.43212e-5 0 1 -1.03254e-5 0 1 -0.9945855 -0.1039216 0 -0.9946089 -0.1036976 0 -0.9504396 -0.3109095 0 -0.8764047 -0.4815754 0 -0.8763079 -0.4817516 0 -0.7520349 -0.6591235 0 -0.7521451 -0.6589977 0 -0.6094628 -0.7928147 0 -0.6095713 -0.7927313 0 -0.4326726 -0.9015512 0 -0.4326711 -0.9015518 0 -0.2487452 -0.968569 0 -0.2488554 -0.9685407 0 -0.04538226 -0.9989697 0 -0.04539251 -0.9989693 0 0.15597 -0.9877618 0 0.1559346 -0.9877675 0 0.3492577 -0.9370267 0 0.3491843 -0.937054 0 0.5335459 -0.8457712 0 0.5335471 -0.8457704 0 0.6964833 -0.7175731 0 0.6965953 -0.7174644 0 0.8218438 -0.569713 0 0.8220554 -0.5694076 0 0.9211652 -0.389172 0 0.9211646 -0.3891732 0 0.9809242 -0.1943907 0 0.9807944 -0.1950446 0 1 0 0 0.9781893 0.2077154 0 0.9782353 0.2074986 0 0.9158515 0.4015172 0 0.9157678 0.4017082 0 0.8202871 0.5719519 0 0.8201795 0.5721063 0 0.6860738 0.727532 0 0.6859605 0.7276387 0 0.5230773 0.8522853 0 0.5227771 0.8524695 0 0.3444347 0.9388103 0 0.3442859 0.938865 0 0.1469976 0.9891369 0 0.1470311 0.9891319 0 -0.05573827 0.9984454 0 -0.05571287 0.9984469 0 -0.2540131 0.9672008 0 -0.2540693 0.9671861 0 -0.4441561 0.8959495 0 -0.4441576 0.8959488 0 -0.6144061 0.78899 0 -0.6142966 0.7890752 0 -0.7617757 0.6478409 0 -0.7618858 0.6477113 0 -0.8769364 0.4806067 0 -0.8768407 0.480781 0 -0.9582078 0.2860735 0 -0.9946089 0.1036976 0 -0.9945855 0.1039216 0 1.31682e-5 0 1 -1.29999e-5 0 1 3.26315e-5 0 1 -1.28729e-5 0 1 3.23838e-5 0 1 -6.52408e-6 0 1 -1.28864e-5 0 1 3.31118e-5 0 1 -1.30966e-5 0 1 1.27053e-5 0 1 1.20332e-5 0 1 1.30897e-5 0 1 -1.16335e-5 0 1 -3.21048e-6 0 1 8.02741e-6 0 1 1.29033e-5 0 1 -1.67519e-5 0 1 6.61385e-6 0 1 -3.19786e-5 0 1 -6.53436e-6 0 1 1.29968e-5 0 1 -6.33575e-6 0 1 -1.31342e-5 0 1 1.31403e-5 0 1 -1.60155e-5 0 1 6.53854e-6 0 1 3.25909e-5 0 1 -1.28926e-5 0 1 -8.16668e-7 0 1 0.7104271 -0.7037709 0 0.7103967 -0.7038015 0 0.7048394 0.7093669 0 0.7047477 0.7094581 0 -8.76145e-6 0 -1 1.95759e-5 0 -1 -1.36796e-5 0 -1 3.4622e-6 0 -1 -4.96872e-6 0 -1 2.10687e-5 0 -1 4.93149e-6 0 -1 -3.44869e-6 0 -1 1.73256e-6 0 -1 -3.41723e-6 0 -1 -0.7104271 0.7037709 0 -0.7103967 0.7038015 0 -0.704809 -0.7093971 0 -0.7048085 -0.7093976 0 8.5998e-6 0 -1 -1.97799e-5 0 -1 1.37666e-5 0 -1 -3.46247e-6 0 -1 4.96872e-6 0 -1 -2.10073e-5 0 -1 -4.93149e-6 0 -1 3.44869e-6 0 -1 -1.72361e-6 0 -1 3.40742e-6 0 -1</float_array>
          <technique_common>
            <accessor source="#Shape_IndexedFaceSet_065-mesh-normals-array" count="368" stride="3">
              <param name="X" type="float"/>
              <param name="Y" type="float"/>
              <param name="Z" type="float"/>
            </accessor>
          </technique_common>
        </source>
        <vertices id="Shape_IndexedFaceSet_065-mesh-vertices">
          <input semantic="POSITION" source="#Shape_IndexedFaceSet_065-mesh-positions"/>
        </vertices>
        <triangles material="Shape_014_001-material" count="520">
          <input semantic="VERTEX" source="#Shape_IndexedFaceSet_065-mesh-vertices" offset="0"/>
          <input semantic="NORMAL" source="#Shape_IndexedFaceSet_065-mesh-normals" offset="1"/>
          <p>146 0 154 0 186 0 186 1 154 1 204 1 204 2 154 2 166 2 204 3 166 3 216 3 48 0 94 0 58 0 58 4 94 4 106 4 186 0 160 0 146 0 146 5 160 5 138 5 146 0 138 0 130 0 130 6 138 6 122 6 130 0 122 0 118 0 118 7 122 7 102 7 118 0 102 0 106 0 106 8 102 8 78 8 106 9 78 9 58 9 93 10 92 10 104 10 167 11 166 11 154 11 153 12 165 12 169 12 169 13 165 13 168 13 169 14 168 14 179 14 179 15 168 15 178 15 179 16 178 16 189 16 189 17 178 17 188 17 189 18 188 18 193 18 193 19 188 19 192 19 193 20 192 20 191 20 191 21 192 21 190 21 191 22 190 22 183 22 183 23 190 23 182 23 183 24 182 24 171 24 171 25 182 25 170 25 171 26 170 26 155 26 107 27 95 27 91 27 91 28 95 28 90 28 91 29 90 29 83 29 83 30 90 30 82 30 83 31 82 31 71 31 71 32 82 32 70 32 71 33 70 33 63 33 63 34 70 34 62 34 63 35 62 35 69 35 69 36 62 36 68 36 69 37 68 37 81 37 81 38 68 38 80 38 81 39 80 39 87 39 87 39 80 39 86 39 87 40 86 40 105 40 164 41 165 41 152 41 152 42 165 42 153 42 152 43 153 43 144 43 144 44 153 44 145 44 144 45 145 45 128 45 128 46 145 46 129 46 128 47 129 47 114 47 114 48 129 48 115 48 114 49 115 49 104 49 104 50 115 50 105 50 104 51 105 51 93 51 93 52 105 52 86 52 94 53 95 53 106 53 106 54 95 54 107 54 106 55 107 55 118 55 118 56 107 56 119 56 118 57 119 57 130 57 130 58 119 58 131 58 130 59 131 59 146 59 146 60 131 60 147 60 146 61 147 61 154 61 154 62 147 62 155 62 154 63 155 63 167 63 167 64 155 64 170 64 114 0 104 0 76 0 76 65 104 65 52 65 52 66 104 66 92 66 52 67 92 67 46 67 214 0 164 0 202 0 202 68 164 68 152 68 76 0 100 0 114 0 114 69 100 69 120 69 114 0 120 0 128 0 128 70 120 70 136 70 128 0 136 0 144 0 144 71 136 71 156 71 144 0 156 0 152 0 152 72 156 72 184 72 152 73 184 73 202 73 49 74 48 74 58 74 215 75 214 75 202 75 52 76 46 76 47 76 220 77 215 77 203 77 225 78 242 78 243 78 243 79 242 79 252 79 243 80 252 80 253 80 253 81 252 81 256 81 253 82 256 82 257 82 257 83 256 83 258 83 257 84 258 84 259 84 259 85 258 85 254 85 259 86 254 86 255 86 255 87 254 87 250 87 255 88 250 88 251 88 251 89 250 89 236 89 251 89 236 89 237 89 237 90 236 90 220 90 237 90 220 90 221 90 221 91 220 91 203 91 204 92 216 92 217 92 36 93 49 93 59 93 35 94 18 94 19 94 19 95 18 95 6 95 19 96 6 96 7 96 7 97 6 97 2 97 7 98 2 98 3 98 3 99 2 99 0 99 3 99 0 99 1 99 1 100 0 100 4 100 1 101 4 101 5 101 5 102 4 102 8 102 5 103 8 103 9 103 9 104 8 104 20 104 9 105 20 105 21 105 21 106 20 106 36 106 21 107 36 107 37 107 37 108 36 108 59 108 49 109 58 109 59 109 59 110 58 110 78 110 59 111 78 111 79 111 79 112 78 112 102 112 79 113 102 113 103 113 103 114 102 114 122 114 103 115 122 115 123 115 123 116 122 116 138 116 123 116 138 116 139 116 139 117 138 117 160 117 139 118 160 118 161 118 161 119 160 119 186 119 161 120 186 120 187 120 187 121 186 121 204 121 187 122 204 122 205 122 205 123 204 123 217 123 205 124 217 124 225 124 225 125 217 125 224 125 225 126 224 126 242 126 215 127 202 127 203 127 203 128 202 128 184 128 203 129 184 129 185 129 185 130 184 130 156 130 185 131 156 131 157 131 157 132 156 132 136 132 157 133 136 133 137 133 137 134 136 134 120 134 137 135 120 135 121 135 121 136 120 136 100 136 121 137 100 137 101 137 101 138 100 138 76 138 101 139 76 139 77 139 77 140 76 140 52 140 77 141 52 141 53 141 53 142 52 142 47 142 53 143 47 143 35 143 35 144 47 144 34 144 35 145 34 145 18 145 7 146 3 146 10 146 10 147 3 147 1 147 10 148 1 148 12 148 12 147 1 147 5 147 12 147 5 147 16 147 16 149 5 149 9 149 16 150 9 150 24 150 24 147 9 147 21 147 24 147 21 147 40 147 40 147 21 147 37 147 40 147 37 147 60 147 60 147 37 147 59 147 60 151 59 151 74 151 74 147 59 147 79 147 74 152 79 152 98 152 98 147 79 147 103 147 98 147 103 147 116 147 116 147 103 147 123 147 116 147 123 147 134 147 134 153 123 153 139 153 134 147 139 147 150 147 150 147 139 147 161 147 150 154 161 154 174 154 174 155 161 155 187 155 174 147 187 147 196 147 196 147 187 147 205 147 196 147 205 147 212 147 212 156 205 156 225 156 212 147 225 147 228 147 228 147 225 147 243 147 228 147 243 147 240 147 240 147 243 147 253 147 240 147 253 147 246 147 246 157 253 157 257 157 246 147 257 147 248 147 248 158 257 158 259 158 248 147 259 147 244 147 244 159 259 159 255 159 244 160 255 160 238 160 238 161 255 161 251 161 238 147 251 147 226 147 226 147 251 147 237 147 226 147 237 147 210 147 210 147 237 147 221 147 210 147 221 147 194 147 194 147 221 147 203 147 194 162 203 162 172 162 172 147 203 147 185 147 172 163 185 163 148 163 148 164 185 164 157 164 148 165 157 165 132 165 132 147 157 147 137 147 132 147 137 147 112 147 112 166 137 166 121 166 112 147 121 147 96 147 96 147 121 147 101 147 96 147 101 147 72 147 72 147 101 147 77 147 72 147 77 147 56 147 56 167 77 167 53 167 56 147 53 147 38 147 38 168 53 168 35 168 38 147 35 147 22 147 22 169 35 169 19 169 22 147 19 147 14 147 14 147 19 147 7 147 14 147 7 147 10 147 249 170 244 170 245 170 245 171 244 171 238 171 245 172 238 172 239 172 239 173 238 173 226 173 239 174 226 174 227 174 227 175 226 175 210 175 227 176 210 176 211 176 211 177 210 177 194 177 211 178 194 178 195 178 195 179 194 179 172 179 195 180 172 180 173 180 173 181 172 181 148 181 173 182 148 182 149 182 149 183 148 183 132 183 149 184 132 184 133 184 133 185 132 185 112 185 133 185 112 185 113 185 113 186 112 186 96 186 113 187 96 187 97 187 97 188 96 188 72 188 97 189 72 189 73 189 73 190 72 190 56 190 73 191 56 191 57 191 57 192 56 192 38 192 57 193 38 193 39 193 39 194 38 194 22 194 39 195 22 195 23 195 23 196 22 196 14 196 23 197 14 197 15 197 15 198 14 198 10 198 15 199 10 199 11 199 11 200 10 200 12 200 11 200 12 200 13 200 13 201 12 201 16 201 13 201 16 201 17 201 17 202 16 202 24 202 17 202 24 202 25 202 25 203 24 203 40 203 25 204 40 204 41 204 41 205 40 205 60 205 41 206 60 206 61 206 61 207 60 207 74 207 61 208 74 208 75 208 75 209 74 209 98 209 75 210 98 210 99 210 99 211 98 211 116 211 99 212 116 212 117 212 117 213 116 213 134 213 117 214 134 214 135 214 135 215 134 215 150 215 135 215 150 215 151 215 151 216 150 216 174 216 151 217 174 217 175 217 175 218 174 218 196 218 175 219 196 219 197 219 197 220 196 220 212 220 197 221 212 221 213 221 213 222 212 222 228 222 213 222 228 222 229 222 229 223 228 223 240 223 229 223 240 223 241 223 241 224 240 224 246 224 241 224 246 224 247 224 247 225 246 225 248 225 247 226 248 226 249 226 249 227 248 227 244 227 125 147 113 147 109 147 109 228 113 228 97 228 109 229 97 229 85 229 85 230 97 230 73 230 85 147 73 147 65 147 65 231 73 231 57 231 65 232 57 232 51 232 51 233 57 233 39 233 51 147 39 147 43 147 43 147 39 147 23 147 43 147 23 147 31 147 31 147 23 147 15 147 31 147 15 147 27 147 27 234 15 234 11 234 27 147 11 147 29 147 29 147 11 147 13 147 29 235 13 235 33 235 33 236 13 236 17 236 33 147 17 147 45 147 45 147 17 147 25 147 45 237 25 237 55 237 55 147 25 147 41 147 55 238 41 238 67 238 67 147 41 147 61 147 67 239 61 239 89 239 89 147 61 147 75 147 89 147 75 147 111 147 111 147 75 147 99 147 111 240 99 240 127 240 99 147 117 147 127 147 127 241 117 241 135 241 127 147 135 147 143 147 143 242 135 242 151 242 143 147 151 147 163 147 163 243 151 243 175 243 163 147 175 147 181 147 181 244 175 244 197 244 181 147 197 147 201 147 201 147 197 147 213 147 201 147 213 147 209 147 209 245 213 245 229 245 209 147 229 147 223 147 223 147 229 147 241 147 223 147 241 147 233 147 233 147 241 147 247 147 233 147 247 147 235 147 235 246 247 246 249 246 235 247 249 247 231 247 231 147 249 147 245 147 231 147 245 147 219 147 219 147 245 147 239 147 219 147 239 147 207 147 207 248 239 248 227 248 207 147 227 147 199 147 199 147 227 147 211 147 199 147 211 147 177 147 177 147 211 147 195 147 177 249 195 249 159 249 159 147 195 147 173 147 159 147 173 147 141 147 141 147 173 147 149 147 141 147 149 147 125 147 125 250 149 250 133 250 125 251 133 251 113 251 234 252 235 252 230 252 230 253 235 253 231 253 230 254 231 254 218 254 218 254 231 254 219 254 218 255 219 255 206 255 206 256 219 256 207 256 206 257 207 257 198 257 198 258 207 258 199 258 198 259 199 259 176 259 176 260 199 260 177 260 176 261 177 261 158 261 158 262 177 262 159 262 158 263 159 263 140 263 140 264 159 264 141 264 140 265 141 265 124 265 124 266 141 266 125 266 124 267 125 267 108 267 108 268 125 268 109 268 108 269 109 269 84 269 84 270 109 270 85 270 84 271 85 271 64 271 64 272 85 272 65 272 64 273 65 273 50 273 50 274 65 274 51 274 50 275 51 275 42 275 42 276 51 276 43 276 42 277 43 277 30 277 30 278 43 278 31 278 30 279 31 279 26 279 26 280 31 280 27 280 26 281 27 281 28 281 28 281 27 281 29 281 28 282 29 282 32 282 32 283 29 283 33 283 32 284 33 284 44 284 44 285 33 285 45 285 44 286 45 286 54 286 54 287 45 287 55 287 54 288 55 288 66 288 66 289 55 289 67 289 66 290 67 290 88 290 88 291 67 291 89 291 88 292 89 292 110 292 110 293 89 293 111 293 110 294 111 294 126 294 126 295 111 295 127 295 126 296 127 296 142 296 142 297 127 297 143 297 142 298 143 298 162 298 162 299 143 299 163 299 162 300 163 300 180 300 180 301 163 301 181 301 180 302 181 302 200 302 200 303 181 303 201 303 200 304 201 304 208 304 208 305 201 305 209 305 208 306 209 306 222 306 222 307 209 307 223 307 222 308 223 308 232 308 232 308 223 308 233 308 232 309 233 309 234 309 234 310 233 310 235 310 183 147 222 147 191 147 191 147 222 147 232 147 191 147 232 147 193 147 193 147 232 147 234 147 193 147 234 147 189 147 105 147 64 147 87 147 87 311 64 311 50 311 87 147 50 147 81 147 81 312 50 312 42 312 81 313 42 313 69 313 69 314 42 314 30 314 69 147 30 147 63 147 131 147 142 147 147 147 147 147 142 147 162 147 147 315 162 315 155 315 155 316 162 316 180 316 155 147 180 147 171 147 171 317 180 317 200 317 171 318 200 318 183 318 183 147 200 147 208 147 183 319 208 319 222 319 30 320 26 320 63 320 63 147 26 147 28 147 63 321 28 321 71 321 71 322 28 322 32 322 71 323 32 323 83 323 83 147 32 147 44 147 83 147 44 147 91 147 234 324 230 324 189 324 189 147 230 147 218 147 189 325 218 325 179 325 179 147 218 147 206 147 179 147 206 147 169 147 169 147 206 147 198 147 169 147 198 147 153 147 153 326 198 326 176 326 153 327 176 327 145 327 176 147 158 147 145 147 145 328 158 328 140 328 145 329 140 329 129 329 129 330 140 330 124 330 129 147 124 147 115 147 115 331 124 331 108 331 115 147 108 147 105 147 105 332 108 332 84 332 105 333 84 333 64 333 44 147 54 147 91 147 91 334 54 334 66 334 91 335 66 335 107 335 107 147 66 147 88 147 107 147 88 147 119 147 119 336 88 336 110 336 119 337 110 337 131 337 131 338 110 338 126 338 131 339 126 339 142 339 215 340 165 340 214 340 214 341 165 341 164 341 216 342 166 342 217 342 217 343 166 343 167 343 165 0 215 0 168 0 168 344 215 344 220 344 168 345 220 345 178 345 220 346 236 346 178 346 178 347 236 347 250 347 178 0 250 0 188 0 188 0 250 0 254 0 188 0 254 0 192 0 192 0 254 0 258 0 192 348 258 348 190 348 217 0 167 0 224 0 224 349 167 349 170 349 224 0 170 0 242 0 242 350 170 350 182 350 242 351 182 351 252 351 252 0 182 0 190 0 252 352 190 352 256 352 256 353 190 353 258 353 49 354 95 354 48 354 48 355 95 355 94 355 46 356 92 356 47 356 47 357 92 357 93 357 95 0 49 0 90 0 90 358 49 358 36 358 90 359 36 359 82 359 36 360 20 360 82 360 82 361 20 361 8 361 82 0 8 0 70 0 70 0 8 0 4 0 70 0 4 0 62 0 62 0 4 0 0 0 62 362 0 362 68 362 47 0 93 0 34 0 34 363 93 363 86 363 34 0 86 0 18 0 18 364 86 364 80 364 18 365 80 365 6 365 6 0 80 0 68 0 6 366 68 366 2 366 2 367 68 367 0 367</p>
        </triangles>
      </mesh>
    </geometry>
    <geometry id="Shape_IndexedFaceSet_064-mesh" name="Shape_IndexedFaceSet.064">
      <mesh>
        <source id="Shape_IndexedFaceSet_064-mesh-positions">
          <float_array id="Shape_IndexedFaceSet_064-mesh-positions-array" count="888">1.05902 8.15e-4 0.09533995 1.05902 8.15e-4 0.109093 1.05902 7.71e-4 0.09530198 1.05902 5.24e-4 0.09508496 1.05902 4.53e-4 0.09502196 1.05902 2.66e-4 0.09485697 1.05902 1.33e-4 0.09474295 1.05902 2.1e-5 0.09464699 1.05902 3.1e-5 0.09465497 1.05902 1.1e-5 0.09465497 1.05903 -1.88e-4 0.09482896 1.05903 -4.82e-4 0.09508395 1.05903 -5.09e-4 0.09510695 1.05903 -5.41e-4 0.09513497 1.05903 -7.73e-4 0.09533995 1.05903 -7.73e-4 0.109093 1.05903 4.53e-4 0.09508097 1.05905 -1.89e-4 0.09507596 1.05905 -8.11e-4 0.095465 1.05905 1.33e-4 0.09507495 1.05905 8.73e-4 0.09551995 1.05905 8.73e-4 0.09552198 1.05906 -8.29e-4 0.09551197 1.05906 -8.28e-4 0.09551995 1.05906 -8.31e-4 0.09551995 1.05907 7.74e-4 0.09551399 1.05909 -8.72e-4 0.09562897 1.0591 9.45e-4 0.09570199 1.05911 -5.1e-4 0.09550398 1.05912 4.55e-4 0.095501 1.05913 -9.42e-4 0.09579098 1.05914 -1.89e-4 0.09549599 1.05914 1.33e-4 0.09549498 1.05914 0.001028895 0.09588098 1.05916 0.001056969 0.09593397 1.05916 -0.001003921 0.09591799 1.05917 -0.001012921 0.09593397 1.05919 0.001112878 0.09603595 1.0592 0.001124978 0.09605896 1.0592 -8.41e-4 0.095923 1.05921 7.86e-4 0.09591799 1.05922 -0.001097977 0.09608697 1.05925 -5.17e-4 0.09590798 1.05926 4.62e-4 0.095905 1.05926 0.001233935 0.09623599 1.05927 -0.001182973 0.09622496 1.05928 -1.91e-4 0.09589999 1.05928 -0.001200914 0.09625297 1.05928 1.36e-4 0.09589898 1.0593 0.001297891 0.09632897 1.05931 -0.001252949 0.09632897 1.05931 0.001321971 0.09636396 1.05932 -0.001192927 0.09632498 1.05934 0.001137912 0.096318 1.05934 -0.001313984 0.09641599 1.05938 0.001453936 0.09653997 1.0594 -8.64e-4 0.09630399 1.05941 8.08e-4 0.09629899 1.05941 0.001503944 0.09659999 1.05941 -0.001434922 0.096574 1.05945 -5.32e-4 0.09628999 1.05945 4.75e-4 0.09628695 1.05946 0.00158596 0.09669798 1.05947 -1.96e-4 0.096282 1.05947 0.001610994 0.09672796 1.05947 0.001610994 0.109093 1.05947 1.4e-4 0.09628099 1.05948 -0.001538932 0.09669798 1.05948 0.001520991 0.09669297 1.05949 -0.001563966 0.09672796 1.05949 -0.001563966 0.109093 1.05951 0.001610994 0.09676396 1.05956 -0.001240909 0.09667599 1.05958 0.001182973 0.09666895 1.05961 0.001610994 0.09686797 1.05963 -0.001562893 0.09687399 1.05964 -8.98e-4 0.09665495 1.05965 8.41e-4 0.09665 1.05969 -5.52e-4 0.096641 1.0597 4.94e-4 0.09663796 1.05972 -2.04e-4 0.09663397 1.05972 1.46e-4 0.09663295 1.05975 0.001611948 0.097005 1.05975 0.001611948 0.097009 1.05976 0.001594901 0.09700798 1.05977 -0.001562893 0.097009 1.05977 -0.001562893 0.09701198 1.05982 0.001611948 0.09706497 1.05984 -0.001300871 0.09698998 1.05986 0.001241922 0.09698396 1.0599 0.001612961 0.09713298 1.05992 -9.42e-4 0.09696996 1.05993 -0.001561999 0.09713995 1.05994 8.82e-4 0.09696596 1.05998 -5.79e-4 0.09695696 1.05999 5.19e-4 0.09695398 1.06001 -2.14e-4 0.09694898 1.06001 1.53e-4 0.09694796 1.06006 0.001613855 0.09725195 1.06009 -0.001560986 0.09725999 1.0601 0.001613855 0.09727495 1.06011 -0.001560986 0.09727597 1.06014 -0.001560986 0.09729498 1.06017 -0.0013749 0.09726399 1.06018 0.001311898 0.09725695 1.06023 0.001613855 0.09736096 1.06025 -9.96e-4 0.09724396 1.06026 9.32e-4 0.09723895 1.06031 -6.12e-4 0.09722995 1.06032 5.48e-4 0.09722799 1.06032 -0.001559913 0.09740298 1.06034 -2.26e-4 0.09722298 1.06034 1.62e-4 0.09722197 1.06041 0.001614928 0.09746199 1.06047 0.001615822 0.09749597 1.06049 -0.001558899 0.09749698 1.0605 -0.001558899 0.09749996 1.06051 0.001615822 0.09751397 1.06052 -0.001458883 0.09749096 1.06053 0.001392841 0.09748399 1.06061 -0.001056969 0.09747099 1.06062 9.9e-4 0.09746599 1.06067 -6.5e-4 0.09745699 1.06068 5.82e-4 0.09745395 1.06068 -0.001557946 0.09758496 1.06069 0.001616895 0.097597 1.0607 -2.4e-4 0.09744995 1.0607 1.72e-4 0.097449 1.06087 -0.001556873 0.09766 1.06088 0.001617968 0.09766697 1.06088 0.001617968 0.09766995 1.06089 -0.001556873 0.09766697 1.06089 -0.001552999 0.09766697 1.06091 -0.001556873 0.09767299 1.06091 0.001482844 0.09766 1.06099 -0.001124978 0.09764695 1.061 0.001053929 0.097642 1.06106 -6.92e-4 0.097633 1.06106 -0.001556873 0.09772199 1.06107 6.2e-4 0.09762996 1.06108 0.001618981 0.09772998 1.06109 -2.55e-4 0.09762597 1.06109 1.83e-4 0.09762495 1.06114 -0.001555979 0.09774196 1.06128 0.001619935 0.09777998 1.0613 0.001619935 0.09778398 1.06131 0.00157994 0.09778296 1.06132 -0.001554906 0.09778398 1.06133 -0.001554906 0.09778898 1.0614 -0.001198947 0.09776896 1.06141 0.001122891 0.09776395 1.06147 -7.38e-4 0.09775495 1.06147 0.001619935 0.09781599 1.06148 6.61e-4 0.09775197 1.06148 0.001620948 0.097817 1.0615 -2.72e-4 0.09774696 1.06151 1.95e-4 0.09774595 1.06154 -0.001553893 0.09782296 1.06159 0.001620948 0.09783297 1.06174 0.001621842 0.09784495 1.06174 -0.001552999 0.09784597 1.06175 -0.001552999 0.09784597 1.0618 0.001621842 0.09785097 1.06181 -0.001277983 0.097835 1.06183 0.00119698 0.09782999 1.06189 -7.86e-4 0.09781998 1.0619 7.04e-4 0.097817 1.06193 -2.9e-4 0.09781199 1.06193 2.08e-4 0.09781098 1.06194 -0.001551926 0.09785598 1.062 0.001622915 0.09785598 1.06214 -0.001550972 0.097853 1.06218 0.001623988 0.09784996 1.06219 -0.001550972 0.09785097 1.0622 0.001623988 0.09784895 1.06223 -0.001359999 0.097844 1.06225 0.001272976 0.09783798 1.06226 -0.001550972 0.09784698 1.06231 -8.36e-4 0.09782797 1.06232 7.49e-4 0.09782397 1.06235 -3.09e-4 0.09781897 1.06236 2.21e-4 0.09781795 1.06241 0.001624882 0.09782999 1.06246 -0.001549959 0.09782499 1.06261 0.001625955 0.097799 1.06263 -0.001548886 0.097799 1.06265 -0.001442909 0.09779399 1.06266 0.001350939 0.09778797 1.06273 -8.88e-4 0.09777796 1.06274 7.94e-4 0.09777396 1.06278 -3.28e-4 0.097768 1.06278 2.34e-4 0.09776699 1.0702 0.00166285 0.105283 1.07022 -0.001511991 0.105283 1.07023 0.00166285 0.104983 1.07023 0.00166285 0.105583 1.07025 -0.001511991 0.104983 1.07025 -0.001511991 0.105583 1.07032 0.00166285 0.104693 1.07032 0.00166285 0.105873 1.07033 -0.001511991 0.104693 1.07033 -0.001511991 0.105873 1.07046 0.001663923 0.104425 1.07046 0.001663923 0.106141 1.07047 -0.001510918 0.104425 1.07047 -0.001510918 0.106141 1.07064 0.001664996 0.104187 1.07064 0.001664996 0.106379 1.07066 -0.001509964 0.104187 1.07066 -0.001509964 0.106379 1.07087 0.00166589 0.10399 1.07087 0.00166589 0.106576 1.07089 -0.001508951 0.10399 1.07089 -0.001508951 0.106576 1.07113 0.001666963 0.103839 1.07113 0.001666963 0.106727 1.07115 -0.001507937 0.103839 1.07115 -0.001507937 0.106727 1.07142 0.00166893 0.10374 1.07142 0.00166893 0.106826 1.07143 -0.001505911 0.10374 1.07143 -0.001505911 0.106826 1.07172 0.001669943 0.103697 1.07172 0.001669943 0.106869 1.07173 -0.001504898 0.103697 1.07173 -0.001504898 0.106869 1.07202 0.00167191 0.103712 1.07202 0.00167191 0.106854 1.07203 -0.001502931 0.103712 1.07203 -0.001502931 0.106854 1.07231 0.001672983 0.103783 1.07231 0.001672983 0.106783 1.07233 -0.001501977 0.103783 1.07233 -0.001501977 0.106783 1.07259 0.001673996 0.103908 1.07259 0.001673996 0.106658 1.0726 -0.001500964 0.103908 1.0726 -0.001500964 0.106658 1.07283 0.00167495 0.104083 1.07283 0.00167495 0.106483 1.07285 -0.001499891 0.104083 1.07285 -0.001499891 0.106483 1.07304 0.001675963 0.104302 1.07304 0.001675963 0.106264 1.07306 -0.001498997 0.104302 1.07306 -0.001498997 0.106264 1.0732 0.001676917 0.104556 1.0732 0.001676917 0.10601 1.07322 -0.001497924 0.104556 1.07322 -0.001497924 0.10601 1.07332 0.00167793 0.104836 1.07332 0.00167793 0.1057299 1.07333 -0.001496911 0.104836 1.07333 -0.001496911 0.1057299 1.07337 0.00167793 0.105132 1.07337 0.00167793 0.105434 1.07338 0.00167793 0.105283 1.07339 -0.001496911 0.105132 1.07339 -0.001496911 0.105434 1.0734 -0.001496911 0.105283 1.07528 0.00168699 0.09541296 1.07528 0.00168699 0.109093 1.0753 -0.00148797 0.09541296 1.0753 -0.00148797 0.109093 1.07558 0.001661956 0.09535795 1.07558 0.001661956 0.109093 1.07559 -0.001458883 0.09535795 1.07559 -0.001458883 0.109093 1.07586 0.00158298 0.09530496 1.07586 0.00158298 0.109093 1.07587 -0.00137794 0.09530496 1.07587 -0.00137794 0.109093 1.07612 0.001453936 0.09525495 1.07612 0.001453936 0.109093 1.07614 -0.001245915 0.09525495 1.07614 -0.001245915 0.109093 1.07636 0.001277983 0.09521096 1.07636 0.001277983 0.109093 1.07637 -0.001067996 0.09521096 1.07637 -0.001067996 0.109093 1.07656 0.001062989 0.09517395 1.07656 0.001062989 0.109093 1.07656 -8.51e-4 0.09517395 1.07656 -8.51e-4 0.109093 1.07671 8.14e-4 0.09514498 1.07671 8.14e-4 0.109093 1.07672 -6.01e-4 0.09514498 1.07672 -6.01e-4 0.109093 1.07682 5.42e-4 0.09512495 1.07682 5.42e-4 0.109093 1.07682 -3.27e-4 0.09512495 1.07682 -3.27e-4 0.109093 1.07687 2.54e-4 0.095115 1.07687 2.54e-4 0.109093 1.07687 -3.9e-5 0.095115 1.07687 -3.9e-5 0.109093</float_array>
          <technique_common>
            <accessor source="#Shape_IndexedFaceSet_064-mesh-positions-array" count="296" stride="3">
              <param name="X" type="float"/>
              <param name="Y" type="float"/>
              <param name="Z" type="float"/>
            </accessor>
          </technique_common>
        </source>
        <source id="Shape_IndexedFaceSet_064-mesh-normals">
          <float_array id="Shape_IndexedFaceSet_064-mesh-normals-array" count="1731">0.08320754 0.9965323 0 0.08309018 0.9965421 0 0.2714297 0.9624583 0 0.2715465 0.9624254 0 0.4446929 0.8956831 0 0.4443194 0.8958685 0 0.5910498 0.8066352 0 0.5916239 0.8062142 0 0.7320802 0.6812185 0 0.7320741 0.6812251 0 0.8567561 0.5157218 0 0.8566204 0.5159473 0 0.9268558 0.3754176 0 0.9272009 0.3745645 0 0.9854117 0.1701878 0 0.9852019 0.171398 0 1 0 0 0.9852788 -0.1709554 0 0.9853351 -0.1706308 0 0.9395254 -0.3424792 0 0.9392197 -0.343317 0 0.8422973 -0.5390135 0 0.8424022 -0.5388494 0 0.7523146 -0.6588041 0 0.7521355 -0.6590084 0 0.6120247 -0.7908387 0 0.6119276 -0.7909138 0 0.4392749 -0.8983527 0 0.4388764 -0.8985475 0 0.2777943 -0.9606406 0 0.2777985 -0.9606395 0 0.09977388 -0.9950102 0 0.09984028 -0.9950035 0 0.9950432 0.006263434 -0.0992459 0.9950041 0.006263196 -0.09963738 0.9638835 0.00597167 -0.2662577 0.9550524 0.003019034 -0.2964217 0.8864078 0.002789318 -0.4628968 0.8864209 0.002789199 -0.4628717 0.7814632 0.002468168 -0.6239467 0.7975635 0.005037546 -0.6032142 0.650527 0.00411725 -0.759472 0.6506126 0.004086732 -0.7593989 0.5021635 0.003170907 -0.864767 0.5022382 0.003170609 -0.8647236 0.3333101 0.002098619 -0.9428149 0.3230208 0.001016974 -0.9463914 0.1418371 4.46076e-4 -0.9898899 0.1418877 4.53634e-4 -0.9898828 -0.04993891 -1.56441e-4 -0.9987523 -0.04994672 -1.56441e-4 -0.9987519 -0.23029 -7.2839e-4 -0.9731218 -0.2377395 -0.001504182 -0.9713279 -0.4200935 -0.002649426 -0.907477 -0.4076467 -0.001285314 -0.9131388 -0.5735065 -0.001802325 -0.8191991 -0.5891808 -0.003734648 -0.8079926 -0.721885 -0.004562735 -0.691998 -0.7216813 -0.004500925 -0.6922109 -0.8459606 -0.00525099 -0.5332196 -0.8461351 -0.005313456 -0.5329421 -0.9308686 -0.00584948 -0.3653073 -0.9191415 -0.002827525 -0.3939175 -0.9799968 -0.003096818 -0.1989896 -0.9860305 -0.006231784 -0.1664484 -0.9977891 -0.006299018 -0.06616079 -0.997789 -0.006239175 -0.06616884 -0.997788 -0.006300508 0.06617683 -0.9977895 -0.0062384 0.06616085 -0.9799947 -0.00619173 0.1989276 -0.986055 -0.003114819 0.1663907 -0.9308437 -0.002864658 0.3654064 -0.9190664 -0.005777359 0.3940604 -0.8459693 -0.005312085 0.5332052 -0.8461376 -0.005252122 0.5329386 -0.7218723 -0.004502236 0.6920117 -0.7216495 -0.004561781 0.6922437 -0.573513 -0.00360471 0.8191887 -0.5892003 -0.001882672 0.8079849 -0.4201494 -0.001324653 0.907454 -0.4076229 -0.002570629 0.9131469 -0.2302232 -0.001456677 0.9731369 -0.2378001 -7.52136e-4 0.9713138 -0.04993891 -1.56441e-4 0.9987522 -0.04995328 -1.56441e-4 0.9987516 0.1418964 4.46072e-4 0.9898814 0.141851 4.53636e-4 0.9898879 0.3332739 0.001049339 0.9428296 0.323051 0.002033829 0.9463794 0.502195 0.003170728 0.8647487 0.5022134 0.003170788 0.864738 0.6506109 0.004117012 0.7594002 0.6505492 0.004086852 0.7594532 0.7814633 0.004936039 0.6239319 0.7975682 0.002518951 0.6032235 0.8864114 0.002789318 0.46289 0.886406 0.002789378 0.4629004 0.963892 0.002986013 0.2662769 0.955045 0.005977332 0.2964007 0.9950433 0.006263434 0.0992459 0.9950048 0.006262838 0.09963136 -0.1850951 0.005773425 -0.9827038 -0.1850038 -0.01159745 -0.9826694 -0.1849808 -0.001689016 -0.9827407 -0.1849477 -9.12105e-4 -0.982748 -0.1863241 0 -0.9824884 -0.1850919 -0.002715647 -0.9827175 -0.1848345 0.004668831 -0.9827587 -0.1849543 -0.001798033 -0.9827455 -0.1850951 -0.004220724 -0.9827116 -0.1850036 -0.001910686 -0.982736 -0.1808277 -0.009774446 -0.9834662 -0.174166 -0.01622748 -0.9845826 -0.1857302 -0.001170277 -0.9826002 -0.1848978 -0.001881003 -0.982756 -0.1849209 -0.001505196 -0.9827523 -0.1849114 -0.001046001 -0.9827547 -0.184973 0.001947462 -0.9827417 -0.1849706 0 -0.9827441 -0.1799816 0.00544399 -0.983655 -0.1864824 -0.002154231 -0.982456 -0.1926544 -0.008026242 -0.9812339 -0.1775314 0.004340946 -0.9841056 -0.1781091 0.003408074 -0.9840049 -0.2107925 -0.01274311 -0.9774479 0.490783 0.1807336 -0.8523306 -0.1531516 0.01165282 -0.988134 0.05275964 -0.05133467 -0.9972869 0.885816 -0.1757071 -0.4294846 0.9993419 0.02357167 -0.02757453 0.9983497 0 -0.05742883 0.9757018 -0.09626418 -0.1968232 0.9640758 0 -0.2656276 0.987941 -0.153617 0.01935076 0.9523755 -0.154973 -0.2626107 0.9646599 -0.1657701 -0.2048211 0.9656252 -0.172047 -0.1948539 0.9660987 -0.1691201 -0.1950691 0.9005742 -0.1811737 -0.3951483 0.7868261 -0.1751881 -0.5917887 0.9213918 -0.2157934 -0.3232187 0.8687204 -0.174184 -0.4636645 0.8621651 -0.2255311 -0.4536597 0.8591355 -0.2386381 -0.4527012 0.7416921 -0.2453625 -0.6242517 0.6377996 -0.4731199 -0.6077577 0.7221759 -0.2414336 -0.6482066 0.6661622 -0.2801137 -0.691205 0.5830872 -0.2435817 -0.7750337 0.60913 -0.2267498 -0.7599641 0.4691416 -0.2540007 -0.8458072 0.5028096 -0.220604 -0.835773 0.5214921 -0.2199709 -0.8244143 0.3546012 -0.2742204 -0.8939023 0.4219862 -0.1650899 -0.8914444 0.2415975 -0.1277738 -0.9619275 0.3085619 -0.1139207 -0.9443579 0.266638 -0.1074616 -0.9577871 0.2875223 0 -0.957774 0.1141622 -0.1050615 -0.9878913 0.1595145 -0.08678257 -0.9833738 0.4430775 -0.1369923 -0.8859546 -0.1089742 -0.03261184 -0.9935095 -0.05696165 -0.02454775 -0.9980746 -0.04037803 -0.02790272 -0.9987948 -0.03357577 0.0273953 -0.9990607 -0.04960536 0.02405989 -0.9984791 -0.08996212 0.01831591 -0.9957768 0.07923316 0.05181938 -0.9955084 0.09966123 0.05605942 -0.9934411 0.09208428 0.09356951 -0.9913452 0.1820378 0.08066958 -0.9799769 0.3421686 0.1242751 -0.9313842 0.9760317 0.2176287 0 0.2405374 0.106772 -0.9647495 0.1976341 0.07369405 -0.977502 0.184373 0.07128566 -0.9802678 0.4811536 0.1747807 -0.8590362 0.4831603 0.1756837 -0.8577246 0.4056668 0.1581475 -0.9002355 0.5811821 0.2184213 -0.783913 0.6353098 0.2302862 -0.7371227 0.8095968 0.2876412 -0.5116792 0.6282348 0.3414549 -0.699092 0.6727665 0.2694729 -0.6890352 0.8682432 0.496139 0 0.5770138 0.3828423 -0.7214478 0.7685367 0.4030467 -0.4968953 0.7773604 0.3143181 -0.544899 0.7497552 0.2652199 -0.606239 0.7398992 0.2849762 -0.609375 0.7429814 0.2759515 -0.6097783 0.855472 0.209234 -0.4736971 0.8594738 0.1906093 -0.474313 0.8340104 0.2957467 -0.4657903 0.9243752 0.1875776 -0.3321828 0.925243 0.2196851 -0.3092958 0.8816472 0.1881339 -0.4327864 0.9565935 0.1898582 -0.2210948 0.951699 0.2059992 -0.2276692 0.9530282 0.1995084 -0.2278897 0.9655675 0.1593198 -0.205662 0.9752482 0.1466248 -0.1655059 0.9931336 0.0641545 -0.09782528 0.9929575 0.07722455 -0.08984327 0.9959314 -4.15169e-4 -0.09011459 0.9966873 0.00952202 -0.08077067 0.9942597 -0.07002604 -0.08089613 0.9771595 -0.1369217 -0.1625172 0.9752227 -0.0726177 -0.2089676 0.977805 -4.2081e-4 -0.2095168 0.9778023 -9.40296e-4 -0.2095275 0.9757558 0.06467241 -0.209089 0.9756788 0.06494617 -0.2093638 0.9667398 0.1490218 -0.2078621 0.9753823 0.1456932 -0.1655381 -0.1276739 0.03562229 -0.9911763 -0.1224945 0.007365345 -0.992442 -0.1193298 0.01058262 -0.9927983 -0.1186765 0.003882944 -0.9929255 -0.1204906 0.002241611 -0.992712 -0.1203876 -0.001805007 -0.9927254 -0.1176571 3.167e-4 -0.9930543 -0.1179605 -0.007118523 -0.9929928 -0.1192566 -0.007922112 -0.9928319 -0.1196424 -0.01141911 -0.9927514 -0.1205545 -0.01191526 -0.9926353 -0.12282 -0.02374702 -0.9921448 -0.1501132 -0.08337938 -0.9851467 -0.0147807 -0.04024165 -0.9990807 0.007124781 -0.07302087 -0.997305 0.01501554 -0.03283852 -0.9993479 0.01512092 -0.03295195 -0.9993426 0.01687139 -0.01836347 -0.9996891 0.01586538 -0.01737886 -0.9997232 0.01649117 -0.002236902 -0.9998615 0.01627349 -0.0020352 -0.9998655 0.01582425 0.01260346 -0.9997954 0.01519757 0.01305931 -0.9997992 0.01355379 0.02850866 -0.9995017 0.01386511 0.02832078 -0.9995027 0.008576095 0.05749499 -0.998309 0.02469021 0.05096095 -0.9983955 0 -0.04025876 -0.9991894 0.1442164 -0.07608217 -0.9866171 0.1485055 -0.0543127 -0.987419 0.1469839 -0.05239129 -0.9877505 0.1498231 -0.02791219 -0.9883189 0.1483941 -0.02642989 -0.9885752 0.1495047 -0.002015769 -0.988759 0.1531561 -0.005471646 -0.988187 0.1523002 0.02115184 -0.9881079 0.1507127 0.02252024 -0.9883211 0.1480879 0.04707068 -0.9878535 0.14692 0.04786354 -0.9879897 0.1399345 0.08613044 -0.9864076 0.143112 0.0848459 -0.986063 0.2268885 -0.09189093 -0.969576 0.2633836 -0.1191998 -0.9572985 0.2727978 -0.07076126 -0.9594656 0.2764405 -0.07558828 -0.9580539 0.2813166 -0.03458452 -0.9589917 0.2815465 -0.03472244 -0.9589192 0.2826937 -0.008303761 -0.9591743 0.2769213 -0.002114117 -0.9608904 0.275906 0.03008973 -0.9607136 0.2829726 0.02396541 -0.9588286 0.2784471 0.06701004 -0.9581111 0.2735442 0.07063084 -0.9592627 0.26851 0.09851467 -0.9582262 0.2708659 0.09709668 -0.9577077 0.2494812 0.1789181 -0.9517077 0.2842645 0.1331931 -0.949449 0.8576715 -0.2361918 -0.4567418 0.8560641 -0.2292013 -0.4632722 0.8714306 -0.1511642 -0.4666455 0.8724838 -0.1562979 -0.4629719 0.8830748 -0.06373167 -0.4648843 0.8910628 -0.09199661 -0.444459 0.8953482 -0.00121808 -0.4453652 0.8953633 -0.001714289 -0.4453332 0.8934482 0.06056237 -0.4450645 0.8926877 0.06310999 -0.4462352 0.8868775 0.1227273 -0.4454059 0.8712328 0.1534706 -0.4662621 0.8585081 0.2195945 -0.4634029 0.9091751 0.18953 -0.3707818 0.9210938 -0.2198689 -0.321316 0.9275262 -0.1794978 -0.3278349 0.9310209 -0.1591835 -0.3284219 0.931344 -0.1627866 -0.3257282 0.9401407 -0.09394133 -0.3275828 0.9403709 -0.09633499 -0.3262242 0.9449051 -8.32699e-4 -0.3273435 0.9449082 -0.00126177 -0.3273333 0.942867 0.06334745 -0.3270917 0.9424753 0.06500512 -0.3278944 0.932283 0.1568239 -0.3259676 0.9313104 0.1597148 -0.327341 0.9213716 0.2124497 -0.3254836 0.9805807 0.1961161 0 0.3291285 0 -0.9442852 0.3622934 -0.2503296 -0.8978189 0.3973184 -0.1353913 -0.9076384 0.3965717 -0.133792 -0.9082019 0.4042578 -0.09445714 -0.9097546 0.4015901 -0.09072172 -0.911315 0.4071937 -0.04269152 -0.9123436 0.4094372 -0.04567617 -0.9111943 0.4112926 -0.00201857 -0.9115012 0.4112557 -0.002140879 -0.9115176 0.4103276 0.02922028 -0.91147 0.4087064 0.03095144 -0.912141 0.4024106 0.08979314 -0.911045 0.4065538 0.08671271 -0.9095026 0.3999702 0.1222848 -0.9083338 0.3916373 0.1281744 -0.9111485 0.3752737 0.1900167 -0.9072284 0.4128972 0.1576501 -0.8970298 0.2824521 -0.141226 -0.9488288 0.4988418 -0.2000597 -0.843287 0.5106725 -0.1565299 -0.8454064 0.5086477 -0.152027 -0.8474464 0.5175516 -0.1058058 -0.8490852 0.5215508 -0.1124444 -0.8457784 0.5286614 -0.05304431 -0.8471739 0.5308964 -0.05656331 -0.845547 0.5332462 -0.001991868 -0.8459578 0.5334523 -0.002168416 -0.8458274 0.5323632 0.03630411 -0.8457373 0.5284251 0.04007703 -0.8480336 0.5219376 0.1019464 -0.8468696 0.5182429 0.1051823 -0.8487409 0.5096767 0.151562 -0.8469113 0.5138506 0.1483796 -0.8449504 0.4981626 0.2074246 -0.841908 0.5412786 0.1924798 -0.8185164 0.6047191 -0.243701 -0.7582378 0.588846 -0.2365574 -0.7728525 0.6069018 -0.1694803 -0.7764965 0.6109731 -0.1792288 -0.7710959 0.6215714 -0.1253793 -0.7732589 0.6240275 -0.130765 -0.7703832 0.632298 -0.06300663 -0.7721589 0.6358162 -0.06920957 -0.7687314 0.6387511 -0.001749038 -0.7694115 0.6389046 -0.00234133 -0.7692825 0.6374797 0.04492938 -0.7691561 0.6355068 0.04771262 -0.7706196 0.6278521 0.1201797 -0.7689986 0.6347075 0.1123644 -0.7645395 0.6245645 0.1676232 -0.7627723 0.616522 0.1753926 -0.7675533 0.5985411 0.2421388 -0.7636213 0.6285156 0.2308386 -0.7427528 0.965179 -0.2615906 0 0.7022441 -0.2368318 -0.6713897 0.7128822 -0.1961246 -0.673301 0.716475 -0.2078016 -0.6659445 0.7294068 -0.1447898 -0.6685819 0.72472 -0.1321764 -0.6762473 0.7315471 -0.07509213 -0.677643 0.7322534 -0.07693499 -0.6766727 0.7356627 -0.001851975 -0.6773456 0.7356846 -0.002137541 -0.6773209 0.7341412 0.05153489 -0.6770384 0.7338504 0.05209326 -0.6773109 0.7265296 0.1223356 -0.6761574 0.7223104 0.1277767 -0.6796624 0.7105491 0.1914442 -0.6771035 0.7173261 0.1836642 -0.6720944 0.7014966 0.2447589 -0.6693248 0.6928312 0.2531378 -0.6752083 0.6605317 0.3428905 -0.6679252 0.689108 0.2934767 -0.662572 0.7687823 -0.2956079 -0.5670888 0.7685797 -0.2977513 -0.5662416 0.7910813 -0.2198988 -0.5708196 0.7930591 -0.2290959 -0.5644223 0.8109553 -0.1401025 -0.5680872 0.8127045 -0.1465518 -0.5639451 0.8205819 -0.08143174 -0.565698 0.8130741 -0.06168746 -0.5788829 0.8152905 -0.001540899 -0.5790501 0.8152604 -0.001893639 -0.5790915 0.8136183 0.05453449 -0.5788364 0.8116516 0.05855768 -0.5811993 0.8035091 0.1358016 -0.5795956 0.8144834 0.118446 -0.5679678 0.8009161 0.1956049 -0.565926 0.7962232 0.201929 -0.5703099 0.7877716 0.23594 -0.5689888 0.8203737 0.2417943 -0.5181916 0.007667183 -0.9999707 0 0.004632711 -0.9999892 2.68202e-4 0.006414353 -0.9999789 -0.001098871 0.003369033 -0.9999941 6.83644e-4 0.002302765 -0.9999973 -4.66913e-4 0.004681289 -0.999989 0 0.005429506 -0.9999853 -3.60262e-4 0.004153847 -0.9999914 2.75618e-4 8.3718e-5 -1 -8.68552e-5 0.002174556 -0.9999977 0 0.005550563 -0.9999847 3.99256e-5 0.006085097 -0.9999803 -0.001549184 0.005576431 -0.9999839 -0.001091837 0.003985226 -0.9999915 0.001101553 0.1138627 -0.9830061 -0.143995 0.004504263 -0.9999898 4.49421e-4 0.004848837 -0.9999883 1.39105e-5 0.004677951 -0.999989 -4.66571e-4 0.004431247 -0.9999895 -0.00122416 0.005179405 -0.9999858 0.001298427 0.004865646 -0.9999883 1.24126e-4 0.004738867 -0.9999887 -3.90174e-4 0.004507184 -0.9999888 -0.001443922 0.005767762 -0.9999721 0.004761934 0.004806697 -0.9999884 -2.91738e-4 0.002970516 -0.9999916 0.002848863 0.007592439 -0.999971 6.38128e-4 0.006190121 -0.9999808 3.20248e-4 0.004396975 -0.9999904 -1.3265e-4 0.004389286 -0.9999905 -1.35301e-4 0.003885686 -0.9999924 -2.93737e-4 0.003298401 -0.9999945 -5.0308e-4 0.006518006 -0.9999786 7.66259e-4 0.003289878 -0.9999944 -6.28012e-4 0.00482428 -0.9999884 8.75759e-5 0.006569266 -0.9999753 -0.002494573 0.004176318 -0.9999909 8.74857e-4 0.006420314 -0.9999758 -0.002698719 0.003537714 -0.9999927 0.00151503 0.00410968 -0.9999913 7.76824e-4 -0.03578889 0.9983525 0.04484784 -0.0533185 -0.995007 0.08437061 0.004908025 -0.999988 -8.87123e-5 0.01813828 -0.9996307 -0.02023637 0.009778082 -0.9999236 -0.007566332 -0.004031002 -0.9999005 0.01352024 0.007667064 -0.9999613 -0.004325211 0.006140828 -0.9999791 -0.002001047 0.004521131 -0.9999898 3.24816e-4 0.004559755 -0.9999896 2.88295e-4 0.005708694 -0.9999836 -6.2438e-4 0.01606279 -0.9997335 -0.01658874 0.006560802 -0.9999753 -0.002543389 -0.01269012 -0.9995947 0.02548307 0.004826068 -0.9999884 -9.19146e-6 0.004400312 -0.9999902 5.91045e-4 -0.00524652 -0.9998727 0.01506918 -0.003927886 -0.9999068 0.01307928 -0.004595339 -0.9998906 0.01406317 0 -0.9999769 0.006807029 0.005717277 -0.999983 -0.001241683 0.004765629 -0.9999887 5.88398e-5 2.48923e-4 -0.999981 0.00616014 3.42408e-4 -0.9999819 0.00601089 0.005042731 -0.9999873 -2.13752e-4 -0.005113899 0.9999864 -0.001112163 -0.002052247 0.999998 0 -0.05143845 0.9967691 0.06168967 -0.004382133 0.9999896 0.001359581 -0.004671275 0.999989 4.6709e-4 -0.005016446 0.9999873 -5.0163e-4 -0.006753563 0.9999773 -7.73786e-5 0 1 0 -0.003588974 0.9999934 -6.05781e-4 -0.006237864 0.9999802 9.42514e-4 -0.005382955 0.9999855 3.64516e-4 -0.004828274 0.9999884 -9.12382e-6 -0.01240253 0.9999231 -2.8166e-4 -6.1931e-5 1 7.73931e-5 -0.004625499 0.999989 8.6056e-4 -0.004624545 0.999989 8.59617e-4 -0.005010247 0.9999873 -7.1936e-4 -0.004391312 0.9999902 -5.89448e-4 -0.004437506 0.9999901 -5.3191e-4 -0.004816353 0.9999884 4.5542e-6 -0.007180929 0.9999736 -0.001158893 -0.003283679 0.9999945 6.46641e-4 -0.006518721 0.9999786 -7.44407e-4 -0.003780186 0.9999929 3.3216e-4 -0.003765761 0.9999929 3.36103e-4 -0.004139542 0.9999915 2.20559e-4 -0.004843056 0.9999883 1.9842e-5 -0.005668044 0.9999839 -1.87124e-4 -0.004868686 0.9999881 -4.27687e-5 -0.004358351 0.9999904 -5.23846e-4 -0.004017472 0.9999915 -8.96596e-4 -0.003939986 0.9999918 -9.9461e-4 -0.006429493 0.9999759 0.002624094 -0.004806756 0.9999885 2.92801e-5 -0.004009485 0.9999822 0.004419326 -0.005539298 0.999978 -0.003641903 -0.005275905 0.999986 5.18884e-4 -0.005282163 0.999986 5.27131e-4 -0.004313468 0.9999906 -6.52155e-4 -0.007183432 0.9999741 -5.33959e-4 -0.002551734 0.9999967 4.305e-4 -0.004743337 0.9999889 0 -0.005511403 0.9999848 3.65733e-4 -0.004202663 0.9999911 -2.78888e-4 -2.86454e-4 0.9999836 -0.005729019 -0.005919754 0.9999815 0.00138092 -0.005071699 0.9999871 2.95089e-4 -0.003895938 0.9999917 -0.001208961 -0.005457282 0.9999848 9.36218e-4 0.02419406 0.9988247 -0.04200017 0.1054191 0.9815641 -0.1594328 -0.004748165 0.9999887 -5.00796e-5 -0.005270481 0.999986 6.65178e-4 7.3571e-4 0.9999727 -0.007351756 -0.006549119 0.999976 0.002281188 0.001176059 0.9999666 -0.008098959 -0.1131927 0.9825514 0.1475808 0.001685619 0.9999585 -0.008953452 0.001854896 0.9999556 -0.009249806 0.004725217 -0.9999889 0 -0.006552457 0.9999755 0.00251019 -0.007247269 0.9999678 0.003465354 0.008918404 0.9997637 -0.019827 -0.06419003 0.9942474 0.0857433 -0.008921146 0.9999434 0.005797743 0 0 1 5.31484e-7 0 1 1.56179e-5 0 1 -9.41633e-5 0 1 -1.15957e-6 0 1 -1.03639e-5 0 1 4.61959e-5 0 1 -2.19723e-5 0 1 -2.87195e-5 0 1 1.62175e-4 0 1 -2.21891e-4 0 1 9.93596e-5 0 1 -0.9999802 -0.006311058 0 -0.9999999 4.60542e-4 0 -0.9999919 -0.004024207 0 -1 6.41264e-5 0 -0.9930499 0.1176947 0 -0.9999999 0 6.62124e-4 -0.9999997 -4.66724e-4 6.61067e-4 -0.9999025 -0.01395499 -5.68359e-4 -0.9993568 -0.02399951 0.02664881 -0.999356 -0.02379542 0.02685958 -0.9993374 -0.02360993 0.02770262 -0.9023805 0.4309385 -0.001203298 -0.8222314 0.569153 6.16961e-4 -0.1277842 0.991802 0 -0.8884099 0.4590511 0 -0.7742525 0.6328613 0.004419386 -0.8805996 0.4738608 -6.9345e-4 -0.8159544 0.578113 0.001950204 -0.8704706 0.4922205 0 -0.9253851 0.3789182 -0.009144961 -0.8554228 0.5179269 0.00189644 -0.8582175 0.5132841 0.001534044 -0.8832275 0.4689428 -0.00139743 -0.920295 0.3911878 -0.005413591 -0.8487785 0.528747 0.00135529 -0.875112 0.4839201 -5.86735e-4 -0.8857915 -0.4640835 0 -0.874054 -0.4858289 7.08358e-5 -0.9999961 -0.00177896 -0.002176225 -0.8071492 -0.5903472 7.32398e-4 -0.8691822 -0.4944921 -2.28623e-4 -0.8982821 -0.4394176 -0.00118637 -0.6737154 -0.7389642 0.006291508 -0.8619526 -0.506989 5.21025e-5 -0.8616526 -0.5074987 8.988e-5 -0.8721089 -0.489311 -9.03115e-4 -0.8657332 -0.5005059 -1.89068e-4 -0.8960509 -0.4439418 -0.002918124 -0.9293889 -0.3691019 0 -0.8643772 -0.5028439 -3.17045e-4 -0.8322561 -0.5543766 0.004083037 -0.8659005 -0.5002163 1.91182e-4</float_array>
          <technique_common>
            <accessor source="#Shape_IndexedFaceSet_064-mesh-normals-array" count="577" stride="3">
              <param name="X" type="float"/>
              <param name="Y" type="float"/>
              <param name="Z" type="float"/>
            </accessor>
          </technique_common>
        </source>
        <vertices id="Shape_IndexedFaceSet_064-mesh-vertices">
          <input semantic="POSITION" source="#Shape_IndexedFaceSet_064-mesh-positions"/>
        </vertices>
        <triangles material="Shape_013_001-material" count="589">
          <input semantic="VERTEX" source="#Shape_IndexedFaceSet_064-mesh-vertices" offset="0"/>
          <input semantic="NORMAL" source="#Shape_IndexedFaceSet_064-mesh-normals" offset="1"/>
          <p>260 0 261 0 265 0 260 1 265 1 264 1 264 2 265 2 269 2 264 3 269 3 268 3 268 4 269 4 273 4 268 5 273 5 272 5 272 6 273 6 277 6 272 7 277 7 276 7 276 8 277 8 281 8 276 9 281 9 280 9 280 10 281 10 285 10 280 11 285 11 284 11 284 12 285 12 289 12 284 13 289 13 288 13 288 14 289 14 293 14 288 15 293 15 292 15 292 16 293 16 295 16 292 16 295 16 294 16 294 17 295 17 291 17 294 18 291 18 290 18 290 19 291 19 287 19 290 20 287 20 286 20 286 21 287 21 283 21 286 22 283 22 282 22 282 23 283 23 279 23 282 24 279 24 278 24 278 25 279 25 275 25 278 26 275 26 274 26 274 27 275 27 271 27 274 28 271 28 270 28 270 29 271 29 267 29 270 30 267 30 266 30 266 31 267 31 263 31 266 32 263 32 262 32 193 33 192 33 197 33 197 34 192 34 195 34 197 35 195 35 201 35 201 36 195 36 199 36 201 37 199 37 205 37 205 38 199 38 203 38 205 39 203 39 209 39 209 40 203 40 207 40 209 41 207 41 213 41 213 42 207 42 211 42 213 43 211 43 217 43 217 44 211 44 215 44 217 45 215 45 221 45 221 46 215 46 219 46 221 47 219 47 225 47 225 48 219 48 223 48 225 49 223 49 229 49 229 50 223 50 227 50 229 51 227 51 233 51 233 52 227 52 231 52 233 53 231 53 237 53 237 54 231 54 235 54 237 55 235 55 241 55 241 56 235 56 239 56 241 57 239 57 245 57 245 58 239 58 243 58 245 59 243 59 249 59 249 60 243 60 247 60 249 61 247 61 253 61 253 62 247 62 251 62 253 63 251 63 258 63 258 64 251 64 255 64 258 65 255 65 259 65 259 66 255 66 256 66 259 67 256 67 257 67 257 68 256 68 254 68 257 69 254 69 252 69 252 70 254 70 250 70 252 71 250 71 248 71 248 72 250 72 246 72 248 73 246 73 244 73 244 74 246 74 242 74 244 75 242 75 240 75 240 76 242 76 238 76 240 77 238 77 236 77 236 78 238 78 234 78 236 79 234 79 232 79 232 80 234 80 230 80 232 81 230 81 228 81 228 82 230 82 226 82 228 83 226 83 224 83 224 84 226 84 222 84 224 85 222 85 220 85 220 86 222 86 218 86 220 87 218 87 216 87 216 88 218 88 214 88 216 89 214 89 212 89 212 90 214 90 210 90 212 91 210 91 208 91 208 92 210 92 206 92 208 93 206 93 204 93 204 94 206 94 202 94 204 95 202 95 200 95 200 96 202 96 198 96 200 97 198 97 196 97 196 98 198 98 194 98 196 99 194 99 193 99 193 100 194 100 192 100 187 101 184 101 260 101 185 102 186 102 262 102 262 103 186 103 188 103 262 104 188 104 190 104 266 105 262 105 282 105 282 106 262 106 190 106 282 107 190 107 286 107 286 108 190 108 191 108 286 109 191 109 290 109 290 110 191 110 294 110 278 111 274 111 282 111 282 112 274 112 270 112 282 113 270 113 266 113 187 114 260 114 189 114 189 115 260 115 288 115 189 116 288 116 191 116 191 117 288 117 292 117 191 118 292 118 294 118 260 119 264 119 288 119 288 120 264 120 268 120 288 121 268 121 272 121 272 122 276 122 288 122 288 123 276 123 280 123 288 124 280 124 284 124 98 125 100 125 104 125 182 126 184 126 187 126 169 127 161 127 163 127 54 128 50 128 52 128 6 129 10 129 8 129 8 130 10 130 9 130 8 16 9 16 7 16 31 131 28 131 12 131 26 132 24 132 23 132 23 16 24 16 22 16 23 133 22 133 28 133 28 134 22 134 18 134 18 135 14 135 28 135 28 136 14 136 13 136 28 137 13 137 12 137 41 138 36 138 39 138 39 139 36 139 35 139 39 140 35 140 30 140 50 141 47 141 52 141 52 142 47 142 45 142 52 143 45 143 56 143 72 144 67 144 59 144 69 145 67 145 75 145 75 146 67 146 72 146 75 147 72 147 85 147 99 148 92 148 88 148 88 149 92 149 86 149 115 150 110 150 103 150 103 151 110 151 102 151 103 152 102 152 101 152 128 153 124 153 118 153 118 154 124 154 116 154 143 155 138 155 135 155 135 156 138 156 133 156 135 157 133 157 132 157 132 158 133 158 131 158 160 159 157 159 149 159 149 160 157 160 148 160 149 161 148 161 147 161 183 162 177 162 175 162 175 163 177 163 173 163 175 164 173 164 171 164 170 165 172 165 176 165 176 166 172 166 174 166 176 167 174 167 182 167 158 168 159 168 164 168 164 169 159 169 162 169 154 170 150 170 152 170 152 171 150 171 146 171 125 172 129 172 134 172 134 173 129 173 130 173 140 174 144 174 146 174 146 175 144 175 145 175 146 176 145 176 152 176 105 177 113 177 119 177 119 178 113 178 114 178 119 179 114 179 117 179 98 180 104 180 90 180 89 181 84 181 87 181 62 182 64 182 68 182 68 183 64 183 71 183 74 184 82 184 84 184 84 185 82 185 83 185 84 186 83 186 87 186 49 187 51 187 73 187 73 188 51 188 55 188 73 189 55 189 68 189 68 190 55 190 58 190 68 191 58 191 62 191 57 192 37 192 53 192 53 193 37 193 38 193 53 194 38 194 44 194 21 195 27 195 40 195 40 196 27 196 33 196 40 197 33 197 34 197 0 198 20 198 2 198 2 199 20 199 25 199 2 200 25 200 3 200 3 201 25 201 29 201 4 202 16 202 5 202 5 203 16 203 19 203 5 204 19 204 6 204 6 205 19 205 17 205 6 206 17 206 10 206 10 207 17 207 11 207 12 208 11 208 31 208 31 209 11 209 17 209 31 210 17 210 32 210 32 211 17 211 19 211 32 212 19 212 29 212 29 213 19 213 16 213 29 214 16 214 3 214 3 215 16 215 4 215 182 216 187 216 176 216 176 217 187 217 189 217 176 218 189 218 179 218 179 219 189 219 191 219 179 220 191 220 181 220 181 221 191 221 190 221 181 222 190 222 180 222 180 223 190 223 188 223 180 224 188 224 178 224 178 225 188 225 186 225 178 226 186 226 175 226 175 227 186 227 185 227 175 228 185 228 183 228 171 229 169 229 175 229 175 230 169 230 163 230 175 231 163 231 178 231 178 232 163 232 165 232 178 233 165 233 180 233 180 234 165 234 167 234 180 235 167 235 181 235 181 236 167 236 168 236 181 237 168 237 179 237 179 238 168 238 166 238 179 239 166 239 176 239 176 240 166 240 164 240 176 241 164 241 170 241 170 242 164 242 162 242 161 243 160 243 163 243 163 244 160 244 149 244 163 245 149 245 165 245 165 246 149 246 151 246 165 247 151 247 167 247 167 248 151 248 155 248 167 249 155 249 168 249 168 250 155 250 156 250 168 251 156 251 166 251 166 252 156 252 153 252 166 253 153 253 164 253 164 254 153 254 150 254 164 255 150 255 158 255 158 256 150 256 154 256 147 257 143 257 149 257 149 258 143 258 135 258 149 259 135 259 151 259 151 260 135 260 137 260 151 261 137 261 155 261 155 262 137 262 141 262 155 263 141 263 156 263 156 264 141 264 142 264 156 265 142 265 153 265 153 266 142 266 139 266 153 267 139 267 150 267 150 268 139 268 136 268 150 269 136 269 146 269 146 270 136 270 134 270 146 271 134 271 140 271 140 272 134 272 130 272 45 273 41 273 56 273 56 274 41 274 39 274 56 275 39 275 60 275 60 276 39 276 42 276 60 277 42 277 63 277 63 278 42 278 46 278 63 279 46 279 66 279 66 280 46 280 48 280 66 281 48 281 61 281 61 282 48 282 43 282 61 283 43 283 57 283 57 284 43 284 40 284 57 285 40 285 37 285 37 286 40 286 34 286 30 287 26 287 39 287 39 288 26 288 23 288 39 289 23 289 42 289 42 290 23 290 28 290 42 291 28 291 46 291 46 292 28 292 31 292 46 293 31 293 48 293 48 294 31 294 32 294 48 295 32 295 43 295 43 296 32 296 29 296 43 297 29 297 40 297 40 298 29 298 25 298 40 299 25 299 21 299 21 300 25 300 20 300 131 301 128 301 132 301 132 302 128 302 118 302 132 303 118 303 135 303 135 304 118 304 120 304 135 305 120 305 137 305 137 306 120 306 122 306 137 307 122 307 141 307 141 308 122 308 126 308 141 309 126 309 142 309 142 310 126 310 127 310 142 311 127 311 139 311 139 312 127 312 123 312 139 313 123 313 136 313 136 314 123 314 121 314 136 315 121 315 134 315 134 316 121 316 119 316 134 317 119 317 125 317 125 318 119 318 117 318 116 319 115 319 118 319 118 320 115 320 103 320 118 321 103 321 120 321 120 322 103 322 106 322 120 323 106 323 122 323 122 324 106 324 108 324 122 325 108 325 126 325 126 326 108 326 111 326 126 327 111 327 127 327 127 328 111 328 112 328 127 329 112 329 123 329 123 330 112 330 109 330 123 331 109 331 121 331 121 332 109 332 107 332 121 333 107 333 119 333 119 334 107 334 104 334 119 335 104 335 105 335 105 336 104 336 100 336 101 337 99 337 103 337 103 338 99 338 88 338 103 339 88 339 106 339 106 340 88 340 91 340 106 341 91 341 108 341 108 342 91 342 94 342 108 343 94 343 111 343 111 344 94 344 96 344 111 345 96 345 112 345 112 346 96 346 97 346 112 347 97 347 109 347 109 348 97 348 95 348 109 349 95 349 107 349 107 350 95 350 93 350 107 351 93 351 104 351 104 352 93 352 89 352 104 353 89 353 90 353 90 354 89 354 87 354 86 355 85 355 88 355 88 356 85 356 72 356 88 357 72 357 91 357 91 358 72 358 76 358 91 359 76 359 94 359 94 360 76 360 78 360 94 361 78 361 96 361 96 362 78 362 80 362 96 363 80 363 97 363 97 364 80 364 81 364 97 365 81 365 95 365 95 366 81 366 79 366 95 367 79 367 93 367 93 368 79 368 77 368 93 369 77 369 89 369 89 370 77 370 73 370 89 371 73 371 84 371 84 372 73 372 68 372 84 373 68 373 74 373 74 374 68 374 71 374 59 375 54 375 72 375 72 376 54 376 52 376 72 377 52 377 76 377 76 378 52 378 56 378 76 379 56 379 78 379 78 380 56 380 60 380 78 381 60 381 80 381 80 382 60 382 63 382 80 383 63 383 81 383 81 384 63 384 66 384 81 385 66 385 79 385 79 386 66 386 61 386 79 387 61 387 77 387 77 388 61 388 57 388 77 389 57 389 73 389 73 390 57 390 53 390 73 391 53 391 49 391 49 392 53 392 44 392 70 393 69 393 75 393 212 394 208 394 185 394 249 395 253 395 263 395 263 396 253 396 258 396 252 397 262 397 257 397 257 398 262 398 263 398 257 399 263 399 259 399 259 400 263 400 258 400 75 401 85 401 70 401 70 402 85 402 86 402 70 403 86 403 92 403 185 404 208 404 183 404 204 405 200 405 99 405 99 406 200 406 196 406 99 407 196 407 92 407 92 408 196 408 193 408 92 409 193 409 70 409 70 410 193 410 197 410 70 411 197 411 201 411 201 412 205 412 70 412 70 413 205 413 209 413 70 414 209 414 213 414 213 415 217 415 70 415 70 416 217 416 221 416 70 417 221 417 263 417 263 418 221 418 225 418 252 419 248 419 262 419 262 420 248 420 244 420 262 421 244 421 240 421 240 422 236 422 262 422 262 423 236 423 232 423 262 424 232 424 228 424 228 425 224 425 262 425 262 426 224 426 220 426 262 427 220 427 185 427 185 428 220 428 216 428 185 429 216 429 212 429 225 430 229 430 263 430 263 431 229 431 233 431 263 432 233 432 237 432 99 433 101 433 204 433 204 434 101 434 102 434 204 435 102 435 208 435 208 436 102 436 110 436 208 437 110 437 115 437 115 438 116 438 208 438 208 439 116 439 124 439 208 440 124 440 128 440 237 441 241 441 263 441 263 442 241 442 245 442 263 443 245 443 249 443 138 444 143 444 208 444 208 445 143 445 147 445 147 446 148 446 208 446 208 447 148 447 157 447 208 448 157 448 160 448 128 449 131 449 208 449 208 450 131 450 133 450 208 451 133 451 138 451 160 452 161 452 208 452 208 453 161 453 169 453 208 454 169 454 171 454 171 455 173 455 208 455 208 456 173 456 177 456 208 457 177 457 183 457 65 458 203 458 199 458 83 459 82 459 65 459 98 460 90 460 194 460 199 461 195 461 65 461 65 462 195 462 192 462 65 463 192 463 194 463 82 464 74 464 65 464 65 465 74 465 71 465 65 465 71 465 64 465 255 466 251 466 261 466 261 467 251 467 247 467 261 468 247 468 243 468 194 469 90 469 65 469 65 470 90 470 87 470 65 471 87 471 83 471 215 472 211 472 65 472 65 473 211 473 207 473 65 474 207 474 203 474 206 475 210 475 184 475 184 476 210 476 214 476 184 477 214 477 260 477 260 478 214 478 218 478 260 479 218 479 222 479 222 480 226 480 260 480 260 481 226 481 230 481 260 482 230 482 234 482 234 483 238 483 260 483 260 484 238 484 242 484 260 485 242 485 246 485 243 486 239 486 261 486 261 487 239 487 235 487 261 488 235 488 231 488 231 489 227 489 261 489 261 490 227 490 223 490 261 491 223 491 65 491 65 492 223 492 219 492 65 493 219 493 215 493 206 494 184 494 202 494 202 495 184 495 182 495 202 496 182 496 174 496 246 497 250 497 260 497 260 498 250 498 254 498 260 499 254 499 261 499 261 500 254 500 256 500 261 501 256 501 255 501 174 502 172 502 202 502 202 503 172 503 170 503 202 504 170 504 162 504 194 505 198 505 98 505 98 506 198 506 202 506 98 507 202 507 100 507 100 508 202 508 105 508 144 509 140 509 202 509 202 510 140 510 130 510 162 511 159 511 202 511 202 512 159 512 158 512 202 513 158 513 154 513 154 514 152 514 202 514 202 515 152 515 145 515 202 516 145 516 144 516 130 517 129 517 202 517 202 518 129 518 125 518 202 519 125 519 117 519 117 520 114 520 202 520 202 521 114 521 113 521 202 522 113 522 105 522 15 523 70 523 1 523 1 524 70 524 263 524 1 523 263 523 65 523 291 523 261 523 287 523 287 523 261 523 283 523 291 523 295 523 261 523 261 525 295 525 293 525 261 526 293 526 289 526 65 527 263 527 261 527 261 528 263 528 267 528 261 529 267 529 271 529 271 523 275 523 261 523 261 530 275 530 279 530 261 531 279 531 283 531 269 532 281 532 273 532 273 533 281 533 277 533 289 534 285 534 261 534 261 523 285 523 281 523 261 523 281 523 265 523 265 523 281 523 269 523 15 535 1 535 0 535 10 536 11 536 15 536 15 537 11 537 12 537 15 538 12 538 14 538 14 539 12 539 13 539 0 540 2 540 15 540 15 541 2 541 3 541 15 542 3 542 10 542 10 543 3 543 4 543 10 544 4 544 5 544 5 545 6 545 10 545 33 546 27 546 1 546 27 547 21 547 1 547 1 548 21 548 20 548 1 549 20 549 0 549 38 550 37 550 1 550 1 551 37 551 34 551 1 552 34 552 33 552 65 553 64 553 1 553 1 554 64 554 62 554 62 555 58 555 1 555 1 556 58 556 55 556 1 557 55 557 51 557 51 558 49 558 1 558 1 559 49 559 44 559 1 560 44 560 38 560 14 561 18 561 15 561 15 562 18 562 22 562 15 563 22 563 24 563 24 564 26 564 15 564 15 565 26 565 30 565 15 566 30 566 35 566 35 567 36 567 15 567 15 568 36 568 41 568 15 569 41 569 45 569 45 570 47 570 15 570 15 571 47 571 50 571 15 572 50 572 54 572 69 573 70 573 67 573 67 574 70 574 15 574 67 575 15 575 59 575 59 576 15 576 54 576</p>
        </triangles>
      </mesh>
    </geometry>
    <geometry id="Shape_IndexedFaceSet_063-mesh" name="Shape_IndexedFaceSet.063">
      <mesh>
        <source id="Shape_IndexedFaceSet_063-mesh-positions">
          <float_array id="Shape_IndexedFaceSet_063-mesh-positions-array" count="120">1.05788 0.002942979 0.09438097 1.05788 0.002942979 0.111226 1.05789 0.001529932 0.09313398 1.0579 1.6e-5 0.09184199 1.0579 -0.001453936 0.093095 1.05791 -0.002181947 0.093737 1.05791 -0.002755939 0.09424299 1.05791 -0.002910912 0.09438097 1.05791 -0.002910912 0.111226 1.05811 -0.001290977 0.09339797 1.05811 -0.001917958 0.093948 1.05812 -0.002575933 0.09453195 1.05821 -0.001372933 0.093248 1.05821 -0.002044916 0.09383696 1.05821 -0.002742946 0.09445595 1.05831 1.8e-5 0.09272295 1.05832 -0.001122891 0.09369695 1.05832 -0.001663923 0.09417098 1.05832 -0.002239882 0.09468197 1.0585 1.9e-5 0.09228199 1.05851 -0.001289904 0.09339898 1.05851 -0.001912951 0.09394496 1.05851 -0.002573907 0.09453195 1.05872 0.001606941 0.09498399 1.05872 0.001606941 0.109887 1.05872 8.02e-4 0.09427195 1.05872 2e-5 0.09360295 1.05873 -7.81e-4 0.094289 1.05873 -0.0015679 0.09498399 1.05873 -0.0015679 0.109887 1.0591 2.1e-5 0.09272295 1.0591 -0.001117885 0.09369599 1.05911 -0.002235949 0.09468197 1.06029 0.001614928 0.09498399 1.06029 0.001614928 0.109887 1.0603 8.09e-4 0.09427195 1.0603 2.7e-5 0.09360295 1.0603 -7.73e-4 0.094289 1.06031 -0.001559913 0.09498399 1.06031 -0.001559913 0.109887</float_array>
          <technique_common>
            <accessor source="#Shape_IndexedFaceSet_063-mesh-positions-array" count="40" stride="3">
              <param name="X" type="float"/>
              <param name="Y" type="float"/>
              <param name="Z" type="float"/>
            </accessor>
          </technique_common>
        </source>
        <source id="Shape_IndexedFaceSet_063-mesh-normals">
          <float_array id="Shape_IndexedFaceSet_063-mesh-normals-array" count="237">-0.846535 -0.5323331 0 -0.8466078 -0.5322174 0 0.4825993 0.8758414 0 0.482649 0.8758139 0 0.005086958 -0.9999871 0 0.005086898 -0.9999871 0 -0.8520757 -0.340267 0.3977255 -0.8508852 -0.3442385 0.3968557 -0.8496164 -0.3445625 0.3992854 -0.8488572 -0.3532077 0.3933013 -0.8467333 -0.3524496 0.3985248 0.4843273 0.5693326 -0.6642948 0.4853172 0.5699226 -0.6630652 0.4841571 0.5697456 -0.6640647 0.4839187 0.5809254 -0.6544834 0.4828645 0.5832159 -0.6532237 0.4841018 0.568825 -0.6648938 0.002881646 -0.6500793 0.7598609 0.002872824 -0.650038 0.7598964 0.002939462 -0.6625638 0.7489998 0.003369748 -0.6620934 0.7494138 -0.847564 0.3530077 0.3962587 -0.8483295 0.3441988 0.4023236 -0.8570941 0.3407125 0.3863996 -0.8570415 0.3397694 0.3873457 -0.8481152 0.3438497 0.4030734 -0.8480936 0.3438279 0.4031372 -0.8471283 0.3453267 0.403885 -0.8473189 0.3502831 0.3991898 -0.8478569 0.349498 0.3987353 -0.8488404 0.3390761 0.4055829 -0.854451 0.3351524 0.3969715 -0.8588293 0.3400556 0.3831115 -0.8535838 0.3457165 0.3897112 -0.854544 0.3423147 0.390609 -0.8529658 0.3455194 0.3912361 -0.8541314 0.3334302 0.3991038 -0.855923 0.330144 0.397996 0.4880558 -0.5801755 -0.6520722 0.4884688 -0.5789597 -0.6528431 0.4832075 -0.5789419 -0.6567624 0.4827393 -0.5754764 -0.6601437 0.477379 -0.5791901 -0.6607936 0.4786088 -0.5694655 -0.6683134 0.4903199 -0.5636546 -0.6647406 0.4956515 -0.5724127 -0.6532024 0.4951879 -0.5719726 -0.6539391 0.489236 -0.5791919 -0.652062 0.4887542 -0.573976 -0.6570167 0.4893402 -0.5744181 -0.6561937 0.4900811 -0.5674449 -0.661685 0.4891334 -0.5665791 -0.6631265 0.4891667 -0.5665671 -0.663112 0.496815 -0.5611427 -0.6620377 0.4906139 -0.5634062 -0.6647341 0.4892321 -0.5748822 -0.6558677 0.489108 -0.5749797 -0.6558747 0.4895817 -0.5789403 -0.6520261 0.4908948 -0.5781335 -0.6517546 -0.00334239 0.6619563 0.7495351 -0.003372251 0.6619568 0.7495344 -0.003313183 0.6504738 0.7595215 -0.002883911 0.6509668 0.7591007 -0.8535167 0.5210656 0 -0.8536726 0.52081 -2.7107e-5 -0.8590825 0.5118367 -5.51164e-4 -0.8472589 0.5311802 0 0.4886045 -0.8725054 0 0.4908007 -0.8712719 0 0.4905343 -0.871422 2.76247e-5 0.4906104 -0.8713791 4.92459e-5 0.4910588 -0.8711265 5.89921e-5 -0.005054891 0.9999873 0 -0.8490362 -0.00436294 -0.5283169 -0.8515783 -0.002658426 -0.5242208 0.4869482 0.003067076 0.8734256 0.4861442 0.002498149 0.8738752 1.16776e-5 0 -1 0 0 -1</float_array>
          <technique_common>
            <accessor source="#Shape_IndexedFaceSet_063-mesh-normals-array" count="79" stride="3">
              <param name="X" type="float"/>
              <param name="Y" type="float"/>
              <param name="Z" type="float"/>
            </accessor>
          </technique_common>
        </source>
        <vertices id="Shape_IndexedFaceSet_063-mesh-vertices">
          <input semantic="POSITION" source="#Shape_IndexedFaceSet_063-mesh-positions"/>
        </vertices>
        <triangles material="Shape_012_001-material" count="80">
          <input semantic="VERTEX" source="#Shape_IndexedFaceSet_063-mesh-vertices" offset="0"/>
          <input semantic="NORMAL" source="#Shape_IndexedFaceSet_063-mesh-normals" offset="1"/>
          <p>0 0 23 0 1 0 1 1 23 1 24 1 33 2 0 2 34 2 34 3 0 3 1 3 23 4 33 4 24 4 24 5 33 5 34 5 15 6 26 6 25 6 3 7 15 7 2 7 2 8 15 8 25 8 2 9 25 9 0 9 0 10 25 10 23 10 36 11 30 11 2 11 2 12 30 12 19 12 2 13 19 13 3 13 0 14 33 14 2 14 2 15 33 15 35 15 2 16 35 16 36 16 26 17 36 17 25 17 25 18 36 18 35 18 25 19 35 19 23 19 23 20 35 20 33 20 7 21 11 21 6 21 6 22 11 22 10 22 6 23 10 23 5 23 5 24 10 24 9 24 5 25 9 25 4 25 4 26 9 26 3 26 11 27 17 27 10 27 10 28 17 28 16 28 10 29 16 29 9 29 9 30 16 30 15 30 9 31 15 31 3 31 11 32 18 32 17 32 17 33 18 33 28 33 17 34 28 34 16 34 16 35 28 35 27 35 16 36 27 36 15 36 15 37 27 37 26 37 14 38 7 38 6 38 14 39 6 39 13 39 6 40 5 40 13 40 13 41 5 41 4 41 13 42 4 42 12 42 12 43 4 43 3 43 12 44 3 44 19 44 20 45 31 45 21 45 21 46 31 46 32 46 21 47 32 47 22 47 38 48 32 48 37 48 37 49 32 49 31 49 37 50 31 50 36 50 36 51 31 51 30 51 30 52 31 52 19 52 19 53 31 53 20 53 19 54 20 54 12 54 12 55 20 55 21 55 12 56 21 56 13 56 13 57 21 57 22 57 13 58 22 58 14 58 28 59 38 59 27 59 27 60 38 60 37 60 27 61 37 61 26 61 26 62 37 62 36 62 8 63 29 63 28 63 28 64 18 64 8 64 8 65 18 65 11 65 8 66 11 66 7 66 8 67 7 67 14 67 38 68 39 68 32 68 32 69 39 69 8 69 32 70 8 70 22 70 22 71 8 71 14 71 29 72 39 72 28 72 28 72 39 72 38 72 1 73 24 73 8 73 8 74 24 74 29 74 34 75 1 75 39 75 39 76 1 76 8 76 24 77 34 77 29 77 29 78 34 78 39 78</p>
        </triangles>
      </mesh>
    </geometry>
    <geometry id="Shape_IndexedFaceSet_062-mesh" name="Shape_IndexedFaceSet.062">
      <mesh>
        <source id="Shape_IndexedFaceSet_062-mesh-positions">
          <float_array id="Shape_IndexedFaceSet_062-mesh-positions-array" count="1119">1.05123 7e-5 0.121793 1.05123 7e-5 0.125501 1.0513 -6.95e-4 0.121793 1.0513 -6.95e-4 0.125501 1.05133 8.31e-4 0.121793 1.05133 8.31e-4 0.125501 1.05154 -0.001424968 0.121793 1.05154 -0.001424968 0.125501 1.0516 0.001549959 0.121793 1.0516 0.001549959 0.125501 1.05169 6e-5 0.125959 1.05175 -6.02e-4 0.125959 1.05177 7.2e-4 0.125959 1.05193 -0.002082884 0.121793 1.05193 -0.002082884 0.125501 1.05196 -0.001234889 0.125959 1.05201 0.001342952 0.125959 1.05202 0.002191901 0.121793 1.05202 0.002191901 0.125501 1.05227 -9.8e-5 0.121793 1.0523 3.56e-4 0.121793 1.0523 -0.001804888 0.125959 1.05234 -5.47e-4 0.121793 1.05235 -9.4e-5 0.121783 1.05237 0.001899898 0.125959 1.05238 3.44e-4 0.121783 1.05241 7.96e-4 0.121793 1.05241 -5.29e-4 0.121783 1.05243 -9.1e-5 0.121752 1.05245 3.33e-4 0.121752 1.05247 -0.002636969 0.121793 1.05247 -0.002636969 0.125501 1.05248 -9.77e-4 0.121793 1.05248 7.7e-4 0.121783 1.05248 -5.12e-4 0.121752 1.05249 -8.9e-5 0.121704 1.05251 3.23e-4 0.121704 1.05254 -8.7e-5 0.121641 1.05254 -4.98e-4 0.121704 1.05255 7.45e-4 0.121752 1.05255 -9.45e-4 0.121783 1.05256 3.16e-4 0.121641 1.05257 -8.6e-5 0.121567 1.05258 0.002723932 0.121793 1.05258 0.002723932 0.125501 1.05258 -3.6e-5 0.05829298 1.05258 -8.5e-5 0.121488 1.05258 -3.6e-5 0.121488 1.05259 3.12e-4 0.121567 1.05259 -4.87e-4 0.121641 1.0526 0.001207888 0.121793 1.0526 3.1e-4 0.121488 1.05261 7.24e-4 0.121704 1.05262 -9.15e-4 0.121752 1.05262 -4.8e-4 0.121567 1.05263 -4.78e-4 0.121488 1.05264 5.05e-4 0.05829298 1.05265 5.02e-4 0.121488 1.05266 -5.73e-4 0.05829298 1.05266 7.08e-4 0.121641 1.05266 -5.71e-4 0.121488 1.05267 0.001167953 0.121783 1.05268 -5.68e-4 0.123876 1.05268 -5.68e-4 0.125959 1.05268 -8.89e-4 0.121704 1.05269 6.98e-4 0.121567 1.0527 6.94e-4 0.121488 1.05271 -0.00137192 0.121793 1.05272 -8.69e-4 0.121641 1.05273 0.001130998 0.121752 1.05275 -8.57e-4 0.121567 1.05276 -8.53e-4 0.121488 1.05276 -0.002284944 0.125959 1.05277 -0.001326978 0.121783 1.05279 0.00109899 0.121704 1.05283 0.001073956 0.121641 1.05283 -0.001283884 0.121752 1.05284 0.001009941 0.05829298 1.05284 0.001008987 0.121488 1.05285 0.001058936 0.121567 1.05285 0.00236088 0.125959 1.05286 0.001052916 0.121488 1.05287 0.001575887 0.121793 1.05287 -0.00107187 0.05829298 1.05288 -0.001067996 0.121488 1.05288 -0.001247942 0.121704 1.05292 -0.001219928 0.121641 1.05292 0.001523852 0.121783 1.05295 -0.001202881 0.121567 1.05295 -0.00119698 0.121488 1.05298 0.001474857 0.121752 1.053 -0.001716971 0.121793 1.05303 0.001432955 0.121704 1.05305 -0.001659989 0.121783 1.05306 0.001400828 0.121641 1.05309 0.00138098 0.121567 1.05309 0.001373887 0.121488 1.05311 -0.001606941 0.121752 1.05311 -0.00305891 0.121793 1.05311 -0.00305891 0.125501 1.05315 -0.001561999 0.121704 1.05316 0.001446962 0.05829298 1.05317 0.001441836 0.121488 1.05318 0.001432955 0.123876 1.05318 0.001432955 0.125959 1.05318 -0.001526892 0.121641 1.05319 0.001886904 0.121793 1.0532 -0.001504898 0.121567 1.05321 -0.001497924 0.05829298 1.05321 -0.001497924 0.121488 1.05323 0.003118932 0.121793 1.05323 0.003118932 0.125501 1.05324 0.001823902 0.121783 1.05329 0.001765966 0.121752 1.05332 -0.002650976 0.125959 1.05333 0.001715958 0.121704 1.05335 -0.001999974 0.121793 1.05336 0.00167793 0.121641 1.05338 0.001653969 0.121567 1.05338 0.001645982 0.121488 1.0534 -0.001933932 0.121783 1.05342 0.002702951 0.125959 1.05344 -0.001871883 0.121752 1.05347 -0.001818895 0.121704 1.0535 -0.00177896 0.121641 1.05351 -0.001752853 0.121567 1.05352 -0.001744866 0.121488 1.05358 0.002128899 0.121793 1.05359 0.001785874 0.05829298 1.05359 0.001777887 0.121488 1.05361 0.002058923 0.121783 1.05365 0.001993954 0.121752 1.05365 -0.001820921 0.05829298 1.05365 -0.001812934 0.121488 1.05368 0.001936972 0.121704 1.0537 0.001893997 0.121641 1.05371 0.001866996 0.121567 1.05372 0.001857936 0.121488 1.05376 -0.002210915 0.121793 1.05379 -0.002137959 0.121783 1.05381 -0.002068996 0.121752 1.05383 -0.003326952 0.121793 1.05383 -0.003326952 0.125501 1.05384 -0.002010941 0.121704 1.05386 -0.00196588 0.121641 1.05387 -0.001937985 0.121567 1.05387 -0.001927912 0.121488 1.05394 -0.002882957 0.125959 1.05396 0.003357887 0.121793 1.05396 0.003357887 0.125501 1.054 0.002294898 0.121793 1.05402 0.002218902 0.121783 1.05404 0.002148926 0.121752 1.05406 0.002909958 0.125959 1.05406 0.002087891 0.121704 1.05407 0.002041935 0.121641 1.05408 0.002011895 0.121567 1.05409 0.002001941 0.05829298 1.05409 0.002001941 0.121488 1.05415 -0.002020955 0.05829298 1.05416 -0.002013981 0.121488 1.05416 -0.001999974 0.123876 1.05416 -0.001999974 0.125959 1.05419 -0.002340972 0.121793 1.05421 -0.002263963 0.121783 1.05422 -0.002191901 0.121752 1.05423 -0.002129912 0.121704 1.05424 -0.002082884 0.121641 1.05425 -0.002052903 0.121567 1.05425 -0.002041935 0.121488 1.05445 0.002377927 0.121793 1.05446 0.002299964 0.121783 1.05446 0.002225995 0.121752 1.05447 0.002163887 0.121704 1.05447 0.002114892 0.121641 1.05447 0.00208497 0.121567 1.05447 0.002074897 0.121488 1.05459 -0.003427982 0.121793 1.05459 -0.003427982 0.125501 1.0546 -0.002970933 0.125959 1.05462 0.002073884 0.121488 1.05462 0.00208199 0.05829298 1.05464 -0.002388 0.121793 1.05464 -0.002308905 0.121783 1.05464 -0.002234995 0.121752 1.05464 -0.002171993 0.121704 1.05464 -0.002123892 0.121641 1.05464 -0.002092957 0.121567 1.05464 -0.002082884 0.121488 1.05466 0 0.05829298 1.05469 -0.002077937 0.121488 1.05469 -0.00208199 0.05829298 1.05472 0.002970933 0.125959 1.05473 0.003427982 0.121793 1.05473 0.003427982 0.125501 1.05487 0.002071917 0.121488 1.05487 0.00208199 0.121567 1.05488 0.002112925 0.121641 1.05488 0.002160966 0.121704 1.05489 0.002223968 0.121752 1.05489 0.002296984 0.121783 1.0549 0.002374947 0.121793 1.05504 -0.002047896 0.121488 1.05504 -0.002057909 0.121567 1.05505 -0.002087891 0.121641 1.05506 -0.002135992 0.121704 1.05507 -0.002197921 0.121752 1.05508 -0.002269983 0.121783 1.05509 -0.002346992 0.121793 1.05516 0.001999974 0.123876 1.05516 0.001999974 0.125959 1.05516 0.002013981 0.121488 1.05516 0.002020955 0.05829298 1.05523 -0.001993 0.121488 1.05523 -0.002001941 0.05829298 1.05526 0.001993954 0.121488 1.05526 -0.002909958 0.125959 1.05526 0.002003908 0.121567 1.05527 0.002033889 0.121641 1.05528 0.002079904 0.121704 1.0553 0.002139925 0.121752 1.05532 0.002210915 0.121783 1.05535 0.002285957 0.121793 1.05535 -0.003357887 0.121793 1.05535 -0.003357887 0.125501 1.05538 0.002882957 0.125959 1.05542 -0.001938939 0.121488 1.05542 -0.001947999 0.121567 1.05543 -0.001976907 0.121641 1.05545 -0.002021968 0.121704 1.05548 -0.002080917 0.121752 1.05549 0.003326952 0.121793 1.05549 0.003326952 0.125501 1.0555 -0.002148926 0.121783 1.05553 -0.002221882 0.121793 1.05563 0.001844823 0.121488 1.05563 0.001853883 0.121567 1.05564 0.001880884 0.121641 1.05567 0.001817882 0.121488 1.05567 0.001923978 0.121704 1.05567 0.001820921 0.05829298 1.0557 0.001979947 0.121752 1.05573 -0.001782 0.121488 1.05573 0.002044916 0.121783 1.05573 -0.001785874 0.05829298 1.05577 0.002114892 0.121793 1.05577 -0.001759946 0.121488 1.05578 -0.001767933 0.121567 1.05579 -0.001793861 0.121641 1.05582 -0.001834869 0.121704 1.05586 -0.001887977 0.121752 1.05589 -0.002702951 0.125959 1.05589 -0.001950979 0.121783 1.05594 -0.002016901 0.121793 1.05596 0.001628935 0.121488 1.05596 0.001636922 0.121567 1.05598 0.001659989 0.121641 1.056 0.002650976 0.125959 1.05601 0.001697897 0.121704 1.05605 0.001747906 0.121752 1.05608 -0.003118932 0.121793 1.05608 -0.003118932 0.125501 1.05609 -0.001516938 0.121488 1.05609 -0.001524925 0.121567 1.0561 0.001804888 0.121783 1.0561 0.001490831 0.121488 1.05611 0.001497924 0.05829298 1.05611 -0.001546919 0.121641 1.05614 -0.001432955 0.123876 1.05614 -0.001432955 0.125959 1.05615 -0.001581907 0.121704 1.05615 0.001866996 0.121793 1.05615 -0.001442909 0.121488 1.05616 -0.001446962 0.05829298 1.05619 -0.001627922 0.121752 1.05621 0.00305891 0.121793 1.05621 0.00305891 0.125501 1.05624 -0.00168097 0.121783 1.05624 0.001352906 0.121488 1.05625 0.001359999 0.121567 1.05627 0.001379907 0.121641 1.0563 -0.001738905 0.121793 1.05631 0.001410961 0.121704 1.05635 -0.001218855 0.121488 1.05636 -0.001225948 0.121567 1.05636 0.001451969 0.121752 1.05638 -0.001242995 0.121641 1.05641 0.001499891 0.121783 1.05642 -0.001271963 0.121704 1.05644 0.001069903 0.121488 1.05644 0.00107187 0.05829298 1.05646 -0.00236088 0.125959 1.05647 0.001028895 0.121488 1.05647 -0.001308858 0.121752 1.05647 -0.001005828 0.121488 1.05647 0.001550972 0.121793 1.05648 0.001033902 0.121567 1.05648 -0.001009941 0.05829298 1.0565 0.001049995 0.121641 1.05653 -0.001351833 0.121783 1.05655 0.001072943 0.121704 1.05655 -8.78e-4 0.121488 1.05656 -8.82e-4 0.121567 1.05656 0.002284944 0.125959 1.05658 -8.95e-4 0.121641 1.05659 -0.001397967 0.121793 1.0566 0.001104891 0.121752 1.05663 -9.15e-4 0.121704 1.05663 6.68e-4 0.121488 1.05664 5.68e-4 0.123876 1.05664 5.68e-4 0.125959 1.05664 6.71e-4 0.121567 1.05665 5.72e-4 0.121488 1.05666 5.73e-4 0.05829298 1.05667 0.001140952 0.121783 1.05667 6.81e-4 0.121641 1.05668 -5.05e-4 0.05829298 1.05668 -5.05e-4 0.121488 1.05669 -9.42e-4 0.121752 1.05669 -5.07e-4 0.121567 1.05672 6.97e-4 0.121704 1.05672 -5.14e-4 0.121641 1.05672 2.83e-4 0.121488 1.05673 3.5e-5 0.121488 1.05673 2.84e-4 0.121567 1.05673 0.001179993 0.121793 1.05674 -1.13e-4 0.121488 1.05674 3.6e-5 0.05829298 1.05674 -0.002723932 0.121793 1.05674 -0.002723932 0.125501 1.05675 -1.14e-4 0.121567 1.05675 -9.73e-4 0.121783 1.05676 2.88e-4 0.121641 1.05677 -5.26e-4 0.121704 1.05678 7.17e-4 0.121752 1.05678 -1.15e-4 0.121641 1.05681 2.95e-4 0.121704 1.05682 -0.001005828 0.121793 1.05683 -5.41e-4 0.121752 1.05683 -1.18e-4 0.121704 1.05685 7.41e-4 0.121783 1.05685 0.002636969 0.121793 1.05685 0.002636969 0.125501 1.05687 3.03e-4 0.121752 1.05689 -1.21e-4 0.121752 1.0569 -5.59e-4 0.121783 1.05692 7.66e-4 0.121793 1.05694 -0.001899898 0.125959 1.05695 3.13e-4 0.121783 1.05696 -1.25e-4 0.121783 1.05698 -5.78e-4 0.121793 1.05702 0.001804888 0.125959 1.05702 3.24e-4 0.121793 1.05704 -1.3e-4 0.121793 1.0573 -0.002191901 0.121793 1.0573 -0.002191901 0.125501 1.05731 -0.001342952 0.125959 1.05736 0.001234889 0.125959 1.05738 0.002082884 0.121793 1.05738 0.002082884 0.125501 1.05754 -7.2e-4 0.125959 1.05757 6.02e-4 0.125959 1.05763 -6e-5 0.125959 1.05772 -0.001549959 0.121793 1.05772 -0.001549959 0.125501 1.05778 0.001424968 0.121793 1.05778 0.001424968 0.125501 1.05799 -8.31e-4 0.121793 1.05799 -8.31e-4 0.125501 1.05802 6.95e-4 0.121793 1.05802 6.95e-4 0.125501 1.05809 -7e-5 0.121793 1.05809 -7e-5 0.125501</float_array>
          <technique_common>
            <accessor source="#Shape_IndexedFaceSet_062-mesh-positions-array" count="373" stride="3">
              <param name="X" type="float"/>
              <param name="Y" type="float"/>
              <param name="Z" type="float"/>
            </accessor>
          </technique_common>
        </source>
        <source id="Shape_IndexedFaceSet_062-mesh-normals">
          <float_array id="Shape_IndexedFaceSet_062-mesh-normals-array" count="2061">-0.9920816 -0.1255956 -9.77669e-5 -0.9511626 -0.3086873 -0.001397132 -0.989102 -0.1472325 4.66279e-6 -0.9422708 -0.3348519 1.05765e-5 -0.8735659 -0.4867054 -7.76416e-4 -0.9217785 -0.3877172 1.70199e-4 -0.8781461 -0.4783926 1.68847e-4 -0.7813532 -0.6240891 -2.43933e-4 -0.7568958 -0.6535357 0 -0.3715714 -0.9284044 -2.7871e-4 -0.4629982 -0.8863593 1.11992e-4 -0.5918318 -0.8060615 1.01876e-4 -0.4634196 -0.8861382 -0.00118786 -0.623358 -0.7819367 0 -0.1123182 -0.9936723 6.37344e-5 0.09802186 -0.9951829 -0.001732051 -0.1042702 -0.994549 -1.66047e-4 -0.2976887 -0.954663 1.5271e-4 -0.2842836 -0.9587403 1.50772e-4 0.3968214 -0.9178959 -2.76782e-4 0.2736004 -0.9618436 1.35972e-4 0.1466435 -0.9891895 1.39971e-4 0.2775021 -0.9607245 -0.001018643 0.08553588 -0.9963352 6.39156e-5 0.6045269 -0.7965848 -5.45959e-5 0.4842209 -0.8749458 5.45677e-5 0.4513154 -0.8923646 5.54899e-5 0.7786391 -0.6274695 -0.001751184 0.6189962 -0.7853941 1.48442e-4 0.7456141 -0.666378 1.60852e-4 0.8716505 -0.4901273 -8.50189e-4 0.8068506 -0.5907557 1.65745e-4 0.8472786 -0.5311489 1.68303e-4 0.9297544 -0.3681805 -2.62272e-4 0.9443516 -0.3289378 0 0.9890385 0.1476573 -2.64248e-4 0.9992037 0.03990143 1.57083e-4 0.9939278 -0.1100344 1.53875e-4 0.9977678 0.06676572 -0.001360476 0.9884397 -0.1516148 0 0.9149975 0.4034596 1.29304e-5 0.8075888 0.5897433 -0.00182259 0.9143071 0.4050216 -1.76826e-4 0.9788935 0.2043714 1.58323e-4 0.9718726 0.2355077 1.57728e-4 0.5918319 0.8060616 -2.65518e-4 0.7019572 0.7122192 1.90508e-4 0.7906547 0.6122623 1.9345e-4 0.7017998 0.7123737 -9.43401e-4 0.8167114 0.5770463 1.85056e-5 0.373737 0.9275348 -1.13975e-4 0.5586529 0.8294016 4.06377e-5 0.5458568 0.8378786 4.10731e-5 0.1959675 0.9806094 -0.001407086 0.3651754 0.9309387 1.02792e-4 0.1958893 0.9806261 1.08179e-4 0.007861852 0.9999688 -7.69689e-4 0.1123667 0.9936669 1.27491e-4 0.006744384 0.9999773 1.28164e-4 -0.1493877 0.9887787 -2.43771e-4 -0.1886094 0.9820523 0 -0.6479982 0.761642 1.63791e-4 -0.6967769 0.7172879 1.67912e-4 -0.6192055 0.785229 -3.17451e-4 -0.5317252 0.8469169 1.07742e-4 -0.3966637 0.9179641 1.16916e-4 -0.5238629 0.851802 -0.001127839 -0.3625299 0.9319723 0 -0.8068506 0.5907557 8.9179e-6 -0.9097793 0.415089 -0.001731634 -0.8129703 0.5823053 -2.26702e-4 -1 0 0 -0.9983265 0.05782991 0 -0.9939278 0.1100344 -2.88169e-4 -0.967738 0.2519589 1.65295e-4 -0.9297544 0.3681805 1.64809e-4 -0.9677376 0.2519587 -8.86332e-4 -0.9137374 0.4063054 6.1345e-6 2.03045e-6 0 -1 0 0 -1 -3.2453e-6 0 -1 3.27159e-6 0 -1 -3.23701e-6 0 -1 -4.05436e-7 0 -1 4.8255e-6 0 -1 -3.21764e-6 0 -1 -4.85388e-6 0 -1 -2.03045e-6 0 -1 3.2453e-6 0 -1 -3.22768e-6 0 -1 3.25362e-6 0 -1 4.05128e-7 0 -1 -4.90564e-6 0 -1 3.21764e-6 0 -1 4.8548e-6 0 -1 9.26068e-6 0 -1 -1.52472e-5 0 -1 -1.85651e-5 0 -1 1.52415e-5 0 -1 -1.83095e-5 0 -1 -1.54308e-5 0 -1 -3.56616e-5 0 -1 3.23475e-5 0 -1 1.54027e-5 0 -1 -1.84384e-5 0 -1 -1.52218e-5 0 -1 4.5819e-6 0 -1 1.55869e-5 0 -1 1.57676e-5 0 -1 -3.26225e-5 0 -1 -3.70204e-5 0 -1 3.11221e-5 0 -1 -2.33284e-5 0 -1 -7.88888e-6 0 -1 7.50499e-6 0 -1 7.72779e-6 0 -1 -1.16018e-5 0 -1 2.9302e-5 0 -1 -1.96216e-5 0 -1 1.79817e-5 0 -1 8.01618e-6 0 -1 1.52599e-5 0 -1 4.56308e-5 0 -1 -1.84462e-5 0 -1 1.88864e-5 0 -1 -2.30249e-5 0 -1 1.86157e-5 0 -1 -7.67505e-6 0 -1 -9.17165e-6 0 -1 -1.57651e-5 0 -1 1.46996e-5 0 -1 -0.9362143 0.3514298 0 -0.8367655 0.5475615 0 -0.8369154 0.5473322 0 -0.6887068 0.72504 0 -0.6887879 0.724963 0 -0.5193126 0.8545845 0 -0.519384 0.854541 0 -0.3110889 0.9503809 0 -0.3110393 0.950397 0 -0.09067869 0.9958803 0 -0.09064877 0.995883 0 0.1317708 0.9912803 0 0.1317702 0.9912803 0 0.3488499 0.9371786 0 0.3489568 0.9371389 0 0.5502939 0.8349711 0 0.5505933 0.8347737 0 0.7224999 0.6913712 0 0.7226659 0.6911976 0 0.8544086 0.5196019 0 0.8545533 0.5193637 0 0.9500256 0.3121721 0 0.9499281 0.3124685 0 0.9958605 0.09089547 0 0.9958308 0.09121972 0 0.9914826 -0.1302397 0 0.9361611 -0.3515714 0 0.9361605 -0.3515731 0 0.8366904 -0.5476761 0 0.8369905 -0.5472176 0 0.6887068 -0.72504 0 0.5136482 -0.8580009 0 0.5135024 -0.8580881 0 0.3111372 -0.9503651 0 0.3110393 -0.950397 0 0.09186774 -0.9957712 0 0.09183698 -0.995774 0 -0.1317281 -0.9912859 0 -0.131813 -0.9912746 0 -0.3488499 -0.9371786 0 -0.3489033 -0.9371588 0 -0.5503692 -0.8349214 0 -0.5504427 -0.8348731 0 -0.7161455 -0.6979511 0 -0.716148 -0.6979486 0 -0.8601862 -0.5099802 0 -0.8603302 -0.5097371 0 -0.9499287 -0.312467 0 -0.9499281 -0.3124685 0 -0.9958605 -0.09089547 0 -0.9958308 -0.09121972 0 -0.9914614 0.1304005 0 -0.9914826 0.1302397 0 -0.9361073 0.3517147 0 0 0 1 1.61951e-5 0 1 -8.17312e-6 0 1 4.76695e-6 0 1 -2.26754e-5 0 1 -6.12775e-6 0 1 2.94171e-6 0 1 -2.35595e-5 0 1 8.17312e-6 0 1 -4.86116e-6 0 1 2.27917e-5 0 1 6.12769e-6 0 1 -1.66119e-5 0 1 0.9707931 0.2011879 -0.1307058 0.6992493 0.7112671 -0.07176041 0.557173 0.8250367 -0.09419631 0.006702184 0.9919319 -0.1265952 -0.6463978 0.7599401 -0.06827241 -0.960078 0.2487148 -0.1280286 -0.9920619 0 -0.1257504 -0.8783056 -0.4767678 -0.03566199 -0.2943692 -0.9467247 -0.130611 0.4760449 -0.8669598 -0.1475203 0.8399826 -0.526348 -0.1318601 0.1201654 -0.01606595 -0.9926239 0.1243981 0.005481958 -0.9922173 0.136538 0.03087127 -0.9901537 0.1217475 0.05586832 -0.9909876 0.1133835 0.07940179 -0.9903734 0.08878052 0.08993089 -0.9919831 0.06838029 0.1047646 -0.9921435 0.04684227 0.1150128 -0.992259 0.02422308 0.1225522 -0.9921665 8.22107e-4 0.1271184 -0.9918872 -0.02291536 0.1242757 -0.9919832 -0.04675686 0.1182493 -0.9918825 -0.06945329 0.1118246 -0.991298 -0.0863533 0.08898234 -0.9922829 -0.1123404 0.08231264 -0.9902547 -0.1122125 0.05170649 -0.9923381 -0.1297738 0.03235638 -0.9910156 -0.122827 0.008121192 -0.9923949 -0.1232829 -0.01924657 -0.992185 -0.1305518 -0.04243516 -0.9905329 -0.1119519 -0.06509912 -0.9915791 -0.1013039 -0.08515399 -0.9912046 -0.08227574 -0.1019308 -0.9913833 -0.05558925 -0.1081542 -0.9925788 -0.03657233 -0.1208678 -0.9919947 -0.01312905 -0.1254108 -0.992018 0.0114575 -0.1253734 -0.9920436 0.03531831 -0.1242302 -0.9916247 0.05641216 -0.1128243 -0.9920124 0.0731182 -0.09478992 -0.9928085 0.09074306 -0.07729512 -0.9928702 0.1139557 -0.06677156 -0.9912395 0.1205329 -0.04508775 -0.9916849 0.114252 -0.04146403 -0.9925862 0.3950579 -0.143128 -0.907438 0.372981 -0.1300741 -0.9186762 0.5578984 -0.19512 -0.806646 0.5790895 -0.2079939 -0.7882854 0.7151726 -0.2572743 -0.6498756 0.729236 -0.2684331 -0.6294113 0.8953676 -0.3290066 -0.3001195 0.8727008 -0.3029512 -0.382902 0.9364691 -0.324261 -0.1337181 0.9367557 -0.3261297 -0.1269964 0.1113955 -0.06462436 -0.9916728 0.3359218 -0.1950027 -0.9214828 0.3586117 -0.2153046 -0.9083181 0.5257147 -0.3158143 -0.7898642 0.5101616 -0.2998147 -0.8061304 0.6792524 -0.3995247 -0.6156268 0.6614701 -0.380241 -0.6464318 0.8190773 -0.4701513 -0.3287404 0.8228124 -0.4784449 -0.3067087 0.854744 -0.496126 -0.1525512 0.8497955 -0.4799277 -0.217984 0.7769235 -0.6263719 -0.06362533 0.09850907 -0.08690369 -0.9913343 0.294838 -0.259859 -0.9195346 0.2922703 -0.2561663 -0.9213886 0.4672675 -0.410216 -0.7831884 0.4621665 -0.4020803 -0.7904009 0.5764799 -0.5025942 -0.6442593 0.5892177 -0.5233508 -0.6155701 0.6943405 -0.6166177 -0.3710444 0.6994305 -0.6320405 -0.3336494 0.7354345 -0.6647458 -0.1313368 0.7371773 -0.6583672 -0.1520599 0.07344239 -0.09521776 -0.9927436 0.2525788 -0.3274739 -0.910475 0.2432719 -0.3086417 -0.919543 0.3625651 -0.4601686 -0.8104268 0.3768633 -0.4912762 -0.7852528 0.4736629 -0.6174968 -0.6279659 0.4707828 -0.6099478 -0.6374381 0.5746964 -0.7447423 -0.3392389 0.5725151 -0.7306141 -0.372061 0.6096215 -0.7772104 -0.1559031 0.6023684 -0.7941763 -0.08022677 0.05511707 -0.1085624 -0.9925605 0.1838449 -0.3624559 -0.9136886 0.1839516 -0.3618648 -0.9139014 0.2658609 -0.5236797 -0.8093687 0.2670173 -0.5284087 -0.8059071 0.3554635 -0.7029145 -0.616082 0.3544259 -0.697444 -0.6228597 0.4192998 -0.8249703 -0.3789617 0.4190506 -0.8374148 -0.3509034 0.4449605 -0.8897219 -0.1020065 0.448184 -0.8850548 -0.1257352 0.2753682 -0.9536241 -0.1215456 0.03501278 -0.1215708 -0.9919651 0.1094738 -0.3799479 -0.918507 0.109979 -0.3852297 -0.9162437 0.1674685 -0.5871977 -0.7919301 0.1667022 -0.5701892 -0.804422 0.2216843 -0.7575268 -0.6140109 0.2214205 -0.7586951 -0.6126622 0.2580286 -0.8830534 -0.3919667 0.2568503 -0.8879796 -0.3814712 0.2760143 -0.9535984 -0.1202759 0.2722807 -0.9559407 -0.1097294 0.09778326 -0.9871675 -0.1262488 0.01123785 -0.1273277 -0.991797 0.03417968 -0.3864424 -0.92168 0.03374433 -0.3911678 -0.9197005 0.05216914 -0.60512 -0.7944233 0.05200541 -0.6066662 -0.7932538 0.0679562 -0.7930225 -0.6053901 0.06912976 -0.7875195 -0.6124004 0.08072084 -0.9196587 -0.3843334 0.08050143 -0.9202104 -0.3830569 0.08634895 -0.9873487 -0.1329909 0.08481001 -0.9883937 -0.1260364 -0.01310515 -0.1253749 -0.9920229 -0.04076921 -0.3902351 -0.9198122 -0.03966206 -0.3864151 -0.9214719 -0.06201672 -0.6048338 -0.7939334 -0.06209439 -0.6047844 -0.7939648 -0.08134084 -0.7924804 -0.6044489 -0.08125245 -0.7921045 -0.6049535 -0.09414124 -0.9182863 -0.3845618 -0.09438741 -0.9184457 -0.3841205 -0.1012296 -0.9855142 -0.1360675 -0.1034362 -0.986649 -0.1257961 -0.03582084 -0.1195237 -0.992185 -0.1138269 -0.3795647 -0.9181363 -0.1137657 -0.3792912 -0.9182568 -0.1719569 -0.5736317 -0.8008605 -0.1782255 -0.5843983 -0.7916529 -0.2304079 -0.7557402 -0.613 -0.2341414 -0.760815 -0.6052591 -0.2730698 -0.887093 -0.3721543 -0.2661967 -0.8803392 -0.3926095 -0.2873259 -0.9501395 -0.1211566 -0.2815037 -0.9482864 -0.1466588 -0.4580603 -0.8767476 -0.1466098 -0.05853772 -0.1118583 -0.9919986 -0.1800037 -0.3444135 -0.9214001 -0.1897779 -0.3562854 -0.9149017 -0.2907945 -0.5461277 -0.78561 -0.2729938 -0.5255265 -0.8057894 -0.3629655 -0.6994611 -0.6156382 -0.3633269 -0.6994913 -0.6153905 -0.431621 -0.8310179 -0.3508742 -0.4248172 -0.8263908 -0.3696064 -0.453244 -0.881397 -0.1330772 -0.4600999 -0.8807363 -0.112302 -0.07400506 -0.09442025 -0.992778 -0.2255321 -0.2882403 -0.9306196 -0.2437717 -0.3033125 -0.9211823 -0.3907626 -0.4869086 -0.7811688 -0.3903113 -0.486565 -0.7816084 -0.505053 -0.6287273 -0.5912898 -0.4850879 -0.6158082 -0.6208624 -0.5744367 -0.7290593 -0.3721493 -0.5878063 -0.7349618 -0.3381051 -0.6180162 -0.7723957 -0.146496 -0.6157428 -0.7723187 -0.1561562 -0.1012766 -0.08520972 -0.9912025 -0.2971104 -0.2495591 -0.9216539 -0.2725089 -0.2364649 -0.9326432 -0.466062 -0.4037837 -0.7872388 -0.4757989 -0.4087461 -0.7788081 -0.6002858 -0.5160284 -0.6110415 -0.6180407 -0.523369 -0.5866094 -0.6935513 -0.5876315 -0.4167445 -0.7159095 -0.5921231 -0.3699513 -0.7692927 -0.6371241 -0.04755961 -0.7480869 -0.6459919 -0.1518568 -0.1152845 -0.0664258 -0.991109 -0.3285629 -0.1896546 -0.9252447 -0.3382439 -0.1922377 -0.9212142 -0.5156782 -0.2938101 -0.8048303 -0.5396876 -0.3007124 -0.7863265 -0.7129827 -0.3968901 -0.5780434 -0.6874383 -0.3919168 -0.6114162 -0.7972897 -0.4543575 -0.3973518 -0.7843154 -0.453913 -0.4228621 -0.857884 -0.496105 -0.1338462 -0.8719 -0.4863812 -0.05677813 -0.9438579 -0.304802 -0.1273899 -0.1228614 -0.04140126 -0.9915599 -0.3758172 -0.1268411 -0.9179722 -0.3571925 -0.1237075 -0.9258024 -0.5827984 -0.2019094 -0.7871331 -0.5573173 -0.1998908 -0.8058791 -0.7326529 -0.262266 -0.6280416 -0.7745363 -0.2641902 -0.5747148 -0.8748351 -0.2980976 -0.3818396 -0.8664258 -0.298674 -0.4001253 -0.9401512 -0.324792 -0.1030822 -0.9340217 -0.3306595 -0.1351585 -0.1364906 -0.01886177 -0.9904619 -0.3591737 -0.04963141 -0.9319501 -0.395087 -0.04690831 -0.9174454 -0.6210213 -0.07377928 -0.7803136 -0.61258 -0.07512557 -0.7868304 -0.7785682 -0.09497982 -0.620331 -0.7709322 -0.09617173 -0.6296146 -0.9198397 -0.1153117 -0.3749641 -0.9170056 -0.1157696 -0.3817044 -0.9841809 -0.1242236 -0.1263192 -0.9838202 -0.1254566 -0.1279008 -0.1242666 0.008580803 -0.9922118 -0.4014126 0.02752143 -0.9154838 -0.3619549 0.01702606 -0.9320402 -0.620768 0.02930659 -0.7834465 -0.6245086 0.03032928 -0.7804288 -0.7810055 0.03765362 -0.623388 -0.7836514 0.03907024 -0.6199711 -0.9247196 0.04602217 -0.3778566 -0.9257439 0.04666459 -0.3752608 -0.9906715 0.04995733 -0.126785 -0.9943326 0.05718201 -0.08962732 -0.1197458 0.02809417 -0.992407 -0.3767615 0.08866196 -0.9220575 -0.3908268 0.09503591 -0.9155449 -0.5875518 0.1424859 -0.796543 -0.6018576 0.1498957 -0.7844098 -0.7457898 0.1855615 -0.6398161 -0.7581062 0.1934924 -0.6227646 -0.8912069 0.2275035 -0.3924187 -0.8968262 0.2320874 -0.3766143 -0.9593521 0.249046 -0.1327396 -0.9596372 0.2504402 -0.1279688 -0.8998169 0.4113448 -0.145344 -0.1200851 0.05751323 -0.9910963 -0.365343 0.1744858 -0.9143737 -0.3501417 0.1631439 -0.92238 -0.5232775 0.2437577 -0.8165556 -0.5456649 0.2623601 -0.7958751 -0.7229949 0.3468594 -0.5974671 -0.698553 0.3245801 -0.637708 -0.861135 0.3996887 -0.3141584 -0.8410561 0.3729881 -0.3917965 -0.9054443 0.401072 -0.1389669 -0.9055933 0.4024859 -0.1338127 -0.1011887 0.07113212 -0.9923211 -0.3047419 0.2140831 -0.9280629 -0.3267819 0.2373961 -0.9147988 -0.4796898 0.3486539 -0.8051946 -0.4712448 0.3388943 -0.8142967 -0.6702765 0.4826686 -0.5637025 -0.6547476 0.4604055 -0.5994436 -0.7353933 0.5174135 -0.4375842 -0.7596051 0.5659348 -0.3204964 -0.8007247 0.5966336 -0.05355906 -0.8042157 0.5761545 -0.1458871 -0.09381771 0.1001368 -0.9905407 -0.2569059 0.2740865 -0.9267556 -0.2562772 0.2730179 -0.927245 -0.4115587 0.43811 -0.7991741 -0.4081565 0.4326415 -0.8038842 -0.5448422 0.5771631 -0.6083007 -0.5569345 0.6026686 -0.5715021 -0.6253615 0.6767711 -0.3884634 -0.6190426 0.6582903 -0.4282991 -0.6836274 0.7261271 -0.07343733 -0.6886927 0.7092043 -0.1507705 -0.5168032 0.8406785 -0.1617843 -0.06652992 0.1047383 -0.992272 -0.2017626 0.3175808 -0.9265174 -0.2027018 0.3200665 -0.9254564 -0.3204512 0.5061579 -0.8006969 -0.3216767 0.5094777 -0.7980956 -0.4279271 0.6774836 -0.5982428 -0.4258893 0.6703117 -0.6077012 -0.5013777 0.7887693 -0.3556173 -0.5002592 0.7749227 -0.3863104 -0.5383746 0.8337473 -0.1225492 -0.5302608 0.8435294 -0.08533245 -0.04738491 0.1213161 -0.9914823 -0.1429501 0.3664472 -0.9193921 -0.1408607 0.3542311 -0.9244883 -0.2212764 0.5571686 -0.800375 -0.2215247 0.5575929 -0.8000107 -0.2972894 0.7485563 -0.5926909 -0.2967876 0.7423166 -0.6007357 -0.3414448 0.8536334 -0.3933517 -0.3397299 0.8678272 -0.3625734 -0.3598126 0.9189612 -0.161385 -0.3584739 0.9212333 -0.1510825 -0.02295815 0.12452 -0.9919515 -0.07095175 0.3856075 -0.9199309 -0.07098299 0.3870818 -0.9193091 -0.1094999 0.5966358 -0.7950067 -0.1097564 0.592006 -0.798425 -0.1447994 0.7809209 -0.6076149 -0.1437119 0.7889354 -0.5974345 -0.1667067 0.914056 -0.369744 -0.1694716 0.9047607 -0.3907524 -0.182864 0.9752365 -0.1243962 -0.186491 0.9715431 -0.1460309 8.95544e-4 0.1272884 -0.9918654 0.002666234 0.3909811 -0.9203948 0.001798391 0.386339 -0.9223552 0.002883017 0.6056541 -0.7957229 0.004355669 0.6120391 -0.7908155 0.005655348 0.7951098 -0.6064392 0.003776729 0.7894824 -0.6137617 0.004437685 0.9223815 -0.386255 0.006897628 0.9270911 -0.3747729 0.007392704 0.9919431 -0.126469 0.0077973 0.9922112 -0.1243232 0.194841 0.9731414 -0.1226087 0.0248143 0.1240716 -0.991963 0.07622587 0.3812335 -0.9213311 0.07987678 0.3895179 -0.9175487 0.1217482 0.5945422 -0.7947937 0.1194614 0.5898196 -0.7986501 0.1591082 0.7851155 -0.5985634 0.159168 0.7848489 -0.5988972 0.1829233 0.9023306 -0.3903059 0.179971 0.8986655 -0.4000135 0.194853 0.9731375 -0.1226208 0.1945398 0.9730083 -0.1241341 0.04607647 0.1138271 -0.9924315 0.1491969 0.3687966 -0.9174582 0.1448525 0.3616538 -0.920991 0.2248991 0.5624477 -0.7956589 0.2245354 0.5614477 -0.7964674 0.2881358 0.7208465 -0.6303635 0.3077232 0.7443904 -0.5926125 0.3561505 0.861294 -0.3623941 0.3456296 0.8525229 -0.3921033 0.3737245 0.9215781 -0.1049942 0.371014 0.9213439 -0.116078 0.06715965 0.103487 -0.9923609 0.207768 0.3203619 -0.9242299 0.2218456 0.3344507 -0.9159298 0.332561 0.5015977 -0.7986257 0.3349134 0.5038303 -0.7962337 0.4394856 0.6611796 -0.6080247 0.4186128 0.6439523 -0.6403818 0.5043111 0.7761913 -0.3784144 0.5136775 0.7812834 -0.3545865 0.5476122 0.8324867 -0.08418262 0.5429043 0.8332826 -0.1043795 0.08771258 0.08912563 -0.9921509 0.2867524 0.2915247 -0.9125714 0.2616078 0.2738383 -0.9255129 0.4131488 0.4329713 -0.8011516 0.4161755 0.4348528 -0.7985618 0.5413193 0.5658634 -0.6219101 0.5518638 0.5712075 -0.6075924 0.6490693 0.6720647 -0.3564242 0.6383439 0.6687196 -0.3812233 0.682693 0.7149992 -0.1506864 0.7010779 0.7095021 -0.07139152 0.799104 0.5850823 -0.1382451 0.1022399 0.07413947 -0.9919932 0.2996928 0.2169429 -0.9290426 0.3398555 0.2348427 -0.910685 0.5177665 0.3581407 -0.7769512 0.4865823 0.3454712 -0.802426 0.6184831 0.4391715 -0.6516188 0.6398822 0.4463043 -0.6255903 0.7753579 0.5401026 -0.3272756 0.7648234 0.5395498 -0.3520386 0.8082193 0.5697625 -0.1488364 0.8068472 0.5704662 -0.1535122 0.1275845 0.05735498 -0.990168 0.3537259 0.1590105 -0.921734 0.3326615 0.1545578 -0.9302947 0.5507482 0.2558967 -0.7944768 0.5771294 0.260534 -0.7739793 0.701479 0.3172767 -0.6381714 0.6837874 0.3150344 -0.6581704 0.8364061 0.3849924 -0.3901355 0.8673073 0.3830156 -0.3179265 0.9073376 0.3997321 -0.1302028 0.9049056 0.4018723 -0.1401591 0.1306495 0.03049594 -0.9909595 0.3512107 0.082237 -0.932678 0.3798639 0.08269143 -0.921339 0.608723 0.1321367 -0.782302 0.5921062 0.1323978 -0.7949096 0.7621715 0.1703247 -0.6245671 0.7493603 0.1718615 -0.6394707 0.9031172 0.2069149 -0.3762523 0.8965613 0.2086509 -0.3906949 0.966296 0.2248763 -0.1253102 0.9575423 0.2319834 -0.171162 0.9899628 0.0665521 -0.124678 0.1407464 0.003220021 -0.9900406 0.405609 0.009342193 -0.913999 0.3595517 0.01691305 -0.9329719 0.6246417 0.02948999 -0.7803546 0.6222662 0.03014278 -0.7822252 0.7839258 0.03726744 -0.6197351 0.7802316 0.03889977 -0.62428 0.9258273 0.04606848 -0.3751288 0.9251925 0.04617959 -0.3766779 0.9866041 0.04930162 -0.1555047 0.9911808 0.04050141 -0.1261759 0.1230917 -0.01695859 -0.9922504 0.3921355 -0.05429971 -0.9183036 0.401541 -0.05745917 -0.9140369 0.6092165 -0.08706229 -0.7882103 0.6188663 -0.09103679 -0.7802031 0.768049 -0.1126134 -0.6304119 0.7755021 -0.1163029 -0.6205403 0.9132499 -0.1372324 -0.3835911 0.9167506 -0.1399444 -0.3741441 0.9803296 -0.1502175 -0.1280181 0.9806246 -0.1498016 -0.1262329 0.2753034 -0.9613574 0 0.2753066 -0.9613565 0 -0.6953138 -0.7187063 0 -0.6953681 -0.7186538 0 -0.9701848 0.2423666 0 -0.9701346 0.2425675 0 -0.2753322 0.9613493 0 -0.2753066 0.9613565 0 0.6953681 0.7186538 0 0.6953138 0.7187063 0 0.9701593 -0.2424687 0 0.9701855 -0.2423635 0 1.58271e-5 0 1 -7.91649e-6 0 1 7.91649e-6 0 1 -1.58288e-5 0 1 -0.6629921 0.2490441 0.7059876 -0.5946739 0.3844617 0.7060823 -0.5951631 0.389195 0.7030705 -0.4924365 0.5127489 0.7032745 -0.4916985 0.5177597 0.7001125 -0.3669498 0.6114751 0.7010322 -0.3688071 0.606728 0.7041751 -0.2185025 0.6754628 0.7042775 -0.2202466 0.6728789 0.7062051 -0.06530159 0.7062522 0.7049422 -0.06438094 0.707155 0.7041214 0.09386897 0.7036935 0.7042757 0.09351044 0.7034977 0.7045189 0.2487246 0.6649239 0.7042815 0.2474088 0.6644099 0.7052294 0.3875893 0.5929835 0.705794 0.3910678 0.5933158 0.7035925 0.5133448 0.4918705 0.7032359 0.5141687 0.4917905 0.7026896 0.6115298 0.3647566 0.7021282 0.6043707 0.36752 0.7068699 0.6706768 0.2225039 0.7075908 0.6727969 0.2212677 0.7059638 0.7053213 0.06377851 0.706013 0.704777 0.0643981 0.7065001 0.7012659 -0.0954737 0.7064779 0.6990568 -0.09176474 0.7091537 0.6614038 -0.244387 0.7090981 0.6629921 -0.2490441 0.7059876 0.5902346 -0.3920978 0.7056079 0.5897161 -0.3857498 0.7095295 0.488783 -0.5088099 0.7086634 0.488084 -0.5138371 0.7055108 0.3648596 -0.6081276 0.7050236 0.3645235 -0.6090639 0.7043891 0.2215859 -0.674247 0.704479 0.2209968 -0.675171 0.7037789 0.06537371 -0.7068955 0.7042905 0.0652222 -0.7071726 0.7040264 -0.09387791 -0.703625 0.7043429 -0.0935114 -0.7036222 0.7043944 -0.248781 -0.664802 0.7043766 -0.2473725 -0.6644297 0.7052235 -0.3875584 -0.5930708 0.7057377 -0.3910678 -0.5933158 0.7035925 -0.513379 -0.4917674 0.7032829 -0.5058254 -0.492976 0.707895 -0.6058152 -0.361348 0.7088128 -0.6081413 -0.3605323 0.7072346 -0.6707799 -0.2224034 0.7075247 -0.6727514 -0.221487 0.7059384 -0.7053213 -0.06377851 0.706013 -0.704777 -0.0643981 0.7065001 -0.7020485 0.08503532 0.7070338 -0.7066749 0.09276473 0.7014309 -0.665226 0.256386 0.7012423</float_array>
          <technique_common>
            <accessor source="#Shape_IndexedFaceSet_062-mesh-normals-array" count="687" stride="3">
              <param name="X" type="float"/>
              <param name="Y" type="float"/>
              <param name="Z" type="float"/>
            </accessor>
          </technique_common>
        </source>
        <vertices id="Shape_IndexedFaceSet_062-mesh-vertices">
          <input semantic="POSITION" source="#Shape_IndexedFaceSet_062-mesh-positions"/>
        </vertices>
        <triangles material="Shape_011_001-material" count="742">
          <input semantic="VERTEX" source="#Shape_IndexedFaceSet_062-mesh-vertices" offset="0"/>
          <input semantic="NORMAL" source="#Shape_IndexedFaceSet_062-mesh-normals" offset="1"/>
          <p>45 0 55 0 46 0 55 1 45 1 60 1 60 2 45 2 58 2 60 3 58 3 71 3 71 4 58 4 84 4 84 5 58 5 83 5 84 6 83 6 89 6 89 7 83 7 108 7 89 8 108 8 109 8 159 9 146 9 132 9 132 10 146 10 133 10 132 11 133 11 108 11 108 12 133 12 126 12 108 13 126 13 109 13 191 14 190 14 159 14 159 15 190 15 188 15 188 16 169 16 159 16 159 17 169 17 160 17 159 18 160 18 146 18 244 19 226 19 214 19 214 20 226 20 213 20 214 21 213 21 191 21 191 22 213 22 202 22 191 23 202 23 190 23 262 24 246 24 244 24 244 25 246 25 242 25 244 26 242 26 226 26 262 27 244 27 272 27 272 28 244 28 273 28 272 29 273 29 283 29 283 30 273 30 294 30 294 31 273 31 297 31 294 32 297 32 301 32 301 33 297 33 316 33 301 34 316 34 317 34 313 35 322 35 327 35 327 36 322 36 323 36 327 37 323 37 316 37 316 38 323 38 326 38 316 39 326 39 317 39 290 40 289 40 313 40 313 41 289 41 292 41 292 42 308 42 313 42 313 43 308 43 312 43 313 44 312 44 322 44 240 45 254 45 266 45 266 46 254 46 265 46 266 47 265 47 290 47 290 48 265 48 278 48 290 49 278 49 289 49 215 50 235 50 240 50 240 51 235 51 238 51 240 52 238 52 254 52 215 53 240 53 211 53 211 54 240 54 212 54 211 55 212 55 195 55 195 56 212 56 180 56 180 57 212 57 181 57 180 58 181 58 176 58 176 59 181 59 157 59 176 60 157 60 158 60 96 61 102 61 101 61 101 62 102 62 119 62 101 63 119 63 128 63 128 64 119 64 129 64 128 65 129 65 157 65 157 66 129 66 137 66 157 67 137 67 158 67 77 68 78 68 101 68 101 69 78 69 81 69 101 70 81 70 96 70 46 71 47 71 45 71 45 72 47 72 51 72 45 73 51 73 56 73 56 74 51 74 57 74 56 75 57 75 77 75 77 76 57 76 66 76 77 77 66 77 78 77 313 78 327 78 189 78 189 79 327 79 316 79 189 80 316 80 297 80 240 79 266 79 189 79 189 81 266 81 290 81 189 82 290 82 313 82 157 79 181 79 189 79 189 83 181 83 212 83 189 84 212 84 240 84 77 79 101 79 189 79 189 85 101 85 128 85 189 86 128 86 157 86 58 87 45 87 189 87 189 79 45 79 56 79 189 88 56 88 77 88 132 79 108 79 189 79 189 89 108 89 83 89 189 90 83 90 58 90 214 79 191 79 189 79 189 91 191 91 159 91 189 92 159 92 132 92 297 79 273 79 189 79 189 93 273 93 244 93 189 94 244 94 214 94 4 95 20 95 0 95 0 96 20 96 19 96 0 97 19 97 2 97 2 98 19 98 22 98 2 99 22 99 6 99 6 79 22 79 32 79 6 79 32 79 13 79 13 100 32 100 67 100 13 101 67 101 30 101 30 102 67 102 91 102 30 79 91 79 98 79 328 79 281 79 354 79 354 103 281 103 305 103 354 104 305 104 363 104 363 105 305 105 337 105 363 106 337 106 367 106 367 79 337 79 350 79 367 79 350 79 371 79 371 107 350 107 353 107 371 79 353 79 369 79 369 108 353 108 352 108 369 79 352 79 365 79 352 109 346 109 365 109 365 79 346 79 325 79 365 79 325 79 358 79 358 79 325 79 295 79 358 110 295 110 341 110 341 111 295 111 271 111 341 79 271 79 275 79 275 112 271 112 245 112 275 79 245 79 231 79 231 113 245 113 222 113 231 79 222 79 193 79 91 79 116 79 98 79 98 114 116 114 138 114 98 79 138 79 141 79 141 115 138 115 163 115 141 79 163 79 177 79 177 116 163 116 182 116 177 79 182 79 223 79 223 117 182 117 208 117 223 79 208 79 260 79 260 118 208 118 234 118 260 119 234 119 328 119 328 120 234 120 253 120 328 121 253 121 281 121 222 79 201 79 193 79 193 122 201 122 170 122 193 123 170 123 148 123 148 124 170 124 150 124 148 79 150 79 110 79 110 125 150 125 127 125 110 126 127 126 43 126 43 127 127 127 106 127 43 128 106 128 17 128 17 129 106 129 82 129 17 130 82 130 8 130 8 79 82 79 50 79 8 79 50 79 4 79 4 79 50 79 26 79 4 79 26 79 20 79 4 131 9 131 8 131 8 132 9 132 18 132 8 133 18 133 17 133 17 134 18 134 44 134 17 135 44 135 43 135 43 136 44 136 111 136 43 137 111 137 110 137 110 138 111 138 149 138 110 139 149 139 148 139 148 140 149 140 194 140 148 141 194 141 193 141 193 142 194 142 232 142 193 143 232 143 231 143 231 144 232 144 276 144 231 145 276 145 275 145 275 146 276 146 342 146 275 147 342 147 341 147 341 148 342 148 359 148 341 149 359 149 358 149 358 150 359 150 366 150 358 151 366 151 365 151 365 152 366 152 370 152 365 153 370 153 369 153 369 154 370 154 372 154 369 155 372 155 371 155 371 156 372 156 368 156 371 156 368 156 367 156 367 157 368 157 364 157 367 158 364 158 363 158 363 159 364 159 355 159 363 160 355 160 354 160 354 161 355 161 329 161 354 161 329 161 328 161 328 162 329 162 261 162 328 163 261 163 260 163 260 164 261 164 224 164 260 165 224 165 223 165 223 166 224 166 178 166 223 167 178 167 177 167 177 168 178 168 142 168 177 169 142 169 141 169 141 170 142 170 99 170 141 171 99 171 98 171 98 172 99 172 31 172 98 173 31 173 30 173 30 174 31 174 14 174 30 175 14 175 13 175 13 176 14 176 7 176 13 177 7 177 6 177 6 178 7 178 3 178 6 179 3 179 2 179 2 180 3 180 1 180 2 181 1 181 0 181 0 182 1 182 5 182 0 183 5 183 4 183 4 184 5 184 9 184 257 185 225 185 210 185 10 186 11 186 63 186 291 185 347 185 269 185 114 185 147 185 162 185 225 185 192 185 210 185 210 187 192 187 153 187 210 185 153 185 104 185 104 188 153 188 121 188 104 189 121 189 80 189 361 185 357 185 310 185 310 185 357 185 351 185 310 190 351 190 210 190 210 185 351 185 303 185 210 185 303 185 257 185 347 191 356 191 269 191 269 185 356 185 360 185 269 185 360 185 310 185 310 185 360 185 362 185 310 192 362 192 361 192 147 185 179 185 162 185 162 193 179 193 216 193 162 185 216 185 269 185 269 194 216 194 251 194 269 195 251 195 291 195 11 185 15 185 63 185 63 185 15 185 21 185 63 196 21 196 162 196 162 185 21 185 72 185 162 185 72 185 114 185 80 185 24 185 104 185 104 185 24 185 16 185 104 185 16 185 63 185 63 197 16 197 12 197 63 185 12 185 10 185 312 198 308 198 311 198 265 199 254 199 255 199 238 200 235 200 236 200 180 201 176 201 175 201 102 202 96 202 95 202 57 203 51 203 48 203 47 204 46 204 42 204 84 205 89 205 88 205 160 206 169 206 168 206 242 207 246 207 247 207 294 208 301 208 302 208 353 209 350 209 345 209 352 210 353 210 349 210 346 211 352 211 348 211 325 212 346 212 340 212 295 213 325 213 314 213 271 214 295 214 287 214 245 215 271 215 264 215 222 216 245 216 243 216 201 217 222 217 221 217 170 218 201 218 200 218 150 219 170 219 171 219 127 220 150 220 151 220 106 221 127 221 130 221 82 222 106 222 112 222 50 223 82 223 87 223 26 224 50 224 61 224 20 225 26 225 33 225 19 226 20 226 25 226 22 227 19 227 23 227 32 228 22 228 27 228 67 229 32 229 40 229 91 230 67 230 73 230 116 231 91 231 93 231 138 232 116 232 120 232 163 233 138 233 139 233 182 234 163 234 164 234 208 235 182 235 183 235 234 236 208 236 207 236 253 237 234 237 233 237 281 238 253 238 252 238 305 239 281 239 277 239 337 240 305 240 299 240 350 241 337 241 331 241 350 242 331 242 345 242 345 243 331 243 318 243 345 244 318 244 338 244 338 245 318 245 307 245 338 246 307 246 333 246 333 247 307 247 304 247 333 248 304 248 321 248 321 249 304 249 302 249 321 250 302 250 319 250 319 251 302 251 301 251 319 252 301 252 317 252 337 253 299 253 331 253 331 254 299 254 293 254 331 255 293 255 318 255 318 256 293 256 288 256 318 257 288 257 307 257 307 258 288 258 286 258 307 259 286 259 304 259 304 260 286 260 284 260 304 261 284 261 302 261 302 262 284 262 283 262 302 263 283 263 294 263 263 264 262 264 272 264 305 265 277 265 299 265 299 266 277 266 274 266 299 267 274 267 293 267 293 268 274 268 270 268 293 269 270 269 288 269 288 270 270 270 267 270 288 271 267 271 286 271 286 272 267 272 263 272 286 273 263 273 284 273 284 274 263 274 272 274 284 275 272 275 283 275 281 276 252 276 277 276 277 277 252 277 250 277 277 278 250 278 274 278 274 279 250 279 249 279 274 280 249 280 270 280 270 281 249 281 248 281 270 282 248 282 267 282 267 283 248 283 247 283 267 284 247 284 263 284 263 285 247 285 246 285 263 286 246 286 262 286 253 287 233 287 252 287 252 288 233 288 230 288 252 289 230 289 250 289 250 290 230 290 229 290 250 291 229 291 249 291 249 292 229 292 228 292 249 293 228 293 248 293 248 294 228 294 227 294 248 295 227 295 247 295 247 296 227 296 226 296 247 297 226 297 242 297 203 298 202 298 213 298 234 299 207 299 233 299 233 300 207 300 206 300 233 301 206 301 230 301 230 302 206 302 205 302 230 303 205 303 229 303 229 304 205 304 204 304 229 305 204 305 228 305 228 306 204 306 203 306 228 307 203 307 227 307 227 308 203 308 213 308 227 309 213 309 226 309 187 310 188 310 190 310 208 311 183 311 207 311 207 312 183 312 184 312 207 313 184 313 206 313 206 314 184 314 185 314 206 315 185 315 205 315 205 316 185 316 186 316 205 317 186 317 204 317 204 318 186 318 187 318 204 319 187 319 203 319 203 320 187 320 190 320 203 321 190 321 202 321 182 322 164 322 183 322 183 323 164 323 165 323 183 324 165 324 184 324 184 325 165 325 166 325 184 326 166 326 185 326 185 327 166 327 167 327 185 328 167 328 186 328 186 329 167 329 168 329 186 330 168 330 187 330 187 331 168 331 169 331 187 332 169 332 188 332 163 333 139 333 164 333 164 334 139 334 140 334 164 335 140 335 165 335 165 336 140 336 143 336 165 337 143 337 166 337 166 338 143 338 144 338 166 339 144 339 167 339 167 340 144 340 145 340 167 341 145 341 168 341 168 342 145 342 146 342 168 343 146 343 160 343 125 344 126 344 133 344 138 345 120 345 139 345 139 346 120 346 122 346 139 347 122 347 140 347 140 348 122 348 123 348 140 349 123 349 143 349 143 350 123 350 124 350 143 351 124 351 144 351 144 352 124 352 125 352 144 353 125 353 145 353 145 354 125 354 133 354 145 355 133 355 146 355 116 356 93 356 120 356 120 357 93 357 97 357 120 358 97 358 122 358 122 359 97 359 100 359 122 360 100 360 123 360 123 361 100 361 105 361 123 362 105 362 124 362 124 363 105 363 107 363 124 364 107 364 125 364 125 365 107 365 109 365 125 366 109 366 126 366 91 367 73 367 93 367 93 368 73 368 76 368 93 369 76 369 97 369 97 370 76 370 85 370 97 371 85 371 100 371 100 372 85 372 86 372 100 373 86 373 105 373 105 374 86 374 88 374 105 375 88 375 107 375 107 376 88 376 89 376 107 377 89 377 109 377 67 378 40 378 73 378 73 379 40 379 53 379 73 380 53 380 76 380 76 381 53 381 64 381 76 382 64 382 85 382 85 383 64 383 68 383 85 384 68 384 86 384 86 385 68 385 70 385 86 386 70 386 88 386 88 387 70 387 71 387 88 388 71 388 84 388 54 389 55 389 60 389 32 390 27 390 40 390 40 391 27 391 34 391 40 392 34 392 53 392 53 393 34 393 38 393 53 394 38 394 64 394 64 395 38 395 49 395 64 396 49 396 68 396 68 397 49 397 54 397 68 398 54 398 70 398 70 399 54 399 60 399 70 400 60 400 71 400 22 401 23 401 27 401 27 402 23 402 28 402 27 403 28 403 34 403 34 404 28 404 35 404 34 405 35 405 38 405 38 406 35 406 37 406 38 407 37 407 49 407 49 408 37 408 42 408 49 409 42 409 54 409 54 410 42 410 46 410 54 411 46 411 55 411 19 412 25 412 23 412 23 413 25 413 29 413 23 414 29 414 28 414 28 415 29 415 36 415 28 416 36 416 35 416 35 417 36 417 41 417 35 418 41 418 37 418 37 419 41 419 48 419 37 420 48 420 42 420 42 421 48 421 51 421 42 422 51 422 47 422 20 423 33 423 25 423 25 424 33 424 39 424 25 425 39 425 29 425 29 426 39 426 52 426 29 427 52 427 36 427 36 428 52 428 59 428 36 429 59 429 41 429 41 430 59 430 65 430 41 431 65 431 48 431 48 432 65 432 66 432 48 433 66 433 57 433 79 434 81 434 78 434 26 435 61 435 33 435 33 436 61 436 69 436 33 437 69 437 39 437 39 438 69 438 74 438 39 439 74 439 52 439 52 440 74 440 75 440 52 441 75 441 59 441 59 442 75 442 79 442 59 443 79 443 65 443 65 444 79 444 78 444 65 445 78 445 66 445 50 446 87 446 61 446 61 447 87 447 90 447 61 448 90 448 69 448 69 449 90 449 92 449 69 450 92 450 74 450 74 451 92 451 94 451 74 452 94 452 75 452 75 453 94 453 95 453 75 454 95 454 79 454 79 455 95 455 96 455 79 456 96 456 81 456 82 457 112 457 87 457 87 458 112 458 113 458 87 459 113 459 90 459 90 460 113 460 115 460 90 461 115 461 92 461 92 462 115 462 117 462 92 463 117 463 94 463 94 464 117 464 118 464 94 465 118 465 95 465 95 466 118 466 119 466 95 467 119 467 102 467 136 468 137 468 129 468 106 469 130 469 112 469 112 470 130 470 131 470 112 471 131 471 113 471 113 472 131 472 134 472 113 473 134 473 115 473 115 474 134 474 135 474 115 475 135 475 117 475 117 476 135 476 136 476 117 477 136 477 118 477 118 478 136 478 129 478 118 479 129 479 119 479 127 480 151 480 130 480 130 481 151 481 152 481 130 482 152 482 131 482 131 483 152 483 154 483 131 484 154 484 134 484 134 485 154 485 155 485 134 486 155 486 135 486 135 487 155 487 156 487 135 488 156 488 136 488 136 489 156 489 158 489 136 490 158 490 137 490 150 491 171 491 151 491 151 492 171 492 172 492 151 493 172 493 152 493 152 494 172 494 173 494 152 495 173 495 154 495 154 496 173 496 174 496 154 497 174 497 155 497 155 498 174 498 175 498 155 499 175 499 156 499 156 500 175 500 176 500 156 501 176 501 158 501 170 502 200 502 171 502 171 503 200 503 199 503 171 504 199 504 172 504 172 505 199 505 198 505 172 506 198 506 173 506 173 507 198 507 197 507 173 508 197 508 174 508 174 509 197 509 196 509 174 510 196 510 175 510 175 511 196 511 195 511 175 512 195 512 180 512 217 513 215 513 211 513 201 514 221 514 200 514 200 515 221 515 220 515 200 516 220 516 199 516 199 517 220 517 219 517 199 518 219 518 198 518 198 519 219 519 218 519 198 520 218 520 197 520 197 521 218 521 217 521 197 522 217 522 196 522 196 523 217 523 211 523 196 524 211 524 195 524 222 525 243 525 221 525 221 526 243 526 241 526 221 527 241 527 220 527 220 528 241 528 239 528 220 529 239 529 219 529 219 530 239 530 237 530 219 531 237 531 218 531 218 532 237 532 236 532 218 533 236 533 217 533 217 534 236 534 235 534 217 535 235 535 215 535 245 536 264 536 243 536 243 537 264 537 259 537 243 538 259 538 241 538 241 539 259 539 258 539 241 540 258 540 239 540 239 541 258 541 256 541 239 542 256 542 237 542 237 543 256 543 255 543 237 544 255 544 236 544 236 545 255 545 254 545 236 546 254 546 238 546 271 547 287 547 264 547 264 548 287 548 285 548 264 549 285 549 259 549 259 550 285 550 282 550 259 551 282 551 258 551 258 552 282 552 280 552 258 553 280 553 256 553 256 554 280 554 279 554 256 555 279 555 255 555 255 556 279 556 278 556 255 557 278 557 265 557 296 558 292 558 289 558 295 559 314 559 287 559 287 560 314 560 306 560 287 561 306 561 285 561 285 562 306 562 300 562 285 563 300 563 282 563 282 564 300 564 298 564 282 565 298 565 280 565 280 566 298 566 296 566 280 567 296 567 279 567 279 568 296 568 289 568 279 569 289 569 278 569 325 570 340 570 314 570 314 571 340 571 334 571 314 572 334 572 306 572 306 573 334 573 320 573 306 574 320 574 300 574 300 575 320 575 315 575 300 576 315 576 298 576 298 577 315 577 311 577 298 578 311 578 296 578 296 579 311 579 308 579 296 580 308 580 292 580 346 581 348 581 340 581 340 582 348 582 343 582 340 583 343 583 334 583 334 584 343 584 336 584 334 585 336 585 320 585 320 586 336 586 332 586 320 587 332 587 315 587 315 588 332 588 324 588 315 589 324 589 311 589 311 590 324 590 322 590 311 591 322 591 312 591 330 592 326 592 323 592 352 593 349 593 348 593 348 594 349 594 344 594 348 595 344 595 343 595 343 596 344 596 339 596 343 597 339 597 336 597 336 598 339 598 335 598 336 599 335 599 332 599 332 600 335 600 330 600 332 601 330 601 324 601 324 602 330 602 323 602 324 603 323 603 322 603 353 604 345 604 349 604 349 605 345 605 338 605 349 606 338 606 344 606 344 607 338 607 333 607 344 608 333 608 339 608 339 609 333 609 321 609 339 610 321 610 335 610 335 611 321 611 319 611 335 612 319 612 330 612 330 613 319 613 317 613 330 614 317 614 326 614 103 615 209 615 104 615 104 616 209 616 210 616 209 617 309 617 210 617 210 618 309 618 310 618 309 619 268 619 310 619 310 620 268 620 269 620 268 621 161 621 269 621 269 622 161 622 162 622 161 623 62 623 162 623 162 624 62 624 63 624 62 625 103 625 63 625 63 626 103 626 104 626 309 627 209 627 268 627 268 628 209 628 103 628 268 629 103 629 161 629 161 630 103 630 62 630 5 631 16 631 9 631 9 632 16 632 24 632 9 633 24 633 18 633 18 634 24 634 80 634 18 635 80 635 44 635 44 636 80 636 121 636 44 637 121 637 111 637 111 638 121 638 153 638 111 639 153 639 149 639 149 640 153 640 192 640 149 641 192 641 194 641 194 642 192 642 225 642 194 643 225 643 232 643 232 644 225 644 257 644 232 645 257 645 276 645 276 646 257 646 303 646 276 647 303 647 342 647 342 648 303 648 351 648 342 649 351 649 359 649 359 650 351 650 357 650 359 651 357 651 366 651 366 652 357 652 361 652 366 653 361 653 370 653 370 654 361 654 362 654 370 655 362 655 372 655 372 656 362 656 360 656 372 657 360 657 368 657 368 658 360 658 356 658 368 659 356 659 364 659 364 660 356 660 347 660 364 661 347 661 355 661 355 662 347 662 291 662 355 663 291 663 329 663 329 664 291 664 251 664 329 665 251 665 261 665 261 666 251 666 216 666 261 667 216 667 224 667 224 668 216 668 179 668 224 669 179 669 178 669 178 670 179 670 147 670 178 671 147 671 142 671 142 672 147 672 114 672 142 673 114 673 99 673 99 674 114 674 72 674 99 675 72 675 31 675 31 676 72 676 21 676 31 677 21 677 14 677 14 678 21 678 15 678 14 679 15 679 7 679 7 680 15 680 11 680 7 681 11 681 3 681 3 682 11 682 10 682 3 683 10 683 1 683 1 684 10 684 12 684 1 685 12 685 5 685 5 686 12 686 16 686</p>
        </triangles>
      </mesh>
    </geometry>
    <geometry id="Shape_IndexedFaceSet_061-mesh" name="Shape_IndexedFaceSet.061">
      <mesh>
        <source id="Shape_IndexedFaceSet_061-mesh-positions">
          <float_array id="Shape_IndexedFaceSet_061-mesh-positions-array" count="258">1.07018 0.007227957 0.105283 1.0702 0.007227957 0.105041 1.0702 0.007227957 0.105525 1.07025 -0.007077932 0.105283 1.07025 0.00722897 0.104804 1.07025 0.00722897 0.105762 1.07027 -0.007077932 0.105041 1.07027 -0.007077932 0.105525 1.07032 -0.007076919 0.104804 1.07032 -0.007076919 0.105762 1.07034 0.00722897 0.104579 1.07034 0.00722897 0.105987 1.07041 -0.007076919 0.104579 1.07041 -0.007076919 0.105987 1.07047 0.007229924 0.1043699 1.07047 0.007229924 0.106196 1.07054 -0.007075965 0.1043699 1.07054 -0.007075965 0.106196 1.07062 0.007229924 0.104182 1.07062 0.007229924 0.106384 1.07069 -0.007075965 0.104182 1.07069 -0.007075965 0.106384 1.0708 0.007230997 0.1040199 1.0708 0.007230997 0.106546 1.07087 -0.007074952 0.1040199 1.07087 -0.007074952 0.106546 1.07101 0.007231891 0.103888 1.07101 0.007231891 0.106678 1.07108 -0.007073998 0.103888 1.07108 -0.007073998 0.106678 1.07123 0.007232964 0.103789 1.07123 0.007232964 0.106777 1.0713 -0.007072985 0.103789 1.0713 -0.007072985 0.106777 1.07146 0.00723499 0.103725 1.07146 0.00723499 0.106841 1.07153 -0.007071912 0.103725 1.07153 -0.007071912 0.106841 1.0717 0.007235944 0.103697 1.0717 0.007235944 0.106869 1.07177 0.007235944 0.105283 1.07177 -0.007069945 0.103697 1.07177 -0.007069945 0.106869 1.07184 -0.007069945 0.105283 1.07195 0.007236897 0.103706 1.07195 0.007236897 0.10686 1.07202 -0.007068932 0.103706 1.07202 -0.007068932 0.10686 1.07219 0.007237911 0.103752 1.07219 0.007237911 0.106814 1.07226 -0.007067978 0.103752 1.07226 -0.007067978 0.106814 1.07241 0.007238984 0.103834 1.07241 0.007238984 0.106732 1.07248 -0.007066965 0.103834 1.07248 -0.007066965 0.106732 1.07263 0.007239997 0.103951 1.07263 0.007239997 0.106615 1.0727 -0.007065892 0.103951 1.0727 -0.007065892 0.106615 1.07282 0.007240951 0.104098 1.07282 0.007240951 0.106468 1.07289 -0.007064998 0.104098 1.07289 -0.007064998 0.106468 1.07299 0.007241964 0.104273 1.07299 0.007241964 0.106293 1.07306 -0.007063925 0.104273 1.07306 -0.007063925 0.106293 1.07313 0.007242918 0.104472 1.07313 0.007242918 0.106094 1.0732 -0.007062911 0.104472 1.0732 -0.007062911 0.106094 1.07324 0.007242918 0.10469 1.07324 0.007242918 0.105876 1.07331 -0.007062911 0.10469 1.07331 -0.007062911 0.105876 1.07331 0.007242918 0.104921 1.07331 0.007242918 0.105645 1.07335 0.007243931 0.105161 1.07335 0.007243931 0.105405 1.07335 0.007243931 0.105283 1.07338 -0.007062911 0.104921 1.07338 -0.007062911 0.105645 1.07342 -0.007061958 0.105161 1.07342 -0.007061958 0.105405 1.07342 -0.007061958 0.105283</float_array>
          <technique_common>
            <accessor source="#Shape_IndexedFaceSet_061-mesh-positions-array" count="86" stride="3">
              <param name="X" type="float"/>
              <param name="Y" type="float"/>
              <param name="Z" type="float"/>
            </accessor>
          </technique_common>
        </source>
        <source id="Shape_IndexedFaceSet_061-mesh-normals">
          <float_array id="Shape_IndexedFaceSet_061-mesh-normals-array" count="501">0.9999881 0.004902541 0 0.9999881 0.004885852 0 0.9999881 0.004885196 0 0.9864232 0.004832804 -0.1641524 0.9864199 0.0048334 -0.164172 0.9570448 0.004686057 -0.2899026 0.956902 0.004685699 -0.2903736 0.8927289 0.004373669 -0.450573 0.8929253 0.004374623 -0.4501838 0.8177291 0.003995835 -0.5755895 0.8177199 0.00398761 -0.5756025 0.7172664 0.003518879 -0.6967901 0.71726 0.00350219 -0.6967968 0.6121402 0.002990245 -0.7907436 0.6118625 0.002997636 -0.7909585 0.4694159 0.002301812 -0.8829742 0.4696401 0.0022946 -0.8828551 0.3493328 0.001711666 -0.9369972 0.3491423 0.001710832 -0.9370682 0.1882376 9.21651e-4 -0.9821231 0.1882346 9.22107e-4 -0.9821237 0.03597503 1.75362e-4 -0.9993528 0.03597921 1.75871e-4 -0.9993526 -0.1159102 -5.67317e-4 -0.9932596 -0.1159244 -5.6834e-4 -0.9932579 -0.2680636 -0.001308143 -0.9634004 -0.2680236 -0.001311779 -0.9634115 -0.410278 -0.002010643 -0.9119583 -0.4103971 -0.002003192 -0.9119047 -0.531789 -0.002600073 -0.8468731 -0.5317686 -0.002608299 -0.8468857 -0.669163 -0.00326687 -0.7431085 -0.6691303 -0.003283798 -0.7431378 -0.7816035 -0.003816246 -0.623764 -0.7815771 -0.003824949 -0.6237971 -0.8493523 -0.004148185 -0.5278102 -0.8491334 -0.004163682 -0.5281622 -0.9284647 -0.00454998 -0.371393 -0.9284554 -0.004550218 -0.3714162 -0.9783931 -0.004786789 -0.2066985 -0.9784865 -0.004787921 -0.2062555 -0.9965813 -0.004875957 -0.08247548 -0.9965816 -0.004875659 -0.08246999 -0.9965816 -0.004875659 0.08246999 -0.9965813 -0.004875957 0.08247548 -0.978387 -0.004770696 0.2067275 -0.9784891 -0.004804372 0.2062427 -0.9284554 -0.004550218 0.3714162 -0.9284647 -0.00454998 0.371393 -0.8492577 -0.004165887 0.5279622 -0.8490238 -0.004140317 0.5283386 -0.7817351 -0.003815233 0.6235991 -0.781735 -0.003832161 0.6235991 -0.6689332 -0.003267824 0.7433154 -0.6689432 -0.003276109 0.7433063 -0.5320675 -0.002599477 0.8466979 -0.5320995 -0.002607643 0.8466778 -0.4102103 -0.002002298 0.9119889 -0.4104518 -0.002011597 0.9118801 -0.2681166 -0.001312494 0.9633856 -0.2680071 -0.001307487 0.9634162 -0.1158837 -5.67278e-4 0.9932627 -0.1159325 -5.68379e-4 0.9932569 0.03598827 1.75362e-4 0.9993522 0.03597909 1.7587e-4 0.9993525 0.1882417 9.21646e-4 0.9821223 0.1882354 9.2211e-4 0.9821236 0.3492874 0.001711666 0.9370142 0.3491411 0.001710832 0.9370686 0.469436 0.002293646 0.8829636 0.4696416 0.002302765 0.8828543 0.6120932 0.002998828 0.79078 0.6119033 0.002989053 0.790927 0.7172787 0.003518819 0.6967775 0.7172615 0.003502249 0.6967954 0.8177568 0.003995597 0.5755502 0.8176966 0.003987789 0.5756356 0.8927289 0.004373669 0.450573 0.8929253 0.004374623 0.4501838 0.957039 0.004703223 0.2899213 0.9569078 0.004668533 0.2903549 0.9864231 0.004832804 0.1641522 0.9864218 0.004833102 0.1641605 0.005311608 -0.9999805 0.003333508 0.005053758 -0.9999873 0 0.005054354 -0.9999873 0 0.005625247 -0.9999839 8.37801e-4 0.003942131 -0.9999904 -0.001988589 0.004227459 -0.9999902 -0.001280367 0.004839777 -0.9999883 8.09456e-5 0.004705846 -0.999989 -1.79665e-6 0.005548596 -0.9999843 7.39679e-4 0.003825366 -0.9999927 -1.68986e-4 0.004243254 -0.999991 -1.21695e-4 0.004610598 -0.9999895 -1.89763e-5 0.004755496 -0.9999887 3.1936e-4 0.004750728 -0.9999887 3.15513e-4 0.008148193 -0.9999668 -3.58706e-4 0.002965986 -0.9999928 0.002370417 0.005440115 -0.9999852 -2.12328e-4 0.004738569 -0.9999888 3.20631e-4 0.005526125 -0.9999808 -0.002854168 0.004108965 -0.9999902 0.001644432 0.005593478 -0.9999835 -0.001371324 0.005526125 -0.9999808 0.002854168 0.005023956 -0.9999873 -4.14775e-4 0.005023658 -0.9999873 4.14775e-4 0.00296539 -0.9999928 -0.002368986 0.005596578 -0.9999834 0.001372456 0.004108667 -0.9999902 -0.001644432 0.004755496 -0.9999887 -3.1936e-4 0.004736721 -0.9999888 -3.20441e-4 0.005442559 -0.9999852 2.12473e-4 0.003825306 -0.9999927 1.68986e-4 0.008148133 -0.9999668 3.58706e-4 0.004750669 -0.9999887 -3.15513e-4 0.004839777 -0.9999883 -8.09456e-5 0.004609644 -0.9999894 1.89718e-5 0.004243254 -0.999991 1.21695e-4 0.005626976 -0.9999839 -8.38055e-4 0.005548357 -0.9999845 -7.39679e-4 0.004706084 -0.999989 1.79665e-6 0.005311191 -0.9999805 -0.00333321 0.004227459 -0.9999902 0.001280367 0.003942131 -0.9999904 0.001988589 -0.005294561 0.9999812 0.003097653 -0.005055069 0.9999873 0 -0.005054473 0.9999873 0 -0.005781114 0.9999828 0.001022696 -0.003974854 0.9999902 -0.002004206 -0.004262328 0.9999901 -0.001296281 -0.004629671 0.9999893 -5.30986e-5 -0.004916191 0.999988 1.32982e-4 -0.005393028 0.9999854 5.49677e-4 -0.004055798 0.9999918 -1.78547e-4 -0.0040102 0.999992 -1.8339e-4 -0.004862487 0.9999883 4.90325e-5 -0.004967391 0.9999877 1.97571e-4 -0.008504033 0.9999633 -0.001079618 -0.003955841 0.9999922 -1.74834e-4 -0.002970814 0.9999928 0.002368509 -0.005605399 0.9999842 -3.87102e-4 -0.004532516 0.9999896 4.36015e-4 -0.005566775 0.9999797 -0.003102183 -0.004074156 0.9999904 0.001632928 -0.005449652 0.9999845 -0.001171827 -0.005565941 0.9999797 0.003101706 -0.005022883 0.9999874 -4.14565e-4 -0.005023181 0.9999874 4.14565e-4 -0.002969622 0.9999928 -0.002368509 -0.005449652 0.9999846 0.001171529 -0.004074156 0.9999904 -0.001632928 -0.004967391 0.9999877 -1.97571e-4 -0.004534363 0.9999897 -4.36273e-4 -0.0056023 0.9999842 3.8681e-4 -0.004055798 0.9999918 1.78834e-4 -0.003955841 0.9999922 1.74834e-4 -0.008504092 0.9999633 0.001079618 -0.004632413 0.9999893 5.313e-5 -0.00486046 0.9999883 -4.90133e-5 -0.0040102 0.999992 1.8339e-4 -0.005781412 0.9999828 -0.001022696 -0.005393147 0.9999854 -5.49677e-4 -0.004916131 0.999988 -1.32982e-4 -0.005294978 0.9999812 -0.003097891 -0.004262328 0.9999901 0.001296281 -0.003974854 0.9999902 0.002004206</float_array>
          <technique_common>
            <accessor source="#Shape_IndexedFaceSet_061-mesh-normals-array" count="167" stride="3">
              <param name="X" type="float"/>
              <param name="Y" type="float"/>
              <param name="Z" type="float"/>
            </accessor>
          </technique_common>
        </source>
        <vertices id="Shape_IndexedFaceSet_061-mesh-vertices">
          <input semantic="POSITION" source="#Shape_IndexedFaceSet_061-mesh-positions"/>
        </vertices>
        <triangles material="Shape_010_001-material" count="168">
          <input semantic="VERTEX" source="#Shape_IndexedFaceSet_061-mesh-vertices" offset="0"/>
          <input semantic="NORMAL" source="#Shape_IndexedFaceSet_061-mesh-normals" offset="1"/>
          <p>78 0 80 0 85 0 85 1 80 1 84 1 85 2 83 2 78 2 78 3 83 3 81 3 78 4 81 4 76 4 76 5 81 5 74 5 76 6 74 6 72 6 72 7 74 7 70 7 72 8 70 8 68 8 68 9 70 9 66 9 68 10 66 10 64 10 64 11 66 11 62 11 64 12 62 12 60 12 60 13 62 13 58 13 60 14 58 14 56 14 56 15 58 15 54 15 56 16 54 16 52 16 52 17 54 17 50 17 52 18 50 18 48 18 48 19 50 19 46 19 48 20 46 20 44 20 44 21 46 21 41 21 44 22 41 22 38 22 38 23 41 23 36 23 38 24 36 24 34 24 34 25 36 25 32 25 34 26 32 26 30 26 30 27 32 27 28 27 30 28 28 28 26 28 26 29 28 29 24 29 26 30 24 30 22 30 22 31 24 31 20 31 22 32 20 32 18 32 18 33 20 33 16 33 18 34 16 34 14 34 14 35 16 35 12 35 14 36 12 36 10 36 10 37 12 37 8 37 10 38 8 38 4 38 4 39 8 39 6 39 4 40 6 40 1 40 1 41 6 41 3 41 1 42 3 42 0 42 0 43 3 43 7 43 0 44 7 44 2 44 2 45 7 45 9 45 2 46 9 46 5 46 5 47 9 47 13 47 5 48 13 48 11 48 11 49 13 49 17 49 11 50 17 50 15 50 15 51 17 51 21 51 15 52 21 52 19 52 19 53 21 53 25 53 19 54 25 54 23 54 23 55 25 55 29 55 23 56 29 56 27 56 27 57 29 57 33 57 27 58 33 58 31 58 31 59 33 59 37 59 31 60 37 60 35 60 35 61 37 61 42 61 35 62 42 62 39 62 39 63 42 63 47 63 39 64 47 64 45 64 45 65 47 65 51 65 45 66 51 66 49 66 49 67 51 67 55 67 49 68 55 68 53 68 53 69 55 69 59 69 53 70 59 70 57 70 57 71 59 71 63 71 57 72 63 72 61 72 61 73 63 73 67 73 61 74 67 74 65 74 65 75 67 75 71 75 65 76 71 76 69 76 69 77 71 77 75 77 69 78 75 78 73 78 73 79 75 79 82 79 73 80 82 80 77 80 77 81 82 81 84 81 77 82 84 82 79 82 79 0 84 0 80 0 81 83 83 83 43 83 43 84 83 84 85 84 43 85 85 85 84 85 66 86 70 86 43 86 43 87 70 87 74 87 43 88 74 88 81 88 54 89 58 89 43 89 43 90 58 90 62 90 43 91 62 91 66 91 41 92 46 92 43 92 43 93 46 93 50 93 43 94 50 94 54 94 28 95 32 95 43 95 43 96 32 96 36 96 43 97 36 97 41 97 16 98 20 98 43 98 43 99 20 99 24 99 43 100 24 100 28 100 6 101 8 101 43 101 43 102 8 102 12 102 43 103 12 103 16 103 9 104 7 104 43 104 43 105 7 105 3 105 43 106 3 106 6 106 21 107 17 107 43 107 43 108 17 108 13 108 43 109 13 109 9 109 33 110 29 110 43 110 43 111 29 111 25 111 43 112 25 112 21 112 47 113 42 113 43 113 43 114 42 114 37 114 43 115 37 115 33 115 59 116 55 116 43 116 43 117 55 117 51 117 43 118 51 118 47 118 71 119 67 119 43 119 43 120 67 120 63 120 43 121 63 121 59 121 84 122 82 122 43 122 43 123 82 123 75 123 43 124 75 124 71 124 77 125 79 125 40 125 40 126 79 126 80 126 40 127 80 127 78 127 65 128 69 128 40 128 40 129 69 129 73 129 40 130 73 130 77 130 53 131 57 131 40 131 40 132 57 132 61 132 40 133 61 133 65 133 39 134 45 134 40 134 40 135 45 135 49 135 40 136 49 136 53 136 27 137 31 137 40 137 40 138 31 138 35 138 40 139 35 139 39 139 15 140 19 140 40 140 40 141 19 141 23 141 40 142 23 142 27 142 2 143 5 143 40 143 40 144 5 144 11 144 40 145 11 145 15 145 4 146 1 146 40 146 40 147 1 147 0 147 40 148 0 148 2 148 18 149 14 149 40 149 40 150 14 150 10 150 40 151 10 151 4 151 30 152 26 152 40 152 40 153 26 153 22 153 40 154 22 154 18 154 44 155 38 155 40 155 40 156 38 156 34 156 40 157 34 157 30 157 56 158 52 158 40 158 40 159 52 159 48 159 40 160 48 160 44 160 68 161 64 161 40 161 40 162 64 162 60 162 40 163 60 163 56 163 78 164 76 164 40 164 40 165 76 165 72 165 40 166 72 166 68 166</p>
        </triangles>
      </mesh>
    </geometry>
    <geometry id="Shape_IndexedFaceSet_060-mesh" name="Shape_IndexedFaceSet.060">
      <mesh>
        <source id="Shape_IndexedFaceSet_060-mesh-positions">
          <float_array id="Shape_IndexedFaceSet_060-mesh-positions-array" count="2394">1.01526 -2.78e-4 -0.108142 1.01527 -3.43e-4 -0.10814 1.01528 10e-6 -0.108138 1.01529 -5.7e-4 -0.1081359 1.0153 2.37e-4 -0.108134 1.01532 -6.94e-4 -0.108131 1.01533 3.6e-4 -0.108128 1.01536 4.95e-4 -0.108122 1.01544 -0.001025915 -0.1081089 1.01545 6.9e-4 -0.108106 1.0155 -0.001204907 -0.108097 1.01558 9.9e-4 -0.108081 1.01558 -0.001344919 -0.108083 1.01563 -0.001443982 -0.1080729 1.01578 0.001297891 -0.108042 1.01587 0.001429975 -0.108025 1.01598 -0.001907885 -0.108008 1.01603 -0.00197494 -0.107998 1.01623 0.001819968 -0.107957 1.01631 0.001903951 -0.107942 1.01644 -0.002374947 -0.107921 1.01646 -0.002394974 -0.1079159 1.01674 0.00227499 -0.10786 1.01675 0.002278864 -0.107859 1.01701 -0.002804875 -0.107813 1.01721 -0.002950966 -0.1077769 1.01731 0.00266093 -0.107753 1.01747 0.00277096 -0.107722 1.01759 -0.003169 -0.1077049 1.01789 0.003011882 -0.107642 1.01803 0.003089964 -0.107616 1.01816 -0.003494918 -0.107598 1.0185 0.003313899 -0.107527 1.01852 -0.003672957 -0.107529 1.0188 -0.003787994 -0.107477 1.01909 0.003596901 -0.107415 1.01911 0.003604888 -0.107411 1.01943 -0.004048943 -0.107359 1.01974 0.003850936 -0.107291 1.01981 -0.004209995 -0.107285 1.02006 -0.004290938 -0.107239 1.02025 0.004048943 -0.107195 1.02038 0.004090905 -0.1071709 1.0207 -0.004502952 -0.107118 1.02102 0.004302978 -0.107049 1.02132 0.004400968 -0.106992 1.02135 -0.004715979 -0.1069959 1.02139 -0.004728913 -0.106988 1.022 -0.004887998 -0.106872 1.02305 0.004873991 -0.106665 1.02341 -0.005248904 -0.106607 1.02365 0.005002975 -0.106552 1.02465 -0.005493998 -0.1063719 1.02493 0.005284965 -0.10631 1.02563 -0.002508938 -0.1405169 1.02567 -0.005694985 -0.10618 1.02591 0.002423942 -0.1405169 1.02617 -0.002836883 -0.1405169 1.02632 0.005524933 -0.106048 1.02647 0.002734959 -0.1405169 1.02674 -0.003127992 -0.1405169 1.02675 -0.005868971 -0.105976 1.02704 0.003012955 -0.1405169 1.02719 0.005676925 -0.105882 1.02732 -0.003387928 -0.1405169 1.02734 -0.005943894 -0.105866 1.02762 0.00326395 -0.1405169 1.02766 0.005745947 -0.1057929 1.0279 -0.003622949 -0.1405169 1.02821 0.003491938 -0.1405169 1.0285 -0.003835976 -0.1405169 1.02881 0.003699958 -0.1405169 1.02901 0.005911946 -0.1055369 1.02911 -0.004030883 -0.1405169 1.02942 0.003889918 -0.1405169 1.0295 -0.006220996 -0.105457 1.02972 -0.004208922 -0.1405169 1.03005 -0.006267905 -0.105354 1.03033 -0.004372954 -0.1405169 1.03046 0.006088972 -0.105265 1.03064 0.004227936 -0.1405169 1.03173 0.006197929 -0.105024 1.03188 0.004516959 -0.1405169 1.0326 -0.006490886 -0.104871 1.03277 -0.006499946 -0.104839 1.03281 -0.004908919 -0.1405169 1.03337 0.006338 -0.104715 1.03438 0.004978895 -0.1405169 1.03447 0.006403923 -0.104507 1.03532 0.006454885 -0.104345 1.03533 -0.005299985 -0.1405169 1.03551 -0.006639957 -0.104321 1.03571 0.003577888 -0.165591 1.03607 -0.006667912 -0.104215 1.03683 0.003886938 -0.165591 1.0369 0.005318999 -0.1405169 1.03749 -1.94e-4 -0.1906639 1.03749 7.1e-5 -0.1906639 1.03753 -4.55e-4 -0.1906639 1.03754 3.32e-4 -0.1906639 1.03761 -7.07e-4 -0.1906639 1.03762 5.82e-4 -0.1906639 1.03773 -9.43e-4 -0.1906639 1.03789 0.001033902 -0.1906639 1.03804 -0.001364946 -0.1906639 1.03824 0.001422882 -0.1906639 1.03843 -0.001725912 -0.1906639 1.03865 0.001757979 -0.1906639 1.03885 -0.002037942 -0.1906639 1.03893 0.006581962 -0.103663 1.03909 0.002049922 -0.1906639 1.0393 -0.002310991 -0.1906639 1.03955 0.002307951 -0.1906639 1.03977 -0.002551913 -0.1906639 1.03994 -0.006740987 -0.103485 1.03997 0.006589949 -0.103467 1.04002 0.002538979 -0.1906639 1.04025 -0.00276798 -0.1906639 1.04051 0.002745926 -0.1906639 1.04074 -0.002961993 -0.1906639 1.041 0.002934992 -0.1906639 1.04103 -0.00672996 -0.10328 1.04123 -0.003138959 -0.1906639 1.04149 0.003106892 -0.1906639 1.04174 -0.003299891 -0.1906639 1.042 0.003264904 -0.1906639 1.04224 -0.00344789 -0.1906639 1.04267 0.006609976 -0.102957 1.04275 -0.003583908 -0.1906639 1.04301 0.003544986 -0.1906639 1.04377 -0.003823876 -0.1906639 1.04404 0.003784894 -0.1906639 1.04424 -0.006696999 -0.102672 1.04481 -0.004028916 -0.1906639 1.04551 0.006559908 -0.10242 1.04611 0.004166901 -0.1906639 1.04657 -0.006610929 -0.102232 1.04689 -0.004352927 -0.1906639 1.04715 -0.002631962 -0.215737 1.04716 0.006531 -0.102108 1.0476 -0.002790987 -0.215737 1.04805 -0.002934992 -0.215737 1.04819 0.00444895 -0.1906639 1.04829 0.002952933 -0.215737 1.04896 -0.003189921 -0.215737 1.04898 -0.004584968 -0.1906639 1.0492 0.003203988 -0.215737 1.04947 -0.006502926 -0.101684 1.04988 -0.003404915 -0.215737 1.05011 0.003417909 -0.215737 1.05029 -2.1e-5 -0.127127 1.05029 -2.1e-5 -0.101523 1.05029 0.004652917 -0.1906639 1.05033 5.49e-4 -0.101516 1.05033 -5.91e-4 -0.101516 1.05043 0.001109898 -0.127127 1.05043 0.001109898 -0.101495 1.05044 -0.001150906 -0.127127 1.05044 -0.001150906 -0.101495 1.05061 0.001651883 -0.10146 1.05063 -0.001690924 -0.10146 1.0508 -0.003588974 -0.215737 1.05087 0.002165973 -0.127127 1.05087 0.002165973 -0.1014119 1.05089 -0.002202928 -0.127127 1.05089 -0.002202928 -0.1014119 1.05108 -0.004743993 -0.1906639 1.05109 0.006371915 -0.1013669 1.05118 0.002642989 -0.101352 1.05121 -0.00267595 -0.101352 1.05143 -0.001032948 -0.24081 1.05156 0.00307399 -0.127127 1.05156 0.00307399 -0.101281 1.05158 -0.003103971 -0.127127 1.05158 -0.003103971 -0.101281 1.0516 0.001179993 -0.24081 1.05174 -0.001319885 -0.24081 1.05191 0.006338894 -0.1012099 1.05192 0.001444995 -0.24081 1.05207 -0.0015679 -0.24081 1.05215 -0.006338 -0.101178 1.05227 0.001676917 -0.24081 1.05239 0.004792988 -0.1906639 1.05243 -0.001783967 -0.24081 1.05246 -1.1e-5 -0.127127 1.05246 0.003772974 -0.127127 1.05246 0.003772974 -0.10111 1.05247 2.75e-4 -0.127127 1.05248 -2.96e-4 -0.127127 1.05249 -0.003793895 -0.127127 1.05249 -0.003793895 -0.10111 1.05253 5.55e-4 -0.127127 1.05253 -5.76e-4 -0.127127 1.05262 8.26e-4 -0.127127 1.05263 -8.46e-4 -0.127127 1.05263 0.001880884 -0.24081 1.05274 0.001082897 -0.127127 1.05276 -0.001100957 -0.127127 1.0528 -0.001975893 -0.24081 1.0529 0.001320958 -0.127127 1.05292 -0.001337945 -0.127127 1.05301 0.00206393 -0.24081 1.05309 0.001536965 -0.127127 1.05311 -0.001551926 -0.127127 1.05318 -0.002146959 -0.24081 1.05318 -0.004842936 -0.1906639 1.05339 0.002228975 -0.24081 1.05351 0.004213929 -0.127127 1.05351 0.004213929 -0.100911 1.05355 0.001885831 -0.127127 1.05355 -0.004224956 -0.127127 1.05355 -0.004224956 -0.100911 1.05357 -0.001896977 -0.127127 1.05357 -0.002301931 -0.24081 1.05378 0.002377927 -0.24081 1.05396 -0.002441883 -0.24081 1.05408 0.002106845 -0.127127 1.0541 -0.002112925 -0.127127 1.05418 0.002514958 -0.24081 1.05436 -0.002569973 -0.24081 1.05457 0.002640843 -0.24081 1.05464 0.004368901 -0.127127 1.05464 0.004368901 -0.100697 1.05465 0.002183914 -0.127127 1.05467 -0.002183914 -0.127127 1.05468 -0.004368901 -0.127127 1.05468 -0.004368901 -0.100697 1.05513 -0.006154954 -0.100615 1.05517 -0.002794981 -0.24081 1.05522 0.002112925 -0.127127 1.05524 -0.002106845 -0.127127 1.05538 0.00286293 -0.24081 1.05575 0.001896977 -0.127127 1.05577 0.004224956 -0.127127 1.05577 0.004224956 -0.100484 1.05577 -0.001885831 -0.127127 1.05581 -0.004213929 -0.127127 1.05581 -0.004213929 -0.100484 1.05598 -0.002985954 -0.24081 1.05619 0.003051996 -0.24081 1.05621 0.001551926 -0.127127 1.05622 -0.001536965 -0.127127 1.0564 0.001337945 -0.127127 1.05641 -0.001320958 -0.127127 1.05656 0.001100957 -0.127127 1.05657 -0.001082897 -0.127127 1.0566 0.004917979 -0.1906639 1.05669 0.006050944 -0.100308 1.05669 8.46e-4 -0.127127 1.0567 -8.26e-4 -0.127127 1.05678 5.76e-4 -0.127127 1.05679 -5.55e-4 -0.127127 1.0568 -0.003148913 -0.24081 1.05682 0.006042957 -0.100283 1.05683 0.003793895 -0.127127 1.05683 0.003793895 -0.100285 1.05684 2.96e-4 -0.127127 1.05684 -2.75e-4 -0.127127 1.05686 -0.003772974 -0.127127 1.05686 -0.003772974 -0.100285 1.05686 1.1e-5 -0.127127 1.05701 0.003214955 -0.24081 1.0574 -0.004895985 -0.1906639 1.05762 -0.003287971 -0.24081 1.05773 0.003103971 -0.127127 1.05773 0.003103971 -0.100114 1.05775 -0.005937993 -0.100119 1.05776 -0.00307399 -0.127127 1.05776 -0.00307399 -0.100114 1.05784 0.00335592 -0.24081 1.05803 0.002774 -0.109093 1.05803 0.002774 -0.100057 1.05806 -0.002741992 -0.109093 1.05806 -0.002741992 -0.100057 1.05843 0.002202928 -0.127127 1.05843 0.002202928 -0.109093 1.05845 -0.003405988 -0.24081 1.05845 -0.002165973 -0.127127 1.05845 -0.002165973 -0.109093 1.05854 0.00228399 -0.109093 1.05854 0.00228399 -0.099963 1.05856 -0.002245903 -0.109093 1.05856 -0.002245903 -0.099963 1.05887 0.001150906 -0.127127 1.05887 0.001150906 -0.109093 1.05888 -0.001109898 -0.127127 1.05888 -0.001109898 -0.109093 1.05899 0.005886912 -0.09987396 1.05903 2.1e-5 -0.127127 1.05903 2.1e-5 -0.109093 1.05914 0.001916885 -0.109093 1.05914 0.001916885 -0.09984999 1.05915 -0.001872897 -0.109093 1.05915 -0.001872897 -0.09984999 1.05949 0.003579974 -0.24081 1.0598 0.00168997 -0.109093 1.0598 0.00168997 -0.09972399 1.05982 -0.001639962 -0.109093 1.05982 -0.001639962 -0.09972399 1.05999 -0.001970887 -0.265884 1.06011 -0.003589928 -0.24081 1.06033 -0.002093911 -0.265884 1.0605 0.001615822 -0.109093 1.0605 0.001615822 -0.09959197 1.06052 -0.001558899 -0.109093 1.06052 -0.001558899 -0.09959197 1.06068 -0.002204895 -0.265884 1.06081 0.004883885 -0.1906639 1.06086 0.002327919 -0.265884 1.06102 -0.002306938 -0.265884 1.06121 0.002427995 -0.265884 1.06123 -0.005649924 -0.09946 1.06138 -0.002400994 -0.265884 1.06156 0.002520978 -0.265884 1.06161 -0.004796922 -0.1906639 1.06208 -0.002566993 -0.265884 1.06227 0.002685964 -0.265884 1.06232 0.005603969 -0.09924495 1.0628 -0.002708971 -0.265884 1.06282 0.00385195 -0.24081 1.06298 0.002827942 -0.265884 1.0632 -0.005462944 -0.09908795 1.06338 -0.00544399 -0.09905397 1.06345 -0.003794968 -0.24081 1.06351 -0.002829909 -0.265884 1.0637 0.002949953 -0.265884 1.0645 1.26e-4 -0.290957 1.0645 1.43e-4 -0.290957 1.06451 -1.2e-5 -0.290957 1.06451 -9.6e-5 -0.290957 1.06453 -1.66e-4 -0.290957 1.06454 2.96e-4 -0.290957 1.06455 3.5e-4 -0.290957 1.06458 -3.11e-4 -0.290957 1.06459 4.39e-4 -0.290957 1.06461 -4.02e-4 -0.290957 1.06465 -4.49e-4 -0.290957 1.06468 6.17e-4 -0.290957 1.06475 7.03e-4 -0.290957 1.0648 -6.74e-4 -0.290957 1.06483 -6.98e-4 -0.290957 1.06489 8.83e-4 -0.290957 1.06495 9.3e-4 -0.290957 1.06502 0.004726946 -0.1906639 1.06506 -9.05e-4 -0.290957 1.06518 -0.001013994 -0.290957 1.0652 0.001119971 -0.290957 1.0653 -0.001084983 -0.290957 1.06531 0.005349934 -0.09867995 1.06538 0.00126183 -0.290957 1.06545 0.00129497 -0.290957 1.06557 -0.001235902 -0.290957 1.06573 0.001426935 -0.290957 1.06581 -0.004580914 -0.1906639 1.06584 -0.001387 -0.290957 1.066 -0.001477897 -0.290957 1.06601 0.001559913 -0.290957 1.06612 -0.001515865 -0.290957 1.06629 0.001691997 -0.290957 1.06641 -0.001611948 -0.290957 1.06654 0.001811981 -0.290957 1.06657 0.001819968 -0.290957 1.06671 -0.001708984 -0.290957 1.06686 0.001902937 -0.290957 1.067 -0.001804888 -0.290957 1.06716 0.001985967 -0.290957 1.06729 -0.001900911 -0.290957 1.06746 0.00206995 -0.290957 1.06759 -0.001997888 -0.290957 1.06772 -0.002039909 -0.290957 1.06776 0.002152979 -0.290957 1.06798 0.005079925 -0.098176 1.06819 -0.002121925 -0.290957 1.06835 0.002319872 -0.290957 1.0688 -0.002227962 -0.290957 1.06896 0.002409875 -0.290957 1.06904 -0.004839897 -0.09798395 1.06923 0.004474997 -0.1906639 1.06941 -0.002333939 -0.290957 1.06957 0.002499938 -0.290957 1.07001 -0.004272997 -0.1906639 1.07002 -0.002439916 -0.290957 1.07019 0.004838943 -0.10525 1.07019 0.00483793 -0.105283 1.0702 0.00483793 -0.105091 1.0702 0.00166285 -0.105283 1.07022 -0.001511991 -0.105283 1.07023 0.004833996 -0.105622 1.07024 -0.004687905 -0.1053079 1.07024 -0.004687905 -0.105283 1.07024 -0.004687905 -0.105148 1.07025 0.004830956 -0.105693 1.07025 0.004832983 -0.104875 1.07026 0.00166285 -0.105694 1.07026 0.00166285 -0.104872 1.07027 0.004828989 -0.105778 1.07027 -0.001511991 -0.105694 1.07027 -0.001511991 -0.104872 1.07029 -0.004680991 -0.105678 1.07029 0.004829943 -0.104728 1.07029 -0.004679918 -0.105694 1.0703 -0.004681885 -0.104874 1.07032 -0.004680991 -0.104782 1.07033 -0.004674971 -0.105829 1.07035 0.004823923 -0.104583 1.07038 -0.004674971 -0.104632 1.07041 0.004812896 -0.106075 1.07041 -0.002507925 -0.290957 1.07041 0.004817903 -0.104494 1.07042 0.001663923 -0.106077 1.07042 0.001663923 -0.104489 1.07043 0.004810929 -0.106117 1.07043 -0.001510918 -0.106077 1.07043 -0.001510918 -0.104489 1.07046 -0.004659891 -0.106073 1.07046 -0.004665911 -0.104495 1.07046 -0.004688978 -0.09771496 1.0705 -0.004654884 -0.106163 1.07052 0.004800975 -0.10625 1.07056 0.004803955 -0.104269 1.07057 -0.00465399 -0.104311 1.0706 -0.004642963 -0.106289 1.07065 0.004793882 -0.104161 1.07066 0.004792988 -0.104153 1.07066 0.004784882 -0.106398 1.07067 0.001664996 -0.106406 1.07067 0.001664996 -0.10416 1.07067 -0.00464195 -0.104188 1.07069 -0.001509964 -0.106406 1.07069 -0.001509964 -0.10416 1.0707 -0.00463891 -0.104164 1.07071 -0.004629909 -0.106398 1.07078 0.004771888 -0.106519 1.0708 0.002680957 -0.290957 1.07087 -0.004611909 -0.10655 1.07091 0.004758 -0.106614 1.07096 0.004762947 -0.103923 1.07096 -0.004609942 -0.103949 1.07098 0.004759967 -0.103909 1.07099 0.004749894 -0.106651 1.07099 -0.004595935 -0.106637 1.071 0.001666963 -0.106658 1.071 0.001666963 -0.103908 1.07101 -0.001507937 -0.106658 1.07101 -0.001507937 -0.103908 1.07103 -0.004601955 -0.10391 1.07103 -0.004591882 -0.106654 1.0711 0.004747927 -0.103849 1.0711 -0.004593968 -0.103868 1.07124 -0.002567887 -0.290957 1.07125 0.004721999 -0.10678 1.07134 -0.004556 -0.106795 1.07137 0.004708886 -0.106815 1.07137 0.004719913 -0.103757 1.07138 0.001667976 -0.106816 1.07138 0.001667976 -0.10375 1.0714 -0.001506984 -0.106816 1.0714 -0.001506984 -0.10375 1.0714 0.004705965 -0.106826 1.07141 -0.004547894 -0.106815 1.07141 -0.004557967 -0.103754 1.07146 0.004710972 -0.103729 1.07146 -0.00455296 -0.103738 1.07148 0.002781987 -0.290957 1.07149 -0.004538953 -0.106835 1.07161 0.004693925 -0.103704 1.07161 -0.0045349 -0.103709 1.07178 0.004675984 -0.103707 1.07178 0.004665911 -0.106871 1.07179 0.001669943 -0.106871 1.07179 0.001669943 -0.103695 1.07181 -0.001504898 -0.106871 1.07181 -0.001504898 -0.103695 1.07182 -0.004499912 -0.106871 1.07182 -0.004509985 -0.103707 1.07184 0.004689991 -0.09744697 1.07199 0.004652917 -0.103709 1.07199 -0.004489958 -0.103704 1.07211 0.004629909 -0.106835 1.07214 0.00463593 -0.103738 1.07215 -0.004471898 -0.103729 1.07219 0.004631996 -0.103754 1.07219 0.004621922 -0.106815 1.0722 -0.004455924 -0.106826 1.0722 0.00167191 -0.106816 1.0722 0.00167191 -0.10375 1.07222 -0.001502931 -0.106816 1.07222 -0.001502931 -0.10375 1.07223 -0.004461944 -0.103757 1.07223 -0.00445199 -0.106815 1.07226 0.004613995 -0.106795 1.07235 -0.004437983 -0.10678 1.0725 0.004596889 -0.103868 1.0725 -0.004428923 -0.10385 1.07257 0.004580914 -0.106654 1.07257 0.004588901 -0.10391 1.07259 0.001673996 -0.106658 1.07259 0.001673996 -0.103908 1.0726 -0.001500964 -0.106658 1.0726 -0.001500964 -0.103908 1.07261 0.004576981 -0.106638 1.07261 -0.004406929 -0.106651 1.07262 -0.004415929 -0.103909 1.07264 0.004581928 -0.103949 1.07264 -0.004412949 -0.103923 1.07269 -0.004398882 -0.106614 1.07273 0.004562914 -0.10655 1.07282 -0.004382908 -0.106519 1.07289 0.004545927 -0.106398 1.0729 0.00455296 -0.104164 1.07291 0.001675963 -0.106406 1.07291 0.001675963 -0.10416 1.07293 0.004548907 -0.104188 1.07293 -0.001498997 -0.106406 1.07293 -0.001498997 -0.10416 1.07294 -0.004369974 -0.106398 1.07294 -0.004375994 -0.104155 1.07294 -0.004375994 -0.104161 1.07301 0.004533946 -0.10629 1.07303 0.004536986 -0.104311 1.07304 -0.004363954 -0.104269 1.07308 -0.004352927 -0.106251 1.0731 0.004524946 -0.106164 1.07314 0.004524946 -0.104495 1.07315 0.004519999 -0.106073 1.07317 0.001676917 -0.106077 1.07317 0.001676917 -0.104489 1.07317 -0.0043419 -0.106117 1.07318 -0.001497924 -0.106077 1.07318 -0.001497924 -0.104489 1.07319 -0.00434494 -0.104494 1.07319 -0.004339993 -0.106075 1.07323 0.004514992 -0.104632 1.07325 -0.004337966 -0.104584 1.07326 0.002877891 -0.290957 1.07327 0.004506886 -0.10583 1.07329 0.004507899 -0.1047829 1.0733 0.004505932 -0.104874 1.07331 -0.004329979 -0.1047289 1.07331 0.004502952 -0.105694 1.07332 0.004501998 -0.105679 1.07333 0.00167793 -0.105694 1.07333 0.00167793 -0.104872 1.07333 -0.004324913 -0.105778 1.07334 -0.001496911 -0.105694 1.07334 -0.001496911 -0.104872 1.07334 -0.004324913 -0.104875 1.07335 -0.004321992 -0.105693 1.07336 0.004498898 -0.105149 1.07336 0.004497945 -0.105283 1.07337 0.004497945 -0.105309 1.07337 -0.004319906 -0.105622 1.07338 0.00167793 -0.105283 1.0734 -0.001496911 -0.105283 1.0734 -0.004317939 -0.105092 1.07341 -0.004316926 -0.105283 1.07341 -0.004316926 -0.105251 1.07343 0.004144906 -0.1906639 1.07369 0.001679897 -0.109093 1.07369 0.001679897 -0.09709995 1.0737 -0.001494944 -0.109093 1.0737 -0.001494944 -0.09709995 1.07371 -0.002745926 -0.290957 1.07376 -0.002748966 -0.290957 1.07402 9.4e-5 -0.290957 1.07404 3.79e-4 -0.290957 1.07404 -1.91e-4 -0.290957 1.0741 6.59e-4 -0.290957 1.0741 0.001626968 -0.109093 1.0741 0.001626968 -0.09702301 1.0741 -4.71e-4 -0.290957 1.07411 -0.001438975 -0.109093 1.07411 -0.001438975 -0.09702301 1.07419 9.3e-4 -0.290957 1.0742 -7.41e-4 -0.290957 1.07421 -0.003890991 -0.1906639 1.07431 0.001186907 -0.290957 1.07432 -9.97e-4 -0.290957 1.07447 0.001425921 -0.290957 1.07448 0.001470983 -0.109093 1.07448 0.001470983 -0.09694999 1.07449 -0.001233935 -0.290957 1.0745 -0.001278996 -0.109093 1.0745 -0.001278996 -0.09694999 1.07466 0.001640975 -0.290957 1.07468 -0.001447916 -0.290957 1.07481 0.001219928 -0.109093 1.07481 0.001219928 -0.096888 1.07482 -0.001024961 -0.109093 1.07482 -0.001024961 -0.096888 1.07495 0.001064956 -0.09686195 1.07496 -8.68e-4 -0.09686195 1.07504 0.002973914 -0.290957 1.07507 8.93e-4 -0.109093 1.07507 8.93e-4 -0.09684097 1.07508 -6.95e-4 -0.109093 1.07508 -6.95e-4 -0.09684097 1.07512 0.001990914 -0.290957 1.07513 -0.001792967 -0.290957 1.07516 7.07e-4 -0.09682297 1.07517 -5.08e-4 -0.09682297 1.07523 5.1e-4 -0.109093 1.07523 5.1e-4 -0.09681099 1.07523 -3.11e-4 -0.109093 1.07523 -3.11e-4 -0.09681099 1.07527 3.07e-4 -0.096803 1.07527 -1.07e-4 -0.096803 1.07528 10e-5 -0.109093 1.07528 10e-5 -0.09679996 1.07565 0.002211928 -0.290957 1.07567 -0.002007961 -0.290957 1.07573 0.002964973 -0.290957 1.07618 -0.002734959 -0.290957 1.07622 0.002288997 -0.290957 1.07624 -0.002079904 -0.290957 1.07679 0.002216935 -0.290957 1.07681 -0.002002954 -0.290957 1.07732 0.002000927 -0.290957 1.07734 -0.001782 -0.290957 1.07762 0.003751993 -0.1906639 1.07778 0.001655936 -0.290957 1.07779 -0.001432955 -0.290957 1.07797 0.001442909 -0.290957 1.07798 -0.001216948 -0.290957 1.07813 0.001205921 -0.290957 1.07814 -9.79e-4 -0.290957 1.07815 -0.00374186 -0.09626197 1.0782 0.002932906 -0.290957 1.07826 9.5e-4 -0.290957 1.07827 -7.22e-4 -0.290957 1.07835 6.8e-4 -0.290957 1.07836 -4.51e-4 -0.290957 1.0784 -0.003446996 -0.1906639 1.07841 4e-4 -0.290957 1.07841 -1.7e-4 -0.290957 1.07843 1.15e-4 -0.290957 1.07856 0.003915965 -0.09617799 1.07868 -0.002719998 -0.290957 1.07939 0.003812909 -0.096022 1.07978 0.002912998 -0.290957 1.08045 -0.003435969 -0.09582799 1.08067 0.00285089 -0.290957 1.0809 0.003624916 -0.09573596 1.08108 -0.003350973 -0.09570699 1.08112 -0.002551913 -0.290957 1.08314 0.002681851 -0.290957 1.08359 -0.002382934 -0.290957 1.08516 -0.00227499 -0.290957 1.08599 0.002809882 -0.1906639 1.0865 0.002450883 -0.290957 1.08676 -0.002406895 -0.1906639 1.08807 0.00227195 -0.290957 1.08851 -0.001884937 -0.290957 1.08891 -0.002225995 -0.09422796 1.08895 0.002548933 -0.094217 1.09091 0.002256989 -0.09384596 1.09196 -0.001741886 -0.09364998 1.09298 0.001710951 -0.290957 1.09343 -0.001312971 -0.290957 1.09368 -0.00128293 -0.290957 1.09434 0.001687884 -0.1906639 1.09503 -0.001094937 -0.290957 1.09509 -0.001188993 -0.1906639 1.09535 0.001441836 -0.290957 1.09661 -0.001004934 -0.09277099 1.09671 0.001391947 -0.09274995 1.09685 0.00137192 -0.09272396 1.0971 -7.91e-4 -0.290957 1.09777 -8.1e-4 -0.09255295 1.09789 0.001058936 -0.290957 1.09832 -6.01e-4 -0.290957 1.0985 0.001058936 -0.1906639 1.09881 -5.25e-4 -0.290957 1.09889 -6.21e-4 -0.092341 1.09925 -5.12e-4 -0.1906639 1.09963 9.23e-4 -0.09219998 1.09982 -3.62e-4 -0.290957 1.10033 6.9e-4 -0.290957 1.10058 7.27e-4 -0.1906639 1.10068 -3.11e-4 -0.09200298 1.1007 -2.16e-4 -0.290957 1.10076 -2.05e-4 -0.290957 1.10095 -1.72e-4 -0.290957 1.1011 -2.36e-4 -0.09192198 1.10132 -1.55e-4 -0.1906639 1.10141 6.35e-4 -0.09186398 1.10155 5.06e-4 -0.290957 1.10172 -4.1e-5 -0.290957 1.10198 5e-6 -0.290957 1.10212 3e-5 -0.290957 1.10213 -5.4e-5 -0.09172695 1.10221 -4e-5 -0.09171199 1.10234 6.8e-5 -0.290957 1.10236 2.9e-5 -0.1906639 1.10255 4.43e-4 -0.09164899 1.10257 1.09e-4 -0.290957 1.10264 1.21e-4 -0.290957 1.10266 3.82e-4 -0.1906639 1.10266 3.39e-4 -0.290957 1.10269 4.9e-5 -0.091623 1.10273 4.21e-4 -0.091614 1.10276 1.42e-4 -0.290957 1.10277 5.6e-5 -0.09160697 1.10278 3.18e-4 -0.290957 1.10279 3.59e-4 -0.1906639 1.10281 3.12e-4 -0.290957 1.10283 4.09e-4 -0.091596 1.10283 1.57e-4 -0.290957 1.10283 4.08e-4 -0.09159398 1.10284 4.07e-4 -0.09159296 1.10285 3.09e-4 -0.290957 1.10286 3.57e-4 -0.1906639 1.10287 1.6e-4 -0.290957 1.10287 4.01e-4 -0.091587 1.10288 3.56e-4 -0.1906639 1.10288 6.4e-5 -0.09158599 1.10289 1.12e-4 -0.1906639 1.10289 1.61e-4 -0.290957 1.10289 3.53e-4 -0.1906639 1.10289 3.97e-4 -0.09158295 1.10289 7e-5 -0.09158295 1.1029 3.06e-4 -0.290957 1.1029 1.16e-4 -0.1906639 1.1029 3.04e-4 -0.290957 1.1029 3.93e-4 -0.09158098 1.10291 1.63e-4 -0.290957 1.10291 7.5e-5 -0.09158098 1.10291 3.48e-4 -0.1906639 1.10291 1.63e-4 -0.290957 1.10291 3.02e-4 -0.290957 1.10291 3.02e-4 -0.290957 1.10292 3.23e-4 -0.24081 1.10292 3.86e-4 -0.09157896 1.10292 1.22e-4 -0.1906639 1.10292 1.44e-4 -0.24081 1.10292 1.66e-4 -0.290957 1.10292 8.1e-5 -0.09157896 1.10292 1.67e-4 -0.290957 1.10292 2.98e-4 -0.290957 1.10292 1.26e-4 -0.1906639 1.10292 3.4e-4 -0.1906639 1.10292 2.98e-4 -0.290957 1.10292 8.5e-5 -0.091578 1.10292 3.17e-4 -0.24081 1.10292 1.5e-4 -0.24081 1.10293 3.8e-4 -0.09157699 1.10293 1.3e-4 -0.1906639 1.10293 1.73e-4 -0.290957 1.10293 3.36e-4 -0.1906639 1.10293 2.91e-4 -0.290957 1.10293 9.2e-5 -0.09157598 1.10293 3.74e-4 -0.09157598 1.10293 3.73e-4 -0.09157598 1.10293 3.3e-4 -0.1906639 1.10293 3.08e-4 -0.24081 1.10293 2.86e-4 -0.290957 1.10293 1.59e-4 -0.24081 1.10293 1.81e-4 -0.290957 1.10294 1.83e-4 -0.290957 1.10294 9.6e-5 -0.09157496 1.10294 2.82e-4 -0.290957 1.10294 1.42e-4 -0.1906639 1.10294 2.78e-4 -0.290957 1.10294 1.92e-4 -0.290957 1.10294 2.98e-4 -0.24081 1.10294 1.69e-4 -0.24081 1.10294 1.94e-4 -0.290957 1.10294 3.17e-4 -0.1906639 1.10294 2.68e-4 -0.290957 1.10294 1.05e-4 -0.09157395 1.10294 2.68e-4 -0.290957 1.10294 2.02e-4 -0.290957 1.10295 2.58e-4 -0.290957 1.10295 1.56e-4 -0.1906639 1.10295 2.16e-4 -0.290957 1.10295 2.35e-4 -0.290957 1.10295 2.45e-4 -0.290957 1.10295 3.52e-4 -0.09157299 1.10295 3.02e-4 -0.1906639 1.10295 3.47e-4 -0.09157198 1.10295 1.72e-4 -0.1906639 1.10296 2.85e-4 -0.1906639 1.10296 1.29e-4 -0.09157097 1.10296 3.35e-4 -0.09157097 1.10296 1.89e-4 -0.1906639 1.10296 2.67e-4 -0.1906639 1.10296 1.37e-4 -0.09156996 1.10296 2.08e-4 -0.1906639 1.10296 2.47e-4 -0.1906639 1.10297 1.49e-4 -0.09156996 1.10297 1.52e-4 -0.09156996 1.10297 3.12e-4 -0.091569 1.10297 3.1e-4 -0.091569 1.10297 2.88e-4 -0.09156799 1.10298 2.59e-4 -0.09156799 1.10298 2.04e-4 -0.09156697 1.10298 2.07e-4 -0.09156697 1.10298 2.27e-4 -0.09156697</float_array>
          <technique_common>
            <accessor source="#Shape_IndexedFaceSet_060-mesh-positions-array" count="798" stride="3">
              <param name="X" type="float"/>
              <param name="Y" type="float"/>
              <param name="Z" type="float"/>
            </accessor>
          </technique_common>
        </source>
        <source id="Shape_IndexedFaceSet_060-mesh-normals">
          <float_array id="Shape_IndexedFaceSet_060-mesh-normals-array" count="4458">-0.7396951 -0.6729422 0 -0.7420375 0.6703584 0 -0.8189738 -0.5738224 0.003131449 -0.7896686 -0.6135338 0 -0.9225617 -0.3858498 0 -0.9225617 -0.3858495 0 -0.9901363 -0.1401078 0 -0.9901112 -0.1402848 0 -0.9913214 0.1314606 0 -0.9262087 0.3770112 0 -0.9261454 0.3771666 0 -0.8280529 0.5606501 0 -0.7961361 0.6051142 0.002103626 -0.7421678 0.6702142 0 -0.613392 0.7897787 0 -0.6133735 0.789793 0 -0.387182 0.9220033 0 -0.3872218 0.9219866 0 -0.1358497 0.9907295 0 -0.1359062 0.9907218 0 0.1263803 0.9919819 0 0.1263504 0.9919857 0 0.3766843 0.9263417 0 0.3767009 0.926335 0 0.6041126 0.796899 0 0.604126 0.7968888 0 0.9194302 0.3932532 0 0.9431358 0.3323947 0.002929687 0.8917638 0.4525013 0 0.7939442 0.6079906 0 0.8280907 0.5605883 0.002581059 0.7565236 0.6539664 0 0.9924001 -0.1230477 0.001185834 0.9975802 -0.06952565 0 0.9913189 0.1314801 0 0.9975258 0.07024776 0.002756893 0.9812909 0.1925309 0 0.923021 -0.384746 0.001647233 0.9490203 -0.3152151 0 0.9845264 -0.1752363 0 -0.7401225 -0.6724722 0 -0.6083689 -0.7936544 0 -0.6083779 -0.7936475 0 -0.3766842 -0.9263417 0 -0.376706 -0.9263329 0 -0.1263434 -0.9919866 0 -0.1263803 -0.9919819 0 0.1358988 -0.9907227 0 0.1358575 -0.9907284 0 0.3871933 -0.9219987 0 0.3872026 -0.9219948 0 0.6133501 -0.7898111 0 0.6133963 -0.7897754 0 0.7500239 -0.6614107 0 0.796204 -0.6050262 0.001618981 0.8385903 -0.5447628 0 0.892452 -0.4511425 0 0 0 -1 -2.70144e-5 0 -1 3.31205e-5 0 -1 -2.12761e-5 0 -1 -2.07861e-5 0 -1 -1.71998e-5 0 -1 7.50801e-5 0 -1 2.07293e-5 0 -1 5.26626e-5 0 -1 -6.66826e-6 0 -1 -1.56176e-5 0 -1 4.24711e-5 0 -1 -4.23797e-5 0 -1 -4.86701e-5 0 -1 1.4017e-5 0 -1 6.90515e-6 0 -1 2.25044e-5 0 -1 -4.99109e-5 0 -1 4.94901e-6 0 -1 -2.36004e-5 0 -1 2.0937e-5 0 -1 -3.64191e-5 0 -1 -9.56663e-6 0 -1 -6.98079e-6 0 -1 7.44694e-6 0 -1 1.04762e-5 0 -1 -1.08676e-5 0 -1 4.55406e-6 0 -1 9.97004e-5 0 -1 -2.22626e-5 0 -1 -5.09147e-5 0 -1 5.30072e-5 0 -1 -6.35667e-5 0 -1 0 0 1 -4.98855e-6 0 -1 2.83156e-5 0 -1 -2.13223e-5 0 -1 1.70238e-5 0 -1 -4.33174e-6 0 -1 -4.14841e-6 0 -1 4.65996e-5 0 -1 1.12084e-5 0 -1 -5.95744e-5 0 -1 -3.20378e-5 0 -1 -4.83474e-5 0 -1 1.02859e-4 0 -1 -9.63306e-6 0 -1 0.004431426 0 -0.9999903 -6.24429e-4 0 -0.9999999 0.001235246 0 -0.9999992 -5.2598e-4 0 -0.9999999 4.45356e-6 0 -1 -6.63713e-5 0 -1 3.40879e-5 0 -1 -1.1148e-4 0 -1 -1 0 0 1 0 0 0.002806961 0 -0.9999961 -0.00181365 0 -0.9999985 1.63541e-5 0 -1 -3.48253e-6 0 -1 -0.005328953 0 -0.9999858 0.01136946 0 -0.9999354 3.70359e-4 0 -1 -0.02679783 0 -0.9996409 3.0288e-5 0 -1 -1.32631e-5 0 -1 -9.19218e-6 0 -1 1.82933e-5 0 -1 -2.17519e-5 0 -1 6.64276e-6 0 -1 -3.99694e-5 0 -1 1.97948e-6 0 -1 1.22439e-5 0 -1 1.35115e-5 0 -1 1.86502e-6 0 -1 -2.96273e-5 0 -1 2.28154e-5 0 -1 -2.19115e-5 0 -1 0.003948926 0 -0.9999922 0.004541158 0 0.9999898 0.002270638 0 -0.9999974 -0.009560167 0 -0.9999544 -0.001974463 0 -0.9999981 -0.002746343 0 -0.9999963 -6.54371e-6 0 -1 5.83849e-5 0 -1 -2.05378e-6 0 -1 -3.06915e-6 0 -1 3.0758e-6 0 -1 -1.69813e-6 0 -1 1.99035e-4 0 -1 -5.85999e-6 0 -1 4.69152e-6 0 -1 -0.1342072 0.9898196 -0.04738771 0.1743088 -0.984691 -4.24747e-4 0.7939589 0.6079715 -2.68306e-4 -0.1983869 0.9780875 -0.06314802 -0.1139873 0.9925713 -0.04253554 -0.05421793 0.9980802 -0.02994185 0.06179028 0.9980502 -0.008832395 0.1474597 0.989068 -5.90831e-4 -0.7679229 -0.6055165 -0.2089121 -0.8585943 -0.4568918 -0.2325204 -0.8353672 -0.50086 -0.2264977 -0.8664681 -0.4406321 -0.2346833 -0.4510505 -0.8834329 -0.1268846 -0.47436 -0.8702488 -0.1328519 -0.5136919 -0.8458841 -0.1435304 -0.5641406 -0.8108006 -0.1560384 -0.5709199 -0.8057035 -0.157773 -0.4060703 -0.9064298 -0.1161555 -0.4214951 -0.8988724 -0.119876 -0.4731119 -0.8709021 -0.1330217 -0.2792345 -0.9565563 -0.08383452 -0.2981569 -0.9504041 -0.08851355 -0.3030853 -0.9487195 -0.08983731 -0.292281 -0.9523536 -0.08714723 -0.333005 -0.9378567 -0.09763485 -0.3703558 -0.9227689 -0.1064624 -0.3637887 -0.9255651 -0.1048193 -0.2587851 -0.962681 -0.07921808 -0.2925548 -0.9522355 -0.08751738 -0.2951262 -0.95139 -0.08807688 -0.2107509 -0.975158 -0.06819862 -0.2344186 -0.9694004 -0.07287573 -0.2384756 -0.9683353 -0.07386738 -0.116989 -0.9919682 -0.048092 -0.1489417 -0.9873936 -0.05357509 -0.1820678 -0.9814335 -0.06032955 -0.1825332 -0.9813403 -0.06043952 -0.04428398 -0.9985733 -0.02983778 -0.04534143 -0.9985193 -0.03006082 -0.0470708 -0.9984267 -0.03046989 -0.04744976 -0.9984065 -0.03054583 -0.07546383 -0.9964786 -0.03654611 -0.08001762 -0.9960914 -0.03740614 -0.1079775 -0.9931989 -0.04355281 -0.07764613 -0.9962149 -0.0390774 0.01358401 -0.9997377 -0.01843965 0.01375108 -0.9997361 -0.01840543 0.02352082 -0.9995799 -0.01694172 0.03948307 -0.9991253 -0.01377958 0.03982383 -0.9991126 -0.01372295 0.05134379 -0.9986073 -0.01214063 0.0632888 -0.9979459 -0.009933829 0.06317859 -0.9979527 -0.00995016 0.07312846 -0.9972841 -0.008758425 0.08383661 -0.9964551 -0.006971836 0.08380603 -0.9964578 -0.00697571 0.09057968 -0.9958692 -0.006315112 0.09553319 -0.9954106 -0.005601048 0.105567 -0.9944026 -0.004382789 0.1053761 -0.9944228 -0.004401028 0.1069025 -0.9942609 -0.004146397 0.124529 -0.9922161 0 0.1166253 -0.9931685 -0.003863275 0.1453558 -0.9893794 5.61916e-4 0.1152813 -0.9933242 -0.00416857 0.1068759 -0.9942564 -0.005659222 0.1255254 -0.9920872 -0.002560019 0.1237232 -0.9923129 -0.002807617 0.1118517 -0.9937134 -0.004794955 0.1242388 -0.9922486 -0.002764165 0.1034308 -0.9946174 -0.006203711 0.1201409 -0.992751 -0.003418266 0.1169668 -0.9931281 -0.00394082 0.1324615 -0.9911873 -0.001267731 0.1234606 -0.9923455 -0.002812266 0.1071848 -0.9942345 -0.00301665 0.1152753 -0.9933277 -0.003431141 0.1171036 -0.9931144 -0.003283619 0.1108551 -0.9938293 -0.003805816 0.1133339 -0.9935504 -0.003610014 0.1133592 -0.9935477 -0.003591835 0.09877139 -0.9950981 -0.004918634 0.1305769 -0.9914361 -0.002055644 0.1082372 -0.9941169 -0.004062056 0.1138544 -0.9934911 -0.003564178 0.1140242 -0.9934718 -0.003532409 0.1167926 -0.993151 -0.00327903 0.1076189 -0.9941835 -0.00415945 0.1256135 -0.9920793 0 0.1108607 -0.9938329 -0.002470493 0.08144205 -0.9966459 -0.008017361 0.1092703 -0.9940041 -0.00398612 0.4685886 0.8815696 0.05709409 0.09108179 -0.9958269 -0.005764067 0.07228493 -0.9973424 -0.009112119 0.1285764 -0.9916996 0 0.1151781 -0.9933438 -0.001462042 0.1115175 -0.99376 -0.002254128 0.1196036 -0.9928217 -2.09713e-4 0.1042033 -0.9945469 -0.004262149 0.112487 -0.993651 -0.002109766 0.1140348 -0.9934755 -0.001579284 0.1143013 -0.993445 -0.001505076 0.115741 -0.993279 -9.94314e-4 0.106586 -0.9942919 -0.004804134 0.1012985 -0.9948401 -0.005648791 0.1201801 -0.992749 -0.002492725 0.1211687 -0.9926319 -4.13541e-4 0.1175889 -0.9930582 -0.002915024 0.1173166 -0.9930898 -0.003103852 0.1225399 -0.9924623 -0.0016734 0.1126348 -0.9936154 0.006484627 0.1238073 -0.9923039 -0.00218743 0.1218206 -0.9925498 0.002173483 0.1114534 -0.9937437 0.007189452 0.1379159 -0.9903619 -0.01274949 0.1335588 -0.9909976 -0.009264647 0.123045 -0.9924005 0.00105834 0.121891 -0.9925436 0 0.1250486 -0.9921505 -5.85157e-4 0.1201521 -0.9927501 0.003270328 0.126919 -0.9919109 -0.002097129 0.1324207 -0.9911704 -0.006803035 0.122067 -0.9925206 0.001622557 0.1220692 -0.9925202 0.001637816 0.1336552 -0.9910018 -0.00720942 0.1270366 -0.9918954 -0.002310752 0.1340416 -0.9909741 -0.001834392 0.1446699 -0.9894793 -0.001184165 0.1424943 -0.9897945 -0.001511812 0.1606315 -0.9870143 -6.3819e-4 0.1566306 -0.9876571 -5.74978e-4 0.1568744 -0.9876185 -5.67343e-4 0.1699373 -0.9854549 -4.70159e-4 0.1665204 -0.986038 -4.83595e-4 0.1657793 -0.9861629 -4.9404e-4 0.17423 -0.9847049 -4.19523e-4 0.1758796 -0.9844117 -4.15564e-4 0.1707293 -0.9853179 -4.50465e-4 0.0869196 -0.9962154 -8.90577e-5 0.0727052 -0.9973536 -2.83584e-5 0.1823472 -0.9832341 -4.08986e-4 0.1729474 -0.9849311 -4.26405e-4 0.1740714 -0.9847331 -4.21243e-4 0.2408456 -0.9705634 -4.2079e-4 0.5172652 -0.8558252 -3.48433e-4 0.3689506 -0.929449 -4.10178e-4 0.1547169 -0.9879588 -4.62997e-4 0.9999459 0.01040035 0 1 0 -1.01049e-4 0.7686588 -0.6396592 -2.52435e-4 0.8116586 -0.5841322 -2.16774e-4 1 -2.80441e-6 0 0.7705785 -0.6373451 -2.98509e-4 0.3695001 -0.9292307 -3.54702e-4 0.5757659 -0.8176146 -3.15829e-4 1 0 -2.02103e-4 0.9817432 -0.1902117 -2.36567e-4 1 0 -1.0105e-4 1 0 -1.01049e-4 1 0 -2.02096e-4 1 0 -2.02099e-4 0.9461297 0.323788 -2.30772e-4 1 0 -1.01048e-4 0.7706004 0.6373187 -2.92008e-4 0.9163782 0.4003136 -2.25459e-4 0.8602719 0.5098355 -2.24998e-4 1 0 -1.01051e-4 1 -3.57931e-5 -1.01046e-4 0.7241485 0.689644 -3.17091e-4 0.790395 0.6125975 -2.64203e-4 0.3737936 0.9275119 -4.15525e-4 0.5116933 0.8591682 -3.96397e-4 0.332593 0.9430704 -4.3907e-4 0.6275305 0.778592 -2.94072e-4 0.3690376 0.9294144 -3.82641e-4 0.2853123 0.9584345 -3.6529e-4 0.9999998 0 6.05753e-4 0.0989297 0.9950944 -4.89695e-4 0.1959723 0.9806094 -4.35539e-4 0.04992544 0.9987529 -5.0968e-4 0.02852177 0.9995931 -5.15156e-4 0.1193817 0.9928483 -5.49894e-4 0.1742421 0.9847028 -5.11043e-4 0.1214424 0.9925984 -4.7648e-4 0.1661731 0.9860966 -4.23093e-4 0.1636313 0.9865215 -4.56109e-4 0.1598025 0.987149 -4.2331e-4 0.1418417 0.9898892 -7.74606e-4 0.07013779 0.9975154 -0.006609201 0.01080083 0.999467 -0.03080755 0.1525161 0.9883007 7.69667e-4 0.1072314 0.9942285 -0.003338575 0.08847373 0.9960659 -0.005036532 0.1046342 0.9945045 -0.00354433 0.1103845 0.9938843 -0.003048837 0.1050289 0.9944629 -0.003557443 0.1033261 0.994641 -0.003629922 0.09910476 0.9950689 -0.004012346 0.1049531 0.994471 -0.003530323 0.1075962 0.9941892 -0.003322124 0.09604698 0.9953678 -0.004251897 0.1043963 0.9945294 -0.003571271 0.1118525 0.9937202 -0.003042638 0.108642 0.9940745 -0.003589272 0.1008498 0.9948894 -0.004961073 0.1139617 0.9934815 -0.002710878 0.1076186 0.9941852 -0.003765404 0.1011678 0.9948577 -0.00482732 0.1177403 0.9930423 -0.002086162 0.1087802 0.9940593 -0.003603219 0.1035941 0.9946101 -0.004367887 0.1049603 0.994468 -0.004120767 0.1061553 0.9943413 -0.004052042 0.113825 0.9934968 -0.002820789 0.1214443 0.9925829 -0.005523145 0.1954181 -0.9620587 -0.1904074 0.110421 0.9938793 -0.003333508 0.1165335 0.9931839 -0.002398788 0.1331751 0.9910919 -0.00121659 0.1240372 0.992274 -0.002685248 0.13275 0.9911485 -0.001429796 0.07115417 0.9970891 0.02739495 0.1241819 0.9922312 -0.007497787 0.1136656 0.9935191 -4.12449e-4 0.1240089 0.9922509 -0.007757544 0.1145582 0.993416 -0.00109291 0.1117721 0.9937332 0.001152634 0.1112034 0.9937965 0.00147742 0.1158209 0.9932679 -0.002093493 0.1249505 0.9921182 -0.009440302 0.1256905 0.9920188 -0.01003295 0.1110652 0.993813 4.99257e-4 0.1036592 0.9945924 0.00638622 0.07844507 0.9969067 -0.004848539 0.1149378 0.9933689 -0.002755999 0.1121736 0.9936885 -4.02031e-4 0.112985 0.9935963 -9.40629e-4 0.1114075 0.9937697 -0.003205418 0.1092252 0.9940117 -0.003272294 0.1048197 0.994486 -0.003227472 0.1357336 0.9906172 0.01593631 0.1136804 0.9935111 -0.003552436 0.100283 0.9949552 -0.002743422 0.101045 0.9948779 -0.00279802 0.1034439 0.9946345 -0.001333415 0.1010849 0.9948744 -0.002629995 0.1014351 0.9948395 -0.002299189 0.09369373 0.9955838 -0.005870223 0.10939 0.9939981 0.001374423 0.09834933 0.9951458 -0.00350511 0.1017507 0.9948077 -0.002100944 0.1033937 0.9946395 -0.0014835 0.09364342 0.9955936 -0.004940927 0.1042205 0.9945534 -0.00133419 0.1070841 0.9942499 -4.13549e-4 0.1153955 0.9933174 0.00213015 0.09393113 0.9955686 -0.004503667 0.1012941 0.9948496 -0.003727138 0.09337955 0.9956191 -0.004799783 0.08567535 0.996308 -0.005486965 0.08569711 0.9963061 -0.005487143 0.07833725 0.9969056 -0.0065158 0.06302732 0.9979681 -0.0093351 0.07312834 0.9972943 -0.007504045 0.04265701 0.9990208 -0.01174944 0.03724807 0.9992236 -0.01284348 0.008096873 0.9998052 -0.01800221 0.02053982 0.9996701 -0.01542448 0.02043426 0.999672 -0.01544469 -0.05414164 0.9980848 -0.02992433 -0.03038698 0.9992193 -0.02524739 -0.02966678 0.9992437 -0.02513706 -0.003924727 0.9997939 -0.01991957 -0.003662824 0.9997959 -0.01987004 -0.09660083 0.9945588 -0.03900438 -0.113239 0.992664 -0.04236823 -0.07862752 0.9962493 -0.03612577 -0.09411782 0.9948224 -0.0383448 -0.1601626 0.9856632 -0.05306547 -0.1619302 0.9853524 -0.05347293 -0.1361609 0.9895132 -0.04820823 -0.2033403 0.9770627 -0.0632568 -0.2497689 0.9653917 -0.07506304 -0.2943843 0.9518436 -0.08562701 -0.2962337 0.9512276 -0.08609211 -0.2984923 0.9504748 -0.0866028 -0.2913827 0.9528387 -0.08482098 -0.3261789 0.940658 -0.09364718 -0.3438556 0.9339219 -0.09774124 -0.3587159 0.9279148 -0.1014749 -0.3457353 0.9331493 -0.09848576 -0.353131 0.9301702 -0.100409 -0.3946895 0.9120994 -0.1108822 -0.4118613 0.9039784 -0.114863 -0.4096057 0.905075 -0.1142915 -0.4349923 0.8922383 -0.1212126 -0.4645338 0.8761663 -0.1286121 -0.4746107 0.8703621 -0.131204 -0.4812059 0.8664581 -0.1330088 -0.540972 0.8279185 -0.1479876 -0.6238164 0.7628996 -0.1698153 -0.6248138 0.7620237 -0.1700818 -0.5486131 0.8224561 -0.1502988 -0.3597909 0.9280048 -0.09673565 -0.5381389 0.8298932 -0.1472548 -0.8057008 0.550996 -0.2173696 -0.7938176 0.5691681 -0.2142457 -0.7287607 0.6557205 -0.1973286 -0.7045116 0.6835727 -0.1907668 -0.6948294 0.6941006 -0.188246 -0.8744567 0.4241731 -0.2353781 -0.8841173 0.4021423 -0.237946 -0.9369152 0.2420428 -0.252201 -0.9496053 0.1813094 -0.255689 -0.961912 0.08798962 -0.2588114 -0.9632404 0.07065671 -0.2591825 -0.9655788 0 -0.2601109 -0.9540613 -0.1537289 -0.257166 -0.914131 -0.3216941 -0.2467334 -0.90639 -0.3443264 -0.2447382 -0.9228825 -0.2935768 -0.2492003 -0.938443 -0.2349519 -0.2532244 -0.9551982 -0.1457259 -0.2576053 -0.9552447 -0.1453837 -0.2576262 -0.9616542 -0.08995807 -0.2590923 -0.8362138 0.4998331 -0.22564 -0.8362258 0.49983 -0.2256023 -0.7592393 0.617803 -0.2046341 -0.8678545 0.4382596 -0.2340025 -0.9224643 0.295493 -0.2484825 -0.9225785 0.2951295 -0.2484904 -0.9416143 0.2216337 -0.2534585 -0.8859118 0.3978339 -0.2385137 -0.9502222 0.1777828 -0.2558733 -0.9496377 0.181097 -0.2557188 -0.9361048 0.2454402 -0.2519267 -0.9655966 0 -0.260045 -0.9655963 0 -0.2600461 -0.963137 -0.07051259 -0.2596057 -0.6283522 0.7588304 -0.1713185 -0.5970927 0.7854633 -0.1628737 -0.6079844 0.7764609 -0.1657217 -0.3225995 0.9419493 -0.0930649 -0.2744638 0.9582077 -0.08066999 -0.354965 0.9294217 -0.1008726 -0.2657752 0.9607128 -0.07996612 -0.2657268 0.9607338 -0.07987481 -0.3289204 0.939604 -0.09463548 -0.3060972 0.947867 -0.08861577 -0.3060903 0.9478839 -0.08845889 -0.2652005 0.9610018 -0.07838588 -0.2651578 0.9610017 -0.07853162 -0.2263723 0.9715867 -0.06910002 -0.2576316 0.9632825 -0.07558405 -0.4294821 0.8950586 -0.120063 -0.3958402 0.9115146 -0.1115876 -0.4237214 0.8979584 -0.1188735 -0.4307553 0.8943668 -0.1206569 -0.426035 0.8967911 -0.1194154 -0.4884165 0.8620428 -0.135394 -0.423265 0.8982775 -0.1180863 -0.5460923 0.8242219 -0.1498049 -0.4251632 0.8974702 -0.1174035 -0.6100301 0.7746739 -0.1665643 -0.1344245 0.9897875 -0.04744362 -0.1667978 0.9844606 -0.05491834 -0.1671718 0.9843928 -0.0549966 -0.1957076 0.9787192 -0.0617029 -0.1945574 0.9789634 -0.06146615 -0.225797 0.9717323 -0.0689364 -0.2267973 0.9714841 -0.06914937 -0.2267867 0.9714848 -0.0691744 -0.1945163 0.9789725 -0.06145179 -0.1847301 0.9810301 -0.05877804 -0.1671662 0.9843922 -0.05502218 -0.1342235 0.9898166 -0.04740607 -0.1344078 0.9897899 -0.04743975 -0.0965988 0.994559 -0.03900223 -0.0813446 0.9960272 -0.03623366 -0.1668117 0.984386 -0.05619722 -0.1457947 0.9879868 -0.0512461 -0.1956983 0.9787186 -0.06174266 -0.2714089 0.9591489 -0.07981628 -0.2257702 0.9716561 -0.07008904 -0.2559548 0.9635825 -0.07743346 -0.2559875 0.9636695 -0.07623374 -0.07848691 0.9963012 -0.03498166 -0.0665152 0.9972512 -0.03264534 -0.06651771 0.9972543 -0.03254938 -0.02966713 0.9992491 -0.02492254 -0.03131079 0.9991939 -0.02512526 -0.05383992 0.9980808 -0.03059506 -0.05377298 0.9980848 -0.03058135 -0.08135986 0.9960593 -0.03530436 -0.1467649 0.9878656 -0.05080944 -0.1238136 0.9912528 -0.04569524 -0.1453803 0.9880207 -0.05176568 -0.1457917 0.9879548 -0.05186665 0.1575965 0.9875035 -6.51825e-4 0.1575915 0.9875043 -5.00602e-4 0.1594783 0.9872014 -4.26297e-4 0.1491557 0.9888134 -9.1641e-4 0.1494857 0.9887635 -9.09598e-4 0.1494954 0.9887622 -6.29938e-4 0.1476134 0.989045 -5.83824e-4 0.1495089 0.98876 -9.08629e-4 0.1490914 0.988823 -9.23856e-4 0.133172 0.9910924 -0.001089632 0.1127964 0.9936136 -0.003025233 0.1118507 0.9937202 -0.003092586 0.04247403 0.9990282 -0.01177114 0.05973672 0.9981715 -0.009232282 0.059735 0.9981685 -0.009560585 0.07833635 0.9969028 -0.006958425 0.06859898 0.997613 -0.007912099 0.09337097 0.9956206 -0.004648566 0.1132466 0.9935628 -0.002863764 0.1135177 0.993532 -0.00283426 0.06824898 0.9976361 -0.008011221 0.0696147 0.9975436 -0.007797777 0.03724974 0.9992268 -0.01259088 0.01259624 0.9997717 -0.01726293 0.008096814 0.9998044 -0.01804542 0.01297938 0.9997714 -0.01699233 0.012955 0.9997716 -0.01699739 0.3681183 0.9297789 -4.59419e-4 0.2220526 0.9750347 -4.56933e-4 0.284652 0.9586308 -4.26647e-4 0.1969747 0.9804085 -4.65914e-4 0.04979437 0.9987595 -5.07104e-4 1 0 3.99369e-4 0.02850759 0.9995935 -4.95815e-4 0.1961791 0.9805681 -4.35992e-4 0.2425088 0.9701491 -4.28791e-4 0.2435749 0.969882 -4.34853e-4 0.6264244 0.7794822 -2.65815e-4 0.3728467 0.9278929 -4.28106e-4 0.9320993 0.3622031 -2.14765e-4 0.3681172 0.9297794 -4.04289e-4 0.8301228 0.5575808 -2.5166e-4 0.8332102 0.5529565 -2.1075e-4 0.7034645 0.7107305 -2.669e-4 0.7087168 0.7054931 -2.8304e-4 1 0 1.99684e-4 0.7696487 -0.6384676 -3.71417e-4 0.7034647 -0.7107301 -3.79279e-4 0.8149791 -0.5794904 -3.13859e-4 1 0 -1.99688e-4 1 0 -1.01051e-4 0.76586 -0.6430073 -3.03115e-4 1 0 -2.02096e-4 1 0 -2.02097e-4 1 0 -2.02097e-4 0.8636081 -0.5041638 -9.75325e-5 0.8629397 -0.5053071 -1.87522e-4 0.9321 -0.3622012 -1.64652e-4 0.5116875 -0.8591716 -3.53312e-4 0.2913382 -0.95662 -4.29092e-4 0.2905339 -0.9568647 -4.2292e-4 0.5162202 -0.8564559 -2.92064e-4 0.3689762 -0.9294388 -3.82207e-4 0.3728467 -0.9278929 -4.46718e-4 0.6651614 -0.7466996 -4.27991e-4 0.6706493 -0.7417746 -2.08317e-4 0.703472 -0.710723 -1.96661e-4 1 0 -1.99684e-4 0.1969775 -0.980408 -2.75334e-4 1 0 -1.99692e-4 1 0 -1.99686e-4 1 0 -1.99686e-4 0.8108975 -0.5851883 -1.27227e-4 1 0 -9.98431e-5 1 0 -9.98434e-5 1 0 -9.9843e-5 1 0 -9.98432e-5 1 0 -9.98432e-5 1 0 -9.98432e-5 0.8596456 0.5108909 -2.22147e-4 0.7087147 0.7054952 -3.11345e-4 0.6651614 0.7466996 -4.13232e-4 0.6706486 0.7417753 -2.52957e-4 1 0 1.99688e-4 0.5752161 0.8180014 -4.10222e-4 0.07485127 -0.9971946 -4.93244e-4 0.04979437 -0.9987595 -4.87217e-4 0.3728496 -0.9278917 -4.56024e-4 0.09921991 -0.9950655 -4.53043e-4 0.2885615 -0.9574613 -4.21092e-4 0.2846546 -0.9586301 -4.16835e-4 0.1756073 -0.9844602 -4.18063e-4 0.1690121 -0.9856139 -4.32382e-4 0.1546839 -0.987964 -4.74373e-4 0.1725186 -0.9850062 -5.18706e-4 0.2091636 -0.9778806 -5.6311e-4 0.174212 -0.9847081 -4.24512e-4 0.1758409 -0.9844186 -4.30753e-4 0.1701759 -0.9854136 -4.17203e-4 0.1636689 -0.9865152 -5.45144e-4 0.1811232 -0.9834604 -2.95208e-4 0.169934 -0.9854554 -4.57684e-4 0.171097 -0.9852541 -4.64257e-4 0.1677051 -0.9858372 -4.51657e-4 0.1452539 -0.989394 -0.001014769 0.1539243 -0.9880823 -8.37235e-4 0.1606262 -0.9870152 -6.13516e-4 0.1532227 -0.9881916 -5.44176e-4 0.1593214 -0.9872267 -5.70999e-4 -0.1715089 -0.9835638 -0.05645245 -0.2520277 -0.9646056 -0.07757699 -0.2301175 -0.9704778 -0.07224088 -0.22884 -0.9708058 -0.07189112 -0.1931214 -0.979128 -0.06334483 -0.1945636 -0.9788171 -0.06373566 -0.1676344 -0.984178 -0.05738061 -0.1668992 -0.9843145 -0.05718302 -0.1406024 -0.988747 -0.05109393 -0.1405717 -0.9887523 -0.05107557 -0.1568923 -0.98611 -0.05451506 -0.1669222 -0.9843084 -0.05721902 -0.1957755 -0.9785566 -0.06402343 -0.1945567 -0.9788212 -0.06369262 -0.2269436 -0.9712842 -0.07144075 -0.2288302 -0.9708027 -0.07196414 -0.2689251 -0.9596874 -0.08172762 -0.3007878 -0.9494699 -0.0896309 -0.3036534 -0.9484936 -0.09030336 -0.338634 -0.9356938 -0.09901612 -0.3362351 -0.9366174 -0.09845709 -0.3671888 -0.9240621 -0.106216 -0.667765 -0.7215054 -0.1830846 -0.667873 -0.7213988 -0.1831106 -0.5884003 -0.7920546 -0.1625877 -0.5927094 -0.7886154 -0.163651 -0.5132413 -0.8462075 -0.1432352 -0.5096765 -0.8485045 -0.1423729 -0.4524614 -0.8825868 -0.1277473 -0.4566337 -0.8802878 -0.1287599 -0.4076452 -0.9057012 -0.1163223 -0.4075382 -0.9057523 -0.116299 -0.3702467 -0.9227622 -0.106899 -0.3671765 -0.9240708 -0.1061811 -0.3314924 -0.9384347 -0.09722733 -0.3361134 -0.9366781 -0.09829646 -0.3036977 -0.9484848 -0.09024542 -0.3037458 -0.9484686 -0.09025502 -0.2667115 -0.9603583 -0.08109927 -0.2668107 -0.9603193 -0.08123332 -0.2864587 -0.9542779 -0.08541214 -0.7664129 -0.6075555 -0.208537 -0.7872185 -0.5782951 -0.2141543 -0.7872657 -0.5782713 -0.2140451 -0.7949705 -0.5668262 -0.216171 -0.8112838 -0.54161 -0.2201755 -0.6154958 -0.7696774 -0.1695932 -0.6678585 -0.7213693 -0.1832795 -0.6581755 -0.7308136 -0.1808773 -0.5923537 -0.7888383 -0.1638642 -0.6615449 -0.7277378 -0.1809868 -0.5034535 -0.8524363 -0.1410219 -0.5096632 -0.8484681 -0.1426365 -0.4832249 -0.8648578 -0.1360687 -0.4566106 -0.8802259 -0.129264 -0.4840701 -0.8643903 -0.1360349 -0.4075288 -0.9057166 -0.1166092 -0.4889588 -0.8615621 -0.1364926 -0.3014347 -0.9492539 -0.08974581 -0.3772745 -0.9196741 -0.1089206 -0.312928 -0.9451484 -0.09365189 -0.3385847 -0.9355973 -0.1000913 -0.3064559 -0.9473771 -0.09252816 -0.3010802 -0.9492282 -0.09119558 -0.312429 -0.9452962 -0.09382528 -0.2863997 -0.9541142 -0.08741486 -0.3129296 -0.9451577 -0.09355324 -0.2519951 -0.9645283 -0.07863551 -0.3061891 -0.9476051 -0.09106647 -0.2301496 -0.970443 -0.07260549 -0.3069716 -0.9475478 -0.08900433 -0.1715146 -0.9833986 -0.05924433 -0.1710278 -0.9834896 -0.05914169 -0.1930166 -0.9790425 -0.06496518 -0.1709274 -0.9834687 -0.05977749 -0.1676124 -0.9840915 -0.05890673 -0.1708487 -0.9834898 -0.05965512 -0.1270956 -0.9907086 -0.04840832 -0.1100322 -0.9929307 -0.04451656 -0.110032 -0.9929485 -0.04411649 -0.1102389 -0.9929234 -0.04416447 -0.1102368 -0.9929234 -0.044169 -0.07545948 -0.9964799 -0.03652119 -0.06123518 -0.9975448 -0.03398329 -0.0470702 -0.9984256 -0.03050661 -0.01255208 -0.999646 -0.02346253 -0.01255154 -0.9996431 -0.02358657 -0.01432859 -0.9996087 -0.02402544 -0.07198858 -0.9967452 -0.0362845 -0.07184511 -0.9967566 -0.03626024 -0.06124585 -0.9975637 -0.03340125 -0.06057459 -0.9976109 -0.03321379 -0.01291584 -0.9996403 -0.02350866 0.00578618 -0.999774 -0.02045792 0.02352017 -0.9995766 -0.01713347 0.005983591 -0.9997883 -0.01968693 0.05134528 -0.9986097 -0.01194089 0.06871491 -0.9975893 -0.009691953 0.07312691 -0.997282 -0.009012699 0.06825184 -0.9976223 -0.009559631 0.09057909 -0.9958681 -0.006502866 0.06858927 -0.9976081 -0.008585393 0.1053744 -0.9944224 -0.00451833 0.1156485 -0.993283 -0.003811597 0.1234647 -0.9923444 -0.003010213 0.1154727 -0.9933057 -0.003154516 0.1446673 -0.9894797 -0.00117141 0.1192803 -0.9928604 -7.46857e-4 0.1379269 -0.9904419 -0.001011431 -0.4076525 -0.9057003 -0.1163034 -0.4061926 -0.9064004 -0.1159573 -0.4524704 -0.8825876 -0.1277097 -0.4510778 -0.8833496 -0.1273667 -0.513489 -0.8460426 -0.1433215 -0.5135687 -0.8459925 -0.1433317 -0.5885401 -0.7919495 -0.1625933 -0.5840719 -0.7954718 -0.1615073 -0.6677287 -0.7215302 -0.1831192 -0.6737081 -0.7155652 -0.1846182 -0.6686424 -0.7206259 -0.1833459 -0.3329383 -0.9378832 -0.09760755 -0.3381087 -0.9359022 -0.09884113 -0.3031001 -0.9486871 -0.09012824 -0.2998725 -0.9497839 -0.08937138 -0.2792233 -0.9565213 -0.08426928 -0.2825609 -0.9554724 -0.08504146 -0.2589036 -0.9626465 -0.07925105 -0.2567975 -0.9632514 -0.07875126 -0.2107547 -0.9752028 -0.06754291 -0.2284939 -0.9709569 -0.07094639 -0.1929841 -0.9791539 -0.0633623 -0.1185716 -0.99189 -0.04577225 -0.1531402 -0.9867471 -0.0536496 -0.1531187 -0.9867351 -0.05393147 -0.1536998 -0.9866358 -0.05409514 -0.1536771 -0.9866431 -0.05402451 -0.1930088 -0.9791536 -0.06329226 -0.1957457 -0.9785608 -0.06405144 -0.2284746 -0.9708911 -0.07190209 -0.2270125 -0.9712643 -0.07149082 -0.256794 -0.963254 -0.0787304 -0.2689208 -0.9596696 -0.08195161 -0.2825578 -0.9554759 -0.08501213 -0.3036087 -0.9485163 -0.09021371 -0.2998679 -0.9497857 -0.0893675 -0.3314931 -0.9384334 -0.09723806 -0.3381967 -0.9358763 -0.09878545 -0.365973 -0.9246 -0.1057301 -0.3661631 -0.9245 -0.1059457 -0.3733456 -0.9214249 -0.1076533 -0.373502 -0.9213823 -0.1074754 -0.3612022 -0.9266294 -0.1043602 -0.2264147 0.9716008 -0.06876313 -0.2264852 0.9715586 -0.0691263 -0.2651578 0.9610021 -0.07852637 -0.2652114 0.960987 -0.07853138 -0.2947414 0.9517156 -0.08581972 -0.2661955 0.9607563 -0.07802063 -0.2661626 0.9607083 -0.07872283 -0.2962065 0.9512315 -0.08614158 -0.2964978 0.9511334 -0.08622294 -0.3259458 0.9407498 -0.09353744 -0.3297322 0.9393293 -0.09453648 -0.358579 0.9279363 -0.1017616 -0.358117 0.928128 -0.1016409 -0.3946875 0.9121015 -0.110873 -0.386757 0.9157456 -0.1087619 -0.4350829 0.8922165 -0.1210489 -0.4378945 0.8907369 -0.1218038 -0.4812378 0.8664569 -0.1329002 -0.4847444 0.8643537 -0.1338493 -0.5466465 0.8238525 -0.1498152 -0.1335932 0.9898868 -0.04771912 -0.1336007 0.9899069 -0.04727953 -0.181149 0.981728 -0.05826926 -0.1811463 0.9817311 -0.05822563 -0.2282086 0.9711315 -0.06945955 -0.2282786 0.9711139 -0.06947612 -0.2634931 0.9615009 -0.07802242 -0.2635044 0.9615043 -0.07794249 -0.2739919 0.9583408 -0.0806936 -0.2739544 0.9582431 -0.08197104 -0.2688422 0.9598022 -0.08064633 -0.1813824 0.9816477 -0.05889159 -0.1814054 0.9816777 -0.05831891 -0.2268967 0.9714574 -0.06919771 -0.2263719 0.9715906 -0.06904792 -0.2664218 0.9606325 -0.07877051 -0.2664237 0.9606304 -0.07878953 -0.2947449 0.9517181 -0.08578032 -0.2968525 0.9510113 -0.08634972 -0.3296388 0.9393648 -0.09450942 -0.3226069 0.9419847 -0.09268075 -0.3580206 0.9281749 -0.1015523 -0.3550796 0.9293873 -0.1007851 -0.3868492 0.9157016 -0.1088043 -0.3958517 0.9115597 -0.1111775 -0.4376651 0.8908489 -0.1218096 -0.4307844 0.8944436 -0.119982 -0.4848582 0.8642924 -0.1338329 -0.4884497 0.862118 -0.1347944 -0.5467661 0.8237692 -0.149837 -0.5462552 0.8241333 -0.1496992 -0.6235786 0.7631025 -0.1697773 -0.6283707 0.7588674 -0.1710869 -0.7287117 0.6557773 -0.1973204 -0.712017 0.6752028 -0.1926993 -0.7720482 0.6003049 -0.2087483 -0.9656688 0 -0.2597767 -0.9309629 -0.2647817 -0.2513935 -0.9227935 -0.2937967 -0.2492707 -0.9158188 -0.3162428 -0.2475205 -0.8666158 -0.4402881 -0.234784 -0.9199663 -0.3034103 -0.248202 -0.7470046 -0.6328648 -0.2036331 0.05980861 0.9982098 -4.61866e-4 0.07512891 0.9971738 -4.53669e-4 0.1744055 0.9846739 -4.27335e-4 0.1960387 0.9805961 -3.91695e-4 0.1636247 0.9865227 -4.33651e-4 0.1723111 0.9850426 -2.37096e-4 0.148755 0.9888739 -7.39909e-4 2.99361e-6 0 1 -1.17612e-5 0 1 1.1867e-5 0 1 -2.42464e-5 0 1 1.18712e-5 0 1 -2.99023e-6 0 1 1.17612e-5 0 1 -1.18665e-5 0 1 -2.99725e-6 0 1 -1.18109e-5 0 1 2.45889e-5 0 1 -1.17114e-5 0 1 -4.89264e-5 0 1 1.16632e-5 0 1 2.98057e-6 0 1 1.17016e-5 0 1 5.97709e-6 0 1 1.17455e-5 0 1 1.17336e-5 0 1 -5.91752e-6 0 1 -2.0492e-5 0 1 2.3573e-5 0 1 -7.29884e-6 0 1 5.85345e-6 0 1 -1.17552e-5 0 1 1.17508e-5 0 1 4.89264e-5 0 1 -1.19195e-5 0 1 -5.84583e-6 0 1 -5.99843e-6 0 1 -1.17455e-5 0 1 -1.17336e-5 0 1 5.82795e-6 0 1 2.0492e-5 0 1 -2.3573e-5 0 1 7.29884e-6 0 1 -5.85345e-6 0 1 1.17552e-5 0 1 -1.17489e-5 0 1 5.86603e-6 0 1 -0.6110488 0.787545 -0.07995146 -0.6109188 0.7876477 -0.07993471 -0.384148 0.921917 -0.04999315 -0.3844609 0.9217845 -0.05003362 -0.1337004 0.9908764 -0.0169748 -0.1339287 0.9908452 -0.01700383 0.1252593 0.9919763 0.01712173 0.1234693 0.9922047 0.0168913 0.3696103 0.9278804 0.04925823 0.3769133 0.924888 0.05018877 0.6064841 0.7910289 0.08031511 0.5981273 0.7974725 0.07925611 0.7439728 0.6609293 0.09837126 0.7442837 0.660573 0.09841263 0.8237441 0.5564231 0.1088076 0.8080144 0.57942 0.1067022 0.8844424 0.4518272 0.1166783 0.8992252 0.4210857 0.1186629 0.9308022 0.3442886 0.122771 0.9303997 0.3453934 0.1227183 0.9763405 0.1738002 0.1286579 0.9697687 0.2079125 0.1277545 0.9890525 0.06944221 0.1302034 0.9890957 0.06881397 0.1302095 0.9908587 -0.0346629 0.130375 0.9890993 -0.06881421 0.1301816 0.969921 -0.207315 0.1275686 0.9697941 -0.207918 0.1275523 0.9415003 -0.3134653 0.1237608 0.9416866 -0.3128953 0.1237852 0.8998388 -0.4199018 0.118207 0.8996041 -0.420413 0.118176 0.825245 -0.5542941 0.1083002 0.8260322 -0.5531004 0.1084015 0.7473965 -0.6571135 0.09798139 -0.5979765 -0.7975875 -0.07923614 -0.3769127 -0.9248868 -0.05021178 -0.376802 -0.9249327 -0.05019718 -0.1235857 -0.99219 -0.01690137 -0.1253848 -0.9919601 -0.01714444 0.1338868 -0.990851 0.01699197 0.1339877 -0.9908371 0.0170058 0.3843488 -0.9218323 0.0500127 0.3843487 -0.9218323 0.05001276 0.602571 -0.794163 0.07882559 0.6035227 -0.793427 0.07895648 0.7455667 -0.6592242 0.09774345 -0.7473961 0.6571134 -0.09798598 -0.7470872 0.6574707 -0.09794485 -0.8245472 0.5553495 -0.1082082 -0.8255333 0.553857 -0.108339 -0.8859288 0.4489889 -0.1163586 -0.8863563 0.4481302 -0.1164133 -0.9418729 0.3123249 -0.1238091 -0.9416868 0.3128953 -0.1237845 -0.9762586 0.1744312 -0.1284244 -0.9762607 0.1744204 -0.1284242 -0.9890993 0.06881421 -0.1301819 -0.9890728 0.06920087 -0.130178 -0.989088 -0.06881344 -0.1302678 -0.9890447 -0.06944167 -0.1302631 -0.9697614 -0.207911 -0.1278122 -0.9696344 -0.2085137 -0.1277945 -0.9412984 -0.3139248 -0.1241312 -0.9414857 -0.3133528 -0.1241558 -0.8853674 -0.4499667 -0.1168534 -0.8846886 -0.4513217 -0.1167684 -0.8243233 -0.555549 -0.108888 -0.823454 -0.5568591 -0.1087732 -0.7431422 -0.6618786 -0.09826785 -0.7436619 -0.6612852 -0.09833079 -0.5984282 -0.7972427 -0.07929617 0.006155729 -0.9999811 7.32074e-5 0.004739105 -0.9999888 3.39513e-4 0.005012094 -0.9999874 -5.52323e-4 0.004585742 -0.9999893 6.69039e-4 0.004848062 -0.9999883 0 0.004467368 -0.9999898 -6.51775e-4 0.005097806 -0.9999869 5.1569e-4 0.004814684 -0.9999884 1.22433e-4 0.005349755 -0.9999857 2.57195e-6 0.002538084 -0.9999967 -3.09101e-4 0.006344854 -0.9999799 0 0.001501798 -0.9999989 1.82894e-4 0.006057918 -0.9999817 -1.12208e-4 0.003836691 -0.9999927 1.33059e-4 0.006249129 -0.9999805 -3.61942e-5 0.004039287 -0.9999919 -2.91633e-4 0.005941808 -0.9999824 2.60778e-4 0.005350172 -0.9999857 -6.47508e-6 0.004844665 -0.9999883 -3.38657e-4 0.00474298 -0.9999887 -4.25353e-4 0.004853248 -0.9999882 -3.11784e-4 0.004078805 -0.999986 0.003394901 0.005118906 -0.9999864 -0.001099824 0.004692435 -0.999989 -3.03969e-4 0.005247056 -0.9999858 9.32053e-4 0.004857003 -0.9999882 -1.9209e-5 0.002244174 -0.999997 0.001012742 0.004781782 -0.9999886 1.31955e-4 -0.1280269 -0.9917708 0 -0.1280237 -0.9917711 0 -0.379661 -0.9251257 0 -0.3799105 -0.9250233 0 -0.6051784 -0.79609 0 -0.6055315 -0.7958215 0 -0.7421703 -0.6702114 0 -0.7823628 -0.6228221 0.001068651 -0.8205109 -0.571631 0 -0.9004472 -0.4349656 0 -0.9224578 -0.3860971 9.25531e-4 -0.9424121 -0.3344541 0 -0.9813777 -0.1920887 0 -0.9925969 -0.1214495 0.001227974 -0.9988351 -0.04825448 0 -0.9988351 0.04825448 0 -0.9926325 0.1211581 0.001223027 -0.9815547 0.1911816 0 -0.9563338 0.2922766 0 -0.9314708 0.363814 0.001284062 -0.9007847 0.4342663 0 -0.8217911 0.5697889 0 -0.7853298 0.6190767 0.001052498 -0.7467643 0.6650888 0 -0.6217222 0.7832379 0 -0.6217864 0.783187 0 -0.3797059 0.9251073 0 -0.3794122 0.9252278 0 -0.1352459 0.9908121 0 -0.135249 0.9908117 0 -0.005056023 0.999987 6.89079e-4 -0.006241738 0.9999806 3.61927e-5 -0.001315176 0.9999992 -1.92168e-4 -0.00655502 0.9999786 0 -0.002296388 0.9999973 3.35531e-4 -0.004516601 0.9999896 6.70026e-4 -0.005163729 0.9999865 -6.43579e-4 -0.004817247 0.9999885 0 -0.005084156 0.999987 6.17872e-4 -0.004622042 0.9999892 -5.6171e-4 -0.005221784 0.9999865 1.12917e-4 -0.004849076 0.9999882 3.578e-4 -0.005837321 0.999983 -1.6395e-4 -0.004556894 0.9999896 2.02166e-4 -0.006154179 0.9999811 -7.32721e-5 -0.004412233 0.9999903 -9.26779e-5 -0.005908727 0.9999826 7.02022e-5 -0.005193352 0.9999865 -4.4992e-5 -0.004619717 0.999989 -7.51107e-4 -0.005151927 0.999986 0.00126338 -0.004856765 0.9999882 -4.95913e-6 -7.71029e-4 0.9999896 0.004512965 -0.005062818 0.9999872 1.72773e-4 -0.004817903 0.9999885 -1.29321e-4 -0.005079507 0.9999871 -5.36377e-5 -0.004830479 0.9999884 -1.39805e-4 -0.003718316 0.9999893 0.002767562 -0.005301296 0.9999854 -0.001074492 -1.62707e-5 0 1 5.10849e-5 0 1 -2.34297e-5 0 1 -7.69484e-5 0 1 -1.84082e-4 0 1 -2.81201e-5 0 1 8.29497e-5 0 1 -2.53964e-5 0 1 1.80686e-5 0 1 -3.98892e-5 0 1 5.39203e-5 0 1 -2.64168e-5 0 1 1.26743e-5 0 1 -0.6928474 -0.7210842 0 -0.6929533 -0.7209826 0 -0.5219011 -0.8530061 0 -0.5219526 -0.8529745 0 -0.3251413 -0.9456655 0 -0.3250231 -0.9457061 0 -0.1052821 -0.9944424 0 -0.1052413 -0.9944467 0 -0.1149379 0.9933727 0 -0.1149507 0.9933713 0 -0.3283897 0.9445424 0 -0.3283617 0.9445521 0 -0.5344762 0.8451836 0 -0.5343711 0.8452501 0 -0.7044436 0.70976 0 -0.7041176 0.7100834 0 -0.1876119 0.002848923 0.9822392 -0.185406 -0.001276373 0.9826613 -0.1858065 -0.002174913 0.982584 -0.1857357 -7.52639e-4 0.9825994 -0.1859827 -0.001079082 0.9825525 -0.1875326 -0.003466606 0.9822523 -0.1845159 0.00116688 0.9828289 -0.1855665 -8.02088e-4 0.9826315 -0.1840895 -0.002560317 0.9829062 -0.1860622 -4.52259e-4 0.9825379 -0.1858513 -0.001067876 0.9825773 -0.1857882 -0.001029849 0.9825893 -0.1859143 -0.001181364 0.9825653 -0.1850421 -0.001520454 0.9827295 -0.1855447 -0.00162971 0.9826346 -0.186168 -7.95156e-4 0.9825176 -0.1854445 -0.001305639 0.9826539 -0.1847542 -0.00292176 0.9827804 -0.1856474 -8.03343e-4 0.9826161 -0.1856448 -8.27316e-4 0.9826166 -0.1856598 -7.51441e-4 0.9826138 -0.1855739 -9.4413e-4 0.9826299 -0.1441323 0.04434835 0.9885643 -0.1755852 0.0120086 0.984391 -0.1853942 0.004205942 0.9826553 -0.1856678 -0.002176523 0.9826102 -0.1855893 0.008213341 0.9825931 -0.1856399 0.001814246 0.9826162 -0.1857368 -0.00104922 0.982599 -0.1873666 4.43962e-4 0.98229 -0.1854296 -8.89297e-4 0.9826572 -0.1853049 -9.36988e-4 0.9826807 -0.1848685 -0.002018034 0.9827613 -0.1848875 -0.001545906 0.9827586 -0.1817837 -0.006933033 0.9833141 -0.186142 -2.62881e-4 0.9825229 -0.1880468 0.004198193 0.9821511 -0.1855543 -0.001048862 0.9826335 -0.7082943 -0.6321336 -0.3142074 -0.140087 0.03181236 0.989628 -0.2543175 -0.08819192 0.9630913 -0.1921278 -0.01020145 0.981317 -0.1843038 0.00629127 0.9828493 -0.1856365 0.001034379 0.982618 -0.1856022 -8.1634e-4 0.9826247 -0.185556 -0.002241253 0.9826312 -0.1847281 -0.01500326 0.9826751 -0.185695 -9.66761e-5 0.9826074 -0.18643 0.005337595 0.9824538 -0.1858828 8.31845e-4 0.9825717 -0.1860731 0.002074897 0.9825338 -0.1849166 -0.005789637 0.9827372 -0.1856335 -0.001910209 0.9826173 -0.1855748 1.39508e-4 0.9826302 -0.1858534 -0.02069681 0.9823595 -0.1790606 -0.01752197 0.9836821 -0.1976863 0.01256018 0.9801849 -0.1871521 0 0.982331 -0.1871518 0 0.9823311 -0.1855756 -2.63543e-4 0.98263 -0.186845 -0.002745151 0.9823856 -0.1879267 -0.00508511 0.9821699 -0.1875166 -0.004365026 0.9822517 -0.1854016 -5.75782e-5 0.9826629 -0.1800824 0.005336642 0.9836371 -0.1839061 0.001057028 0.9829433 -0.1856528 -0.001021981 0.9826149 -0.1857813 -6.94507e-4 0.9825909 -0.185438 -4.55435e-4 0.9826558 -0.1849632 0.02032941 0.9825353 -0.1854031 -0.003197431 0.9826574 -0.1888111 4.67354e-4 0.9820134 -0.1851832 -0.00169456 0.9827026 -0.1853508 -0.001711547 0.982671 -0.1867827 -1.69479e-4 0.9824013 -0.18566 -6.89413e-4 0.9826139 -0.1862217 4.3245e-4 0.9825077 -0.1840633 -0.003078162 0.9829096 -0.1788722 0 0.9838723 -0.1681642 0.0120967 0.9856849 -0.2343668 -0.1155962 0.9652511 -0.07850682 0.1955264 0.9775511 -0.1921223 -0.04205662 0.9804695 -0.1767683 0 0.9842525 -0.1066085 0.1636317 0.9807443 -0.2047858 -0.05710369 0.9771398 -0.06574338 0.3029815 0.950726 -0.1213961 0.1198974 0.9853364 -0.3162816 -0.718194 0.6198092 -0.2041026 -0.03332287 0.9783822 -0.186316 -0.00546801 0.9824748 -0.1858259 -0.002364158 0.9825798 -0.1856387 -6.96537e-4 0.9826179 -0.1856507 -9.12701e-4 0.9826154 -0.185437 -0.002780735 0.9826523 -0.188361 0.02071857 0.9818813 -0.1861359 0.002567231 0.9825207 -0.18538 -0.002708375 0.9826632 -0.1860289 0.001414299 0.9825432 -0.1387964 0.005852818 0.9903037 -0.1870602 0.0098508 0.9822991 -0.1843395 -0.01100397 0.9828011 -0.1857811 -5.31772e-5 0.9825912 -0.1879193 -0.0224418 0.9819281 -0.169965 0.1861435 0.96771 -0.1857292 -0.001908123 0.9825991 -0.1855465 0.001223564 0.9826347 -0.186206 -0.002983629 0.9825063 -0.1863696 -0.003522634 0.9824734 -0.1852266 7.51257e-4 0.9826956 -0.1857506 -8.6504e-4 0.9825966 -0.1688982 -0.2055495 0.963962 -0.2224515 0.5924738 0.7742675 -0.1781689 -0.03442877 0.9833974 -0.1414858 -0.2333787 0.9620375 -0.1864657 -0.02058768 0.9822458 -0.2668343 0.4435055 0.8556298 -0.2810968 0.2350153 0.9304582 -0.1816379 0 0.9833655 -0.1707233 -0.02353495 0.9850379 -0.1851944 -0.001754343 0.9827004 -0.1856223 -0.001276195 0.9826204 -0.1856304 -0.001282989 0.9826189 -0.1872271 0.001096308 0.9823161 -0.1855359 -9.65314e-4 0.9826371 -0.185515 -0.001035749 0.9826409 -0.1860918 -1.28817e-4 0.9825324 -0.1853445 -0.001765251 0.9826721 -0.1848149 -0.002888679 0.9827691 -0.185151 0.01265704 0.9826287 -0.1855978 -0.001167893 0.9826252 -0.1854821 -0.001507282 0.9826465 -0.185992 3.57186e-4 0.9825513 -0.1845527 -0.005214214 0.9828088 -0.186028 3.81929e-4 0.9825444 -0.1860628 4.61561e-4 0.9825378 -0.185126 -0.003516972 0.9827085 -0.1856769 0.001725971 0.9826093 -0.1855289 -0.002171039 0.9826365 -0.1848771 -0.01070636 0.9827034 -0.1858269 8.27779e-4 0.9825822 -0.1856216 0 0.9826214 -0.1856148 -2.33888e-4 0.9826226 -0.1857579 -0.003605067 0.982589 -0.1856919 -0.001648962 0.9826066 -0.1855635 0.00522983 0.9826184 -0.18567 -0.002390086 0.9826093 -0.1856721 -0.002546966 0.9826086 -0.1856622 -8.7829e-4 0.9826132 -0.1856618 -7.98628e-4 0.9826135 -0.1846337 0.002852678 0.9828033 -0.1859905 -0.002764403 0.9825477 -0.1859053 -0.002240598 0.9825651 -0.1865429 -0.005275309 0.9824327 -0.1853412 7.39912e-4 0.982674 -0.1856027 -8.04431e-4 0.9826245 -0.1853163 8.98186e-4 0.9826785 -0.185568 -5.91995e-4 0.9826313 -0.1853656 9.32209e-4 0.9826692 -0.18587 -0.002519428 0.9825711 -0.1860144 -0.003492236 0.9825409 -0.1860312 -0.001584708 0.9825426 -0.1856087 -7.87242e-4 0.9826235 -0.1869611 -0.004729926 0.982356 -0.185993 -5.78067e-4 0.982551 -0.1854926 -0.001451015 0.9826447 -0.185588 -0.001528859 0.9826265 -0.1881397 -0.002096831 0.9821401 -0.1859738 -9.06449e-4 0.9825543 -0.1853448 -8.25628e-4 0.9826733 -0.1843174 5.70366e-4 0.9828667 -0.1858066 -0.001062273 0.9825858 -0.1865198 -0.00204277 0.9824492 -0.18582 -0.001245975 0.9825831 -0.1844429 0.001363396 0.9828423 -0.185599 -5.57341e-4 0.9826254 -0.1851904 3.17753e-4 0.9827027 -0.1586182 -0.1119658 0.980971 -0.203776 0.0490784 0.9777867 -0.1391621 -0.1240262 0.9824722 -0.1855304 -4.95716e-4 0.9826385 -0.1852853 -4.60155e-4 0.9826847 -0.1847424 -2.5615e-4 0.982787 -0.185361 -0.002431511 0.9826676 -0.1857007 -6.59296e-4 0.9826061 -0.1842268 -0.007818579 0.9828528 -0.1855481 -0.002278268 0.9826325 -0.1862208 0.004259765 0.9824988 -0.1850629 -0.006194174 0.9827072 -0.1845762 0.00767064 0.9827883 -0.1853892 0.001044571 0.9826647 -0.1859169 -0.00305885 0.9825608 -0.185749 -0.001668989 0.9825959 -0.185657 -6.51864e-4 0.9826144 -0.1851876 0.003990888 0.9826951 -0.1857944 -0.002318084 0.982586 -0.1860955 -0.006368517 0.9825111 -0.1856582 -4.16781e-4 0.9826144 -0.187136 -0.001636862 0.9823327 -0.1849129 2.22064e-4 0.982755 -0.185799 -8.3951e-4 0.9825875 -0.1856521 -0.001263976 0.9826148 -0.1856459 -0.001790404 0.9826151 -0.1857728 0.003153204 0.9825876 -0.185424 -0.00755912 0.9826296 -0.1858951 0.005399346 0.9825549 -0.1855983 -0.002325534 0.9826231 -0.1861288 0.007259368 0.9824985 -0.1856426 -0.001174986 0.9826166 -0.1895009 0.06041061 0.9800204 -0.9025164 -0.002834081 0.4306464 -0.8321036 -0.001969993 -0.5546168 -0.5719399 -0.003673553 -0.8202874 0.01719617 0.004053473 -0.999844 0.2424457 0.001102328 0.9701644 0.1329606 -0.002261579 0.9911188 0.2745012 0.001232445 0.961586 0.3755875 -9.98285e-4 0.9267864 0.4136742 0.003873646 0.9104167 0.3905913 0.003738999 0.9205566 0.618555 0.001341938 0.7857404 0.587061 -0.003453254 0.8095355 0.9133906 0.009238958 0.4069794 0.78353 4.59402e-4 0.6213538 0.7845929 5.53872e-4 0.620011 0.7033505 0.006352722 0.7108149 0.6884637 0.006296336 0.7252435 0.8823921 0.009024441 0.4704285 0.9227411 0.001063883 0.385419 0.9586114 0.006067156 0.2846531 0.9926822 0.005311965 0.1206398 0.9909703 0.006936788 0.1339021 0.99998 0.006314337 4.238e-4 0.9770532 0.009388387 -0.2127885 0.9767966 0.009360969 -0.2139646 0.9926956 0.001128792 -0.1206414 0.9999802 0.006312608 0 0.99998 0.006327807 0 0.9284958 0.004201829 -0.3713192 0.9227377 0.002792477 -0.3854187 0.8632848 0.009161472 -0.5046341 0.7845805 5.31859e-4 -0.6200268 0.7759034 -0.001161813 -0.6308509 0.8579455 0.009120166 -0.51366 0.6185683 4.14621e-4 -0.785731 0.6370463 0.003032326 -0.7708197 0.625637 0.00300002 -0.7801086 0.304096 0.002250969 -0.9526388 0.3449426 0.002339005 -0.938621 0.3755679 -0.001053452 -0.9267943 0.514186 0.003888249 -0.8576699 0.4859964 0.003691673 -0.873953 0.1329041 0.004400432 -0.9911192 0.01104164 -0.01277744 -0.9998574 0.1899219 -1.0921e-4 -0.9817993 -0.3839021 -0.002304434 -0.923371 -0.4403973 -0.01153314 -0.897729 -0.3257571 0.001136004 -0.9454529 -0.1329678 0.001902222 -0.9911186 -0.3272547 -0.02667808 -0.9445596 -0.1538245 -0.006295204 -0.9880781 -0.7962635 -0.001731634 -0.6049476 -0.831639 -0.01077908 -0.5552122 -0.7335355 -0.002336204 -0.6796472 -0.6069548 -0.001802921 -0.7947345 -0.9930266 -0.1178904 0 -0.6113565 -0.004262983 -0.7913439 -0.999994 -0.003467679 0 -0.9894712 -0.005118012 -0.1446396 -0.9979292 -0.01637536 -0.06220257 -0.9637486 2.74206e-4 -0.266812 -0.9227284 3.96723e-4 -0.3854506 -0.9790961 -0.02788013 -0.2014786 -0.9235042 -0.009843766 -0.383462 -0.9931228 -0.003567576 0.1170228 -0.9894607 -0.006800532 0.1446427 -0.962414 -0.003295719 0.2715671 -0.922742 -0.003009676 0.3854065 -0.9043748 -0.009477853 0.4266339 -0.9733147 -0.003361999 0.2294502 -0.8299507 -0.004949212 0.5578148 -0.7961866 -0.008932054 0.6049852 -0.7242299 -6.02235e-4 0.6895584 -0.709828 -5.35136e-4 0.7043749 -0.6069062 -0.008022785 0.7947331 -0.5896447 -0.006016433 0.8076404 -0.3838527 -0.005684554 0.9233769 -0.4445644 6.20819e-4 0.8957468 -0.4197659 7.09997e-4 0.9076322 0.1083559 3.65672e-4 0.9941121 -0.1175943 -3.87202e-4 0.9930617 -0.1329569 -0.002454221 0.9911188 -0.3435035 -8.48063e-4 0.939151 -0.2798393 -6.31157e-4 0.9600467 -0.3711478 -0.003824949 0.928566 -0.1329422 -7.87064e-4 0.9911236 -0.2413787 0.01423358 0.9703267 -0.3755178 -0.003853619 0.9268072 -0.4138562 0.001942396 0.9103403 -0.2745655 -0.001252293 0.9615676 -0.7845477 -0.006395876 0.6200357 -0.8761698 0.01737165 0.4816896 -0.8135275 0.004917323 0.5815058 -0.6691775 -0.00675255 0.743072 -0.6187013 -0.006523072 0.7855992 -0.6884014 0.006270885 0.7253029 -0.5917854 -0.001481294 0.8060942 -0.9331011 -0.006623923 -0.3595535 -0.9926595 -0.002442598 0.1209189 -0.9910066 -0.004243969 0.1337468 -0.8319211 -0.005783736 0.5548641 -0.9227105 -0.006453156 0.3854398 -0.9591364 0.00911647 0.2827975 -0.8966947 -0.006949841 0.4425951 -0.9926059 -0.01063734 -0.1209148 -0.9770196 0.003229498 -0.2131254 -0.999975 -0.007084846 5.36587e-5 -0.922755 1.48242e-4 -0.3853871 -0.9293383 -0.001458883 -0.3692265 -0.9939815 -0.0105558 -0.1090384 -0.6249203 -0.003287613 -0.7806818 -0.7759033 -7.66123e-4 -0.6308515 -0.7845544 1.45584e-4 -0.62006 -0.8584995 -0.01010656 -0.5127149 -0.8360714 -0.009976387 -0.5485301 -0.6374613 -0.003298819 -0.7704754 -0.6187079 -4.91544e-4 -0.7856211 -0.4870699 -0.003941595 -0.8733541 -0.5148638 -0.004131376 -0.8572621 -0.3754659 0.001135468 -0.9268355 -0.3452842 -0.002424418 -0.9384951 -0.3052486 -0.002320289 -0.9522699 -0.1329665 0.001317322 -0.9911198 -0.1890703 0.008060216 -0.9819305 0.2967548 -0.001214504 -0.954953 0.1647384 0.002492964 -0.9863342 0.1329591 0.004951655 -0.9911093 -0.01800608 -0.004055142 -0.9998298 -0.01000243 -0.004025042 -0.9999419 0.3223903 -0.001120328 -0.9466062 0.3839509 0.005257785 -0.9233387 0.4474003 0.002664506 -0.89433 0.5733492 0.003467798 -0.8193039 0.6068031 0.004028856 -0.7948419 0.6087363 0.003755152 -0.7933637 0.7962176 0.006853878 -0.6049717 0.7684017 0.004732191 -0.6399503 0.624627 0.003765106 -0.7809143 0.9648385 0.002771794 -0.2628291 0.9241768 0.008536338 -0.3818696 0.9225897 0.009006679 -0.3856777 0.828863 0.001761913 -0.5594489 0.8321652 0.001774728 -0.554525 0.9743025 0.002898693 -0.2252247 0.9894862 0.008739292 -0.1443635 0.9980171 0.003767251 -0.06283104 0.9895063 0.006098508 0.1443614 0.9930917 0.003114879 0.1173002 0.9999949 0.003193914 -9.67594e-5 0.9226045 0.007318913 0.3856778 0.9733567 0.002998292 0.2292766 0.962903 0.002927482 0.269832 0.7962341 9.93317e-4 0.6049878 0.7270069 0.01463276 0.6864743 0.8283199 0.004531741 0.5602372 0.9036942 0.002584934 0.4281708 0.9045134 0.002589583 0.4264373 0.606755 0.006392598 0.7948634 0.5904263 0.008541643 0.8070464 0.7102478 4.92983e-4 0.7039517 0.3839551 0.005488336 0.9233355 0.4444602 -6.18212e-4 0.8957985 0.4196657 -7.23326e-4 0.9076784 -0.1084998 -3.58641e-4 0.9940965 0.1176645 3.93588e-4 0.9930534 0.1329455 0.002384126 0.9911206 0.3451396 8.25835e-4 0.938551 0.2800267 5.9338e-4 0.9599921</float_array>
          <technique_common>
            <accessor source="#Shape_IndexedFaceSet_060-mesh-normals-array" count="1486" stride="3">
              <param name="X" type="float"/>
              <param name="Y" type="float"/>
              <param name="Z" type="float"/>
            </accessor>
          </technique_common>
        </source>
        <vertices id="Shape_IndexedFaceSet_060-mesh-vertices">
          <input semantic="POSITION" source="#Shape_IndexedFaceSet_060-mesh-positions"/>
        </vertices>
        <triangles material="Shape_009_001-material" count="1604">
          <input semantic="VERTEX" source="#Shape_IndexedFaceSet_060-mesh-vertices" offset="0"/>
          <input semantic="NORMAL" source="#Shape_IndexedFaceSet_060-mesh-normals" offset="1"/>
          <p>270 0 271 0 265 0 268 1 273 1 272 1 270 2 264 2 275 2 275 3 264 3 274 3 275 4 274 4 284 4 284 5 274 5 283 5 284 6 283 6 289 6 289 7 283 7 288 7 289 8 288 8 286 8 286 8 288 8 285 8 286 9 285 9 278 9 278 10 285 10 277 10 278 11 277 11 272 11 272 12 277 12 267 12 272 13 267 13 268 13 268 14 267 14 258 14 268 15 258 15 259 15 259 16 258 16 236 16 259 17 236 17 237 17 237 18 236 18 225 18 237 19 225 19 226 19 226 20 225 20 210 20 226 21 210 21 211 21 211 22 210 22 189 22 211 23 189 23 190 23 190 24 189 24 173 24 190 25 173 25 174 25 164 26 157 26 158 26 158 27 160 27 164 27 164 28 160 28 165 28 164 29 165 29 173 29 173 30 165 30 169 30 173 31 169 31 174 31 155 32 153 32 150 32 150 33 153 33 151 33 150 34 151 34 157 34 157 35 151 35 154 35 157 36 154 36 158 36 162 37 159 37 155 37 155 38 159 38 156 38 155 39 156 39 153 39 270 40 265 40 264 40 264 41 265 41 255 41 264 42 255 42 254 42 254 43 255 43 234 43 254 44 234 44 233 44 233 45 234 45 222 45 233 46 222 46 221 46 221 47 222 47 208 47 221 48 208 48 207 48 207 49 208 49 186 49 207 50 186 50 185 50 185 51 186 51 172 51 185 52 172 52 171 52 171 53 172 53 168 53 171 54 168 54 162 54 162 55 168 55 163 55 162 56 163 56 159 56 611 57 609 57 592 57 592 58 609 58 597 58 592 59 597 59 534 59 327 57 564 57 326 57 326 57 564 57 328 57 627 57 639 57 620 57 620 57 617 57 627 57 627 60 617 60 615 60 627 57 615 57 611 57 611 61 615 61 613 61 611 62 613 62 609 62 356 57 358 57 565 57 342 57 346 57 564 57 573 63 567 63 375 63 565 64 363 64 365 64 342 57 564 57 341 57 616 65 637 65 614 65 614 66 637 66 612 66 597 57 584 57 534 57 534 57 584 57 578 57 534 57 578 57 463 57 463 67 578 67 576 67 463 68 576 68 433 68 433 57 576 57 573 57 433 57 573 57 379 57 379 69 573 69 375 69 358 57 360 57 565 57 565 70 360 70 361 70 565 71 361 71 363 71 365 57 367 57 565 57 565 72 367 72 370 72 565 57 370 57 567 57 567 73 370 73 373 73 567 74 373 74 375 74 346 57 349 57 564 57 564 75 349 75 350 75 564 76 350 76 565 76 565 77 350 77 352 77 565 78 352 78 356 78 723 57 729 57 763 57 564 79 347 79 345 79 345 57 344 57 564 57 564 80 344 80 340 80 564 81 340 81 339 81 339 57 336 57 564 57 564 57 336 57 335 57 564 57 335 57 333 57 333 82 330 82 564 82 564 83 330 83 329 83 564 84 329 84 328 84 368 85 366 85 566 85 566 86 366 86 364 86 364 87 362 87 566 87 566 88 362 88 359 88 566 89 359 89 357 89 723 90 763 90 721 90 663 57 669 57 635 57 327 91 331 91 564 91 564 92 331 92 332 92 564 93 332 93 334 93 334 94 337 94 564 94 564 95 337 95 338 95 564 96 338 96 341 96 357 57 355 57 566 57 566 97 355 97 354 97 566 57 354 57 564 57 564 57 354 57 351 57 564 57 351 57 347 57 378 57 570 57 381 57 381 98 570 98 574 98 381 57 574 57 407 57 407 57 574 57 449 57 574 99 577 99 449 99 449 57 577 57 581 57 449 57 581 57 562 57 562 100 581 100 585 100 562 57 585 57 563 57 563 101 585 101 598 101 563 57 598 57 612 57 612 102 598 102 610 102 612 103 610 103 614 103 725 90 710 90 728 90 728 104 710 104 735 104 725 57 717 57 710 57 710 105 717 105 712 105 710 106 712 106 705 106 705 107 712 107 707 107 705 57 707 57 703 57 378 57 374 57 570 57 570 108 374 108 372 108 570 109 372 109 566 109 566 110 372 110 369 110 566 111 369 111 368 111 772 90 776 90 775 90 760 90 762 90 763 90 763 112 762 112 768 112 763 113 768 113 766 113 766 90 768 90 771 90 721 57 763 57 710 57 710 114 763 114 758 114 710 115 758 115 757 115 616 57 618 57 637 57 637 116 618 116 621 116 637 57 621 57 644 57 667 57 661 57 635 57 663 57 635 57 657 57 657 117 635 117 633 117 657 57 633 57 651 57 729 90 730 90 763 90 763 118 730 118 738 118 763 90 738 90 741 90 757 119 747 119 710 119 710 120 747 120 737 120 710 121 737 121 735 121 621 57 623 57 644 57 644 122 623 122 625 122 644 123 625 123 646 123 646 124 625 124 629 124 646 125 629 125 647 125 647 126 629 126 631 126 647 127 631 127 652 127 652 57 631 57 634 57 652 128 634 128 635 128 695 57 692 57 635 57 635 129 692 129 689 129 661 130 659 130 635 130 635 131 659 131 658 131 635 132 658 132 652 132 651 57 633 57 649 57 649 57 633 57 630 57 649 57 630 57 645 57 645 133 630 133 628 133 645 134 628 134 641 134 641 57 628 57 624 57 641 57 624 57 639 57 639 135 624 135 622 135 639 57 622 57 620 57 741 136 749 136 763 136 763 137 749 137 755 137 763 138 755 138 760 138 774 139 771 139 775 139 775 57 771 57 768 57 775 140 768 140 772 140 772 90 768 90 770 90 695 57 635 57 696 57 696 57 635 57 707 57 696 141 707 141 701 141 689 57 688 57 635 57 635 142 688 142 687 142 635 57 687 57 682 57 682 57 681 57 635 57 635 143 681 143 680 143 635 144 680 144 676 144 669 145 677 145 635 145 635 146 677 146 686 146 635 147 686 147 707 147 707 57 686 57 698 57 707 148 698 148 703 148 676 57 672 57 635 57 635 149 672 149 670 149 635 150 670 150 667 150 95 151 142 151 135 151 687 152 688 152 684 152 734 113 735 113 737 113 754 113 755 113 749 113 754 153 753 153 767 153 49 154 51 154 80 154 67 155 72 155 95 155 86 156 88 156 182 156 177 157 247 157 377 157 654 158 655 158 660 158 17 159 16 159 104 159 13 160 12 160 102 160 102 161 12 161 10 161 102 162 10 162 100 162 60 163 28 163 57 163 57 164 28 164 25 164 57 165 25 165 54 165 54 166 25 166 24 166 54 167 24 167 21 167 64 168 33 168 60 168 60 169 33 169 31 169 60 170 31 170 28 170 76 171 43 171 73 171 73 172 43 172 40 172 73 173 40 173 70 173 70 174 40 174 39 174 70 175 39 175 68 175 68 176 39 176 37 176 68 177 37 177 34 177 78 178 47 178 76 178 76 179 47 179 46 179 76 180 46 180 43 180 85 181 50 181 78 181 78 182 50 182 48 182 78 183 48 183 47 183 65 184 61 184 85 184 61 185 55 185 85 185 85 186 55 186 52 186 85 187 52 187 50 187 93 188 91 188 205 188 205 189 91 189 84 189 205 190 84 190 166 190 166 191 84 191 83 191 166 192 83 192 145 192 145 193 83 193 77 193 145 194 77 194 90 194 90 195 77 195 75 195 262 196 121 196 114 196 121 197 262 197 132 197 132 198 262 198 314 198 132 199 314 199 136 199 136 200 314 200 147 200 147 201 314 201 353 201 147 202 353 202 180 202 180 203 353 203 227 203 227 204 353 204 380 204 227 205 380 205 266 205 266 206 380 206 311 206 311 207 380 207 575 207 311 208 575 208 321 208 321 209 575 209 322 209 322 210 575 210 632 210 322 211 632 211 376 211 640 212 556 212 555 212 551 213 547 213 650 213 547 214 543 214 650 214 650 215 543 215 531 215 650 216 531 216 527 216 527 217 521 217 650 217 650 218 521 218 515 218 650 219 515 219 507 219 507 220 505 220 650 220 650 221 505 221 501 221 650 222 501 222 491 222 491 223 489 223 650 223 650 224 489 224 483 224 650 225 483 225 632 225 402 226 405 226 376 226 483 227 473 227 632 227 632 228 473 228 464 228 632 229 464 229 459 229 459 230 451 230 632 230 632 231 451 231 446 231 632 232 446 232 440 232 440 233 434 233 632 233 632 234 434 234 431 234 632 235 431 235 421 235 421 236 417 236 632 236 632 237 417 237 414 237 632 238 414 238 403 238 389 239 390 239 376 239 376 240 390 240 401 240 376 241 401 241 402 241 403 242 400 242 632 242 632 243 400 243 398 243 632 244 398 244 376 244 376 245 398 245 388 245 376 246 388 246 389 246 405 247 415 247 376 247 376 248 415 248 420 248 376 249 420 249 427 249 427 250 430 250 376 250 376 251 430 251 437 251 376 252 437 252 445 252 445 253 448 253 376 253 376 254 448 254 460 254 376 255 460 255 416 255 416 256 460 256 462 256 416 257 462 257 466 257 488 258 493 258 626 258 466 259 474 259 416 259 416 260 474 260 477 260 416 261 477 261 626 261 626 262 477 262 480 262 626 263 480 263 488 263 517 264 520 264 640 264 493 265 502 265 626 265 626 266 502 266 504 266 626 267 504 267 640 267 640 268 504 268 516 268 640 269 516 269 517 269 520 270 530 270 640 270 640 271 530 271 533 271 640 272 533 272 538 272 538 273 546 273 640 273 640 274 546 274 554 274 640 275 554 275 556 275 555 276 551 276 640 276 640 277 551 277 650 277 640 278 650 278 643 278 643 279 650 279 662 279 643 280 662 280 653 280 674 281 664 281 662 281 662 282 664 282 656 282 662 283 656 283 653 283 684 284 673 284 674 284 674 285 673 285 668 285 674 286 668 286 664 286 693 287 683 287 684 287 684 288 683 288 679 288 684 289 679 289 673 289 702 290 699 290 693 290 702 291 693 291 715 291 699 292 691 292 693 292 693 293 691 293 690 293 693 294 690 294 683 294 726 295 720 295 722 295 722 296 720 296 715 296 722 297 715 297 716 297 716 298 715 298 693 298 739 299 742 299 736 299 786 300 782 300 773 300 773 301 782 301 769 301 773 302 769 302 761 302 761 303 769 303 759 303 761 304 759 304 746 304 746 305 759 305 750 305 746 306 750 306 742 306 780 307 790 307 789 307 790 308 780 308 795 308 785 309 791 309 788 309 788 310 791 310 792 310 797 311 787 311 794 311 794 312 787 312 788 312 794 313 788 313 793 313 793 314 788 314 792 314 779 315 783 315 778 315 778 316 783 316 791 316 778 317 791 317 781 317 781 318 791 318 785 318 767 319 777 319 779 319 777 320 767 320 752 320 752 321 767 321 753 321 752 113 753 113 751 113 751 113 748 113 745 113 745 322 748 322 740 322 745 323 740 323 732 323 732 324 740 324 724 324 724 325 740 325 727 325 724 326 727 326 719 326 718 327 714 327 706 327 706 328 708 328 718 328 718 329 708 329 709 329 718 330 709 330 713 330 714 331 711 331 706 331 706 332 711 332 704 332 706 333 704 333 700 333 700 334 704 334 697 334 700 335 697 335 694 335 694 336 697 336 685 336 685 337 697 337 678 337 685 338 678 338 675 338 671 339 665 339 666 339 391 340 395 340 619 340 371 341 382 341 383 341 391 342 619 342 387 342 395 343 406 343 619 343 619 344 406 344 411 344 619 345 411 345 418 345 418 346 424 346 619 346 619 347 424 347 432 347 619 348 432 348 435 348 435 349 439 349 619 349 619 350 439 350 450 350 619 351 450 351 452 351 452 352 458 352 619 352 619 353 458 353 468 353 619 354 468 354 648 354 648 355 468 355 478 355 648 356 478 356 482 356 482 357 490 357 648 357 648 358 490 358 494 358 648 359 494 359 500 359 500 360 506 360 648 360 648 361 506 361 508 361 648 362 508 362 518 362 518 363 522 363 648 363 648 364 522 364 524 364 648 365 524 365 535 365 540 366 550 366 638 366 540 367 638 367 539 367 535 368 539 368 648 368 648 369 539 369 638 369 648 370 638 370 660 370 660 371 638 371 642 371 660 372 642 372 654 372 550 373 549 373 638 373 638 374 549 374 548 374 638 375 548 375 537 375 537 376 536 376 638 376 638 377 536 377 532 377 638 378 532 378 523 378 523 379 519 379 638 379 638 380 519 380 512 380 638 381 512 381 636 381 512 382 509 382 636 382 636 383 509 383 503 383 636 384 503 384 495 384 479 385 475 385 481 385 481 386 475 386 636 386 481 387 636 387 492 387 492 388 636 388 495 388 479 389 476 389 475 389 475 390 476 390 467 390 475 391 467 391 465 391 438 392 436 392 371 392 465 393 461 393 475 393 475 394 461 394 453 394 475 395 453 395 371 395 371 396 453 396 447 396 371 397 447 397 438 397 436 398 423 398 371 398 371 399 423 399 422 399 371 400 422 400 419 400 419 401 408 401 371 401 371 402 408 402 404 402 371 403 404 403 399 403 399 404 392 404 371 404 371 405 392 405 384 405 371 406 384 406 382 406 383 407 387 407 371 407 371 408 387 408 619 408 371 409 619 409 348 409 348 410 619 410 557 410 348 411 557 411 317 411 317 412 557 412 287 412 377 413 247 413 557 413 557 414 247 414 253 414 557 415 253 415 287 415 167 416 343 416 139 416 139 417 343 417 307 417 246 418 127 418 307 418 307 419 127 419 134 419 307 420 134 420 139 420 88 421 89 421 182 421 182 422 89 422 109 422 182 423 109 423 246 423 246 424 109 424 115 424 246 425 115 425 127 425 142 426 95 426 152 426 72 427 79 427 95 427 95 428 79 428 81 428 95 429 81 429 152 429 53 430 58 430 87 430 87 431 58 431 63 431 87 432 63 432 67 432 82 433 51 433 53 433 45 434 49 434 74 434 45 435 74 435 44 435 44 436 74 436 71 436 44 437 71 437 42 437 42 438 71 438 41 438 41 439 71 439 69 439 41 440 69 440 38 440 38 441 69 441 66 441 38 442 66 442 36 442 36 443 66 443 35 443 35 444 66 444 62 444 35 445 62 445 32 445 32 446 62 446 30 446 30 447 62 447 59 447 30 448 59 448 29 448 29 449 59 449 27 449 27 450 59 450 56 450 27 451 56 451 26 451 105 452 19 452 107 452 107 453 19 453 22 453 107 454 22 454 56 454 56 455 22 455 23 455 56 456 23 456 26 456 11 457 14 457 103 457 103 458 14 458 15 458 103 459 15 459 105 459 105 460 15 460 18 460 105 461 18 461 19 461 7 462 9 462 101 462 101 463 9 463 11 463 6 464 99 464 4 464 4 465 99 465 97 465 4 466 97 466 2 466 2 467 97 467 0 467 0 468 97 468 96 468 0 469 96 469 1 469 10 470 8 470 100 470 100 471 8 471 5 471 100 472 5 472 98 472 98 473 5 473 3 473 328 474 98 474 96 474 96 475 98 475 3 475 96 476 3 476 1 476 11 477 103 477 101 477 101 478 103 478 338 478 101 479 338 479 337 479 337 480 334 480 101 480 101 481 334 481 99 481 101 482 99 482 7 482 7 483 99 483 6 483 334 484 332 484 99 484 99 485 332 485 331 485 99 486 331 486 97 486 97 487 331 487 327 487 97 488 327 488 96 488 96 489 327 489 326 489 96 490 326 490 328 490 178 491 346 491 175 491 175 492 346 492 342 492 175 493 342 493 341 493 218 494 363 494 214 494 214 495 363 495 361 495 214 496 361 496 206 496 370 497 367 497 310 497 365 498 363 498 308 498 308 499 363 499 218 499 308 500 218 500 220 500 220 501 218 501 143 501 220 502 143 502 146 502 146 503 143 503 129 503 146 504 129 504 131 504 361 505 360 505 206 505 206 506 360 506 358 506 206 507 358 507 201 507 201 508 358 508 356 508 201 509 356 509 195 509 195 510 356 510 352 510 195 511 352 511 181 511 181 512 352 512 350 512 181 513 350 513 178 513 178 514 350 514 349 514 178 515 349 515 346 515 294 516 325 516 269 516 269 517 325 517 320 517 269 518 320 518 261 518 261 519 320 519 316 519 261 520 316 520 239 520 239 521 316 521 313 521 313 522 231 522 239 522 239 523 231 523 149 523 239 524 149 524 261 524 261 525 149 525 135 525 261 526 135 526 269 526 269 527 135 527 142 527 269 528 142 528 294 528 294 529 142 529 152 529 294 530 152 530 319 530 325 531 375 531 320 531 320 532 375 532 373 532 320 533 373 533 316 533 316 534 373 534 370 534 316 535 370 535 313 535 313 536 370 536 310 536 313 537 310 537 231 537 81 538 86 538 152 538 152 539 86 539 182 539 152 540 182 540 319 540 319 541 182 541 246 541 319 542 246 542 592 542 592 543 534 543 319 543 319 544 534 544 463 544 319 545 463 545 294 545 294 546 463 546 433 546 294 547 433 547 325 547 325 548 433 548 379 548 325 549 379 549 375 549 686 550 671 550 678 550 678 551 671 551 666 551 678 552 666 552 675 552 686 553 677 553 671 553 671 554 677 554 660 554 671 555 660 555 665 555 665 556 660 556 655 556 677 557 669 557 660 557 660 558 669 558 663 558 660 559 663 559 648 559 648 560 663 560 657 560 648 561 657 561 619 561 167 562 177 562 343 562 343 563 177 563 377 563 343 564 377 564 645 564 645 565 377 565 557 565 645 566 557 566 649 566 649 567 557 567 619 567 649 568 619 568 651 568 651 569 619 569 657 569 645 570 641 570 343 570 343 571 641 571 639 571 343 572 639 572 307 572 307 573 639 573 627 573 307 574 627 574 246 574 246 575 627 575 611 575 246 576 611 576 592 576 731 577 738 577 730 577 731 578 730 578 718 578 718 90 730 90 729 90 718 579 729 579 714 579 714 580 729 580 723 580 714 581 723 581 711 581 711 582 723 582 721 582 711 583 721 583 704 583 713 584 719 584 718 584 718 585 719 585 727 585 718 586 727 586 731 586 731 587 727 587 740 587 731 113 740 113 743 113 743 588 740 588 748 588 768 113 762 113 764 113 768 589 764 589 778 589 755 590 754 590 760 590 779 591 778 591 767 591 767 592 778 592 764 592 767 593 764 593 754 593 754 594 764 594 762 594 754 595 762 595 760 595 746 596 756 596 761 596 761 597 756 597 765 597 761 598 765 598 773 598 773 599 765 599 780 599 773 600 780 600 786 600 786 601 780 601 789 601 797 602 796 602 787 602 787 603 796 603 795 603 787 604 795 604 784 604 784 605 795 605 780 605 784 606 780 606 763 606 763 607 780 607 765 607 763 113 765 113 758 113 736 608 726 608 733 608 733 609 726 609 722 609 733 610 722 610 734 610 736 113 733 113 739 113 739 113 733 113 734 113 739 113 734 113 744 113 744 113 734 113 737 113 744 611 737 611 747 611 742 612 739 612 746 612 746 613 739 613 744 613 746 614 744 614 756 614 756 615 744 615 747 615 756 616 747 616 765 616 765 617 747 617 757 617 765 618 757 618 758 618 763 619 766 619 784 619 784 620 766 620 771 620 784 621 771 621 787 621 787 622 771 622 774 622 787 623 774 623 788 623 788 624 774 624 775 624 788 625 775 625 785 625 785 626 775 626 776 626 785 627 776 627 781 627 781 628 776 628 772 628 781 629 772 629 778 629 778 630 772 630 770 630 778 90 770 90 768 90 751 113 753 113 748 113 748 113 753 113 754 113 748 631 754 631 743 631 743 632 754 632 749 632 743 633 749 633 731 633 731 634 749 634 741 634 731 90 741 90 738 90 707 635 712 635 716 635 716 636 712 636 717 636 716 637 717 637 722 637 722 638 717 638 725 638 722 639 725 639 734 639 734 90 725 90 728 90 734 640 728 640 735 640 692 641 695 641 693 641 693 642 695 642 696 642 693 643 696 643 716 643 716 644 696 644 701 644 716 645 701 645 707 645 684 646 688 646 693 646 693 647 688 647 689 647 693 648 689 648 692 648 676 649 680 649 674 649 674 650 680 650 681 650 674 651 681 651 684 651 684 652 681 652 682 652 684 653 682 653 687 653 661 654 667 654 662 654 662 655 667 655 670 655 662 656 670 656 674 656 674 657 670 657 672 657 674 658 672 658 676 658 381 659 407 659 300 659 309 660 312 660 228 660 228 661 312 661 315 661 228 662 315 662 238 662 238 663 315 663 318 663 238 664 318 664 252 664 252 665 318 665 324 665 252 666 324 666 263 666 263 667 324 667 276 667 276 668 137 668 263 668 263 669 137 669 161 669 263 670 161 670 252 670 252 671 161 671 148 671 252 672 148 672 238 672 238 673 148 673 144 673 238 674 144 674 228 674 228 675 144 675 141 675 306 676 219 676 301 676 301 677 219 677 215 677 301 678 215 678 299 678 299 679 215 679 213 679 299 680 213 680 204 680 104 681 170 681 106 681 106 682 170 682 176 682 106 683 176 683 108 683 108 684 176 684 179 684 108 685 179 685 111 685 111 686 179 686 183 686 111 687 183 687 113 687 113 688 183 688 198 688 113 689 198 689 117 689 117 690 198 690 204 690 117 691 204 691 138 691 138 692 204 692 213 692 138 693 213 693 140 693 140 694 213 694 215 694 140 695 215 695 141 695 141 696 215 696 219 696 141 697 219 697 228 697 228 698 219 698 306 698 228 699 306 699 309 699 16 700 13 700 104 700 104 701 13 701 102 701 104 702 102 702 170 702 170 703 102 703 336 703 336 704 339 704 170 704 170 705 339 705 340 705 170 706 340 706 176 706 176 707 340 707 344 707 176 708 344 708 179 708 344 709 345 709 179 709 179 710 345 710 347 710 179 711 347 711 183 711 183 712 347 712 351 712 183 713 351 713 198 713 198 714 351 714 354 714 198 715 354 715 204 715 354 716 355 716 204 716 204 717 355 717 357 717 204 718 357 718 299 718 299 719 357 719 359 719 299 720 359 720 301 720 301 721 359 721 362 721 301 722 362 722 306 722 306 723 362 723 364 723 306 724 364 724 309 724 309 725 364 725 366 725 309 726 366 726 312 726 312 727 366 727 368 727 312 728 368 728 315 728 315 729 368 729 369 729 369 730 372 730 315 730 315 731 372 731 374 731 315 732 374 732 318 732 318 733 374 733 378 733 318 734 378 734 324 734 324 735 378 735 381 735 324 736 381 736 276 736 276 737 381 737 300 737 276 738 300 738 137 738 90 739 137 739 145 739 145 740 137 740 300 740 145 741 300 741 166 741 166 742 300 742 323 742 166 743 323 743 205 743 205 744 323 744 262 744 205 745 262 745 93 745 93 746 262 746 114 746 407 747 449 747 300 747 300 748 449 748 562 748 300 749 562 749 323 749 323 750 562 750 563 750 323 751 563 751 262 751 262 752 563 752 612 752 262 753 612 753 314 753 314 754 612 754 637 754 314 755 637 755 353 755 353 756 637 756 644 756 353 757 644 757 380 757 380 758 644 758 646 758 380 759 646 759 575 759 575 760 646 760 647 760 575 761 647 761 632 761 632 762 647 762 652 762 632 763 652 763 650 763 650 764 652 764 658 764 650 765 658 765 662 765 662 766 658 766 659 766 662 767 659 767 661 767 117 768 64 768 113 768 113 769 64 769 60 769 113 770 60 770 111 770 111 771 60 771 57 771 111 772 57 772 108 772 108 773 57 773 54 773 108 774 54 774 106 774 106 775 54 775 21 775 106 776 21 776 104 776 104 777 21 777 20 777 104 778 20 778 17 778 68 779 119 779 70 779 70 780 119 780 122 780 70 781 122 781 73 781 73 782 122 782 124 782 73 783 124 783 76 783 76 784 124 784 126 784 76 785 126 785 78 785 78 786 126 786 128 786 78 787 128 787 85 787 85 788 128 788 130 788 85 789 130 789 133 789 75 790 65 790 90 790 90 791 65 791 85 791 90 792 85 792 137 792 137 793 85 793 133 793 137 794 133 794 161 794 161 795 133 795 130 795 161 796 130 796 148 796 148 797 130 797 128 797 148 798 128 798 144 798 144 799 128 799 126 799 144 800 126 800 141 800 141 801 126 801 124 801 141 802 124 802 140 802 140 803 124 803 122 803 140 804 122 804 138 804 138 805 122 805 119 805 138 806 119 806 117 806 117 807 119 807 68 807 117 808 68 808 64 808 64 809 68 809 34 809 64 810 34 810 33 810 51 811 82 811 80 811 80 812 82 812 94 812 80 813 94 813 92 813 92 814 94 814 125 814 92 815 125 815 123 815 49 816 80 816 74 816 74 817 80 817 92 817 74 818 92 818 71 818 71 819 92 819 123 819 71 820 123 820 69 820 69 821 123 821 120 821 69 822 120 822 66 822 66 823 120 823 118 823 66 824 118 824 62 824 62 825 118 825 116 825 62 826 116 826 59 826 59 827 116 827 112 827 59 828 112 828 56 828 56 829 112 829 110 829 56 830 110 830 107 830 67 831 95 831 87 831 87 832 95 832 135 832 87 833 135 833 131 833 131 834 135 834 149 834 131 835 149 835 146 835 146 836 149 836 231 836 146 837 231 837 220 837 220 838 231 838 310 838 220 839 310 839 308 839 308 840 310 840 367 840 308 841 367 841 365 841 53 842 87 842 82 842 82 843 87 843 131 843 82 844 131 844 94 844 94 845 131 845 129 845 94 846 129 846 125 846 125 847 129 847 143 847 125 848 143 848 123 848 123 849 143 849 218 849 123 850 218 850 120 850 120 851 218 851 214 851 120 852 214 852 118 852 118 853 214 853 206 853 118 854 206 854 116 854 116 855 206 855 201 855 116 856 201 856 112 856 112 857 201 857 195 857 112 858 195 858 110 858 110 859 195 859 181 859 110 860 181 860 107 860 107 861 181 861 178 861 107 862 178 862 105 862 105 863 178 863 175 863 105 864 175 864 103 864 103 865 175 865 341 865 103 866 341 866 338 866 328 867 329 867 98 867 98 868 329 868 330 868 98 869 330 869 100 869 100 870 330 870 333 870 100 871 333 871 102 871 102 872 333 872 335 872 102 873 335 873 336 873 721 874 710 874 704 874 704 875 710 875 705 875 704 876 705 876 697 876 697 877 705 877 703 877 697 878 703 878 678 878 678 879 703 879 698 879 678 880 698 880 686 880 283 881 256 881 288 881 288 882 256 882 260 882 288 883 260 883 285 883 260 884 257 884 285 884 285 885 257 885 251 885 285 90 251 90 277 90 157 886 188 886 150 886 150 887 188 887 184 887 150 888 184 888 155 888 274 889 248 889 283 889 283 890 248 890 250 890 283 90 250 90 256 90 184 891 187 891 155 891 155 892 187 892 191 892 155 90 191 90 162 90 251 893 249 893 277 893 277 894 249 894 245 894 277 90 245 90 267 90 164 895 194 895 157 895 157 896 194 896 192 896 157 90 192 90 188 90 264 897 242 897 274 897 274 898 242 898 244 898 274 899 244 899 248 899 245 90 243 90 267 90 267 90 243 90 241 90 267 90 241 90 258 90 258 900 241 900 235 900 258 90 235 90 236 90 236 901 235 901 230 901 236 902 230 902 225 902 225 903 230 903 224 903 225 90 224 90 210 90 210 904 224 904 217 904 210 905 217 905 189 905 189 906 217 906 212 906 189 90 212 90 173 90 191 907 193 907 162 907 162 908 193 908 196 908 162 90 196 90 171 90 212 90 203 90 173 90 173 909 203 909 200 909 173 910 200 910 164 910 164 911 200 911 197 911 164 912 197 912 194 912 196 90 199 90 171 90 171 90 199 90 202 90 171 90 202 90 185 90 185 913 202 913 209 913 185 90 209 90 207 90 207 914 209 914 216 914 207 915 216 915 221 915 221 916 216 916 223 916 221 90 223 90 233 90 233 917 223 917 229 917 233 918 229 918 254 918 254 919 229 919 232 919 254 90 232 90 264 90 264 90 232 90 240 90 264 920 240 920 242 920 241 921 621 921 618 921 241 922 618 922 235 922 235 923 618 923 616 923 235 924 616 924 230 924 230 925 616 925 614 925 230 926 614 926 224 926 224 927 614 927 610 927 224 928 610 928 217 928 217 929 610 929 598 929 217 930 598 930 212 930 212 931 598 931 585 931 212 932 585 932 203 932 203 933 585 933 200 933 200 934 585 934 581 934 200 935 581 935 197 935 197 936 581 936 577 936 197 937 577 937 194 937 194 938 577 938 574 938 194 939 574 939 192 939 192 940 574 940 570 940 192 941 570 941 188 941 188 942 570 942 566 942 188 943 566 943 184 943 184 944 566 944 564 944 184 945 564 945 187 945 187 946 564 946 565 946 187 947 565 947 191 947 191 948 565 948 567 948 191 949 567 949 193 949 193 950 567 950 573 950 193 951 573 951 196 951 196 952 573 952 576 952 196 953 576 953 199 953 199 954 576 954 578 954 199 955 578 955 202 955 620 956 232 956 617 956 617 957 232 957 229 957 617 958 229 958 615 958 615 959 229 959 223 959 615 960 223 960 613 960 613 961 223 961 216 961 613 962 216 962 609 962 609 963 216 963 209 963 609 964 209 964 597 964 597 965 209 965 202 965 597 966 202 966 584 966 584 967 202 967 578 967 621 968 241 968 623 968 623 969 241 969 243 969 623 970 243 970 625 970 625 971 243 971 245 971 625 972 245 972 629 972 629 973 245 973 249 973 629 974 249 974 631 974 631 975 249 975 251 975 631 976 251 976 634 976 634 977 251 977 257 977 634 978 257 978 635 978 635 979 257 979 260 979 635 980 260 980 633 980 633 981 260 981 256 981 633 982 256 982 630 982 630 983 256 983 250 983 630 984 250 984 628 984 628 985 250 985 248 985 628 986 248 986 624 986 624 987 248 987 244 987 624 988 244 988 622 988 622 989 244 989 242 989 622 990 242 990 620 990 620 991 242 991 240 991 620 992 240 992 232 992 541 993 525 993 558 993 425 994 409 994 302 994 409 995 393 995 302 995 302 996 393 996 385 996 302 997 385 997 303 997 303 998 385 998 394 998 303 999 394 999 410 999 470 1000 485 1000 559 1000 559 1001 485 1001 497 1001 541 1002 558 1002 552 1002 552 1003 558 1003 559 1003 552 1004 559 1004 542 1004 497 1005 511 1005 559 1005 559 1006 511 1006 526 1006 559 1007 526 1007 542 1007 525 1008 510 1008 558 1008 558 1009 510 1009 496 1009 558 1010 496 1010 484 1010 484 1011 469 1011 558 1011 558 1012 469 1012 454 1012 558 1013 454 1013 302 1013 302 1014 454 1014 441 1014 302 1015 441 1015 425 1015 410 1016 426 1016 303 1016 303 1017 426 1017 442 1017 303 1018 442 1018 559 1018 559 1019 442 1019 455 1019 559 1020 455 1020 470 1020 559 1021 558 1021 568 1021 559 1022 568 1022 569 1022 569 1023 568 1023 579 1023 569 1024 579 1024 580 1024 580 1025 579 1025 586 1025 580 1026 586 1026 587 1026 587 1027 586 1027 590 1027 590 1028 586 1028 593 1028 590 1029 593 1029 594 1029 594 1030 593 1030 599 1030 599 1031 593 1031 601 1031 599 1032 601 1032 602 1032 602 1033 601 1033 605 1033 605 1034 601 1034 607 1034 605 1035 607 1035 608 1035 608 1036 607 1036 606 1036 606 1037 607 1037 603 1037 606 1038 603 1038 604 1038 604 1039 603 1039 600 1039 600 1040 603 1040 595 1040 600 1041 595 1041 596 1041 596 1042 595 1042 591 1042 591 1043 595 1043 588 1043 591 1044 588 1044 589 1044 589 1045 588 1045 582 1045 589 1046 582 1046 583 1046 583 1047 582 1047 571 1047 583 1048 571 1048 572 1048 572 1049 571 1049 560 1049 572 1050 560 1050 561 1050 396 1051 412 1051 304 1051 545 1052 529 1052 561 1052 545 1053 561 1053 553 1053 553 1054 561 1054 560 1054 553 1055 560 1055 544 1055 429 1056 413 1056 305 1056 305 1057 413 1057 397 1057 305 1058 397 1058 304 1058 304 1059 397 1059 386 1059 304 1060 386 1060 396 1060 498 1061 560 1061 486 1061 486 1062 560 1062 471 1062 498 1063 513 1063 560 1063 560 1064 513 1064 528 1064 560 1065 528 1065 544 1065 529 1066 514 1066 561 1066 561 1067 514 1067 499 1067 561 1068 499 1068 487 1068 412 1069 428 1069 304 1069 304 1070 428 1070 443 1070 304 1071 443 1071 560 1071 560 1072 443 1072 456 1072 560 1073 456 1073 471 1073 487 1074 472 1074 561 1074 561 1075 472 1075 457 1075 561 1076 457 1076 305 1076 305 1077 457 1077 444 1077 305 1078 444 1078 429 1078 297 1079 304 1079 286 1079 295 90 290 90 284 90 603 1080 607 1080 560 1080 284 1081 290 1081 275 1081 275 90 290 90 279 90 275 90 279 90 270 90 560 90 607 90 304 90 278 1082 272 1082 281 1082 295 90 284 90 302 90 302 90 284 90 289 90 302 90 289 90 558 90 582 1083 588 1083 595 1083 593 90 586 90 558 90 558 1084 586 1084 579 1084 558 1085 579 1085 568 1085 286 90 304 90 289 90 289 90 304 90 607 90 289 90 607 90 558 90 558 1086 607 1086 601 1086 558 1087 601 1087 593 1087 603 90 560 90 595 90 595 1088 560 1088 571 1088 595 1089 571 1089 582 1089 278 90 281 90 286 90 286 1090 281 1090 292 1090 286 1091 292 1091 297 1091 271 1092 270 1092 279 1092 271 1093 279 1093 280 1093 280 1094 279 1094 290 1094 280 1095 290 1095 291 1095 291 1096 290 1096 295 1096 291 1097 295 1097 296 1097 296 1098 295 1098 302 1098 296 1099 302 1099 303 1099 305 1100 304 1100 297 1100 305 1101 297 1101 298 1101 298 1102 297 1102 292 1102 298 1103 292 1103 293 1103 293 1104 292 1104 281 1104 293 1105 281 1105 282 1105 282 1106 281 1106 272 1106 282 1107 272 1107 273 1107 569 1108 580 1108 636 1108 222 1109 234 1109 247 1109 653 1110 606 1110 604 1110 348 1111 317 1111 303 1111 266 1112 311 1112 268 1112 589 1113 583 1113 626 1113 626 1114 583 1114 572 1114 626 1115 572 1115 416 1115 416 1116 572 1116 561 1116 416 1117 561 1117 376 1117 268 1118 259 1118 266 1118 266 1119 259 1119 237 1119 266 1120 237 1120 227 1120 227 1121 237 1121 226 1121 227 1122 226 1122 180 1122 180 1123 226 1123 211 1123 180 1124 211 1124 147 1124 569 1125 636 1125 559 1125 559 1126 636 1126 475 1126 559 1127 475 1127 303 1127 303 1128 475 1128 371 1128 303 1129 371 1129 348 1129 793 1130 792 1130 708 1130 797 1131 706 1131 700 1131 664 1132 668 1132 608 1132 683 1133 690 1133 608 1133 608 1134 690 1134 691 1134 608 1135 691 1135 797 1135 280 1136 291 1136 317 1136 317 1137 291 1137 296 1137 317 1138 296 1138 303 1138 580 1139 587 1139 636 1139 636 1140 587 1140 590 1140 636 1141 590 1141 638 1141 638 1142 590 1142 594 1142 638 1143 594 1143 642 1143 642 1144 594 1144 599 1144 642 1145 599 1145 654 1145 706 1146 797 1146 708 1146 708 1147 797 1147 794 1147 708 1148 794 1148 793 1148 700 1149 694 1149 797 1149 797 1150 694 1150 685 1150 797 1151 685 1151 608 1151 608 1152 685 1152 675 1152 608 1153 675 1153 666 1153 666 1154 665 1154 608 1154 608 1155 665 1155 655 1155 608 1156 655 1156 605 1156 605 1157 655 1157 654 1157 605 1158 654 1158 602 1158 602 1159 654 1159 599 1159 668 1160 673 1160 608 1160 608 1161 673 1161 679 1161 608 1162 679 1162 683 1162 691 1163 699 1163 797 1163 797 1164 699 1164 702 1164 797 1165 702 1165 796 1165 796 1166 702 1166 795 1166 653 1167 604 1167 643 1167 643 1168 604 1168 600 1168 643 1169 600 1169 640 1169 640 1170 600 1170 596 1170 640 1171 596 1171 626 1171 626 1172 596 1172 591 1172 626 1173 591 1173 589 1173 376 1174 561 1174 322 1174 322 1175 561 1175 305 1175 322 1176 305 1176 321 1176 91 1177 93 1177 114 1177 34 1178 37 1178 151 1178 247 1179 234 1179 253 1179 253 1180 234 1180 255 1180 253 1181 255 1181 287 1181 287 1182 255 1182 265 1182 287 1183 265 1183 317 1183 317 1184 265 1184 271 1184 317 1185 271 1185 280 1185 792 1186 791 1186 708 1186 708 1187 791 1187 783 1187 708 1188 783 1188 779 1188 779 1189 777 1189 708 1189 708 1190 777 1190 752 1190 708 1191 752 1191 751 1191 745 1192 713 1192 751 1192 751 1193 713 1193 709 1193 751 1194 709 1194 708 1194 745 1195 732 1195 713 1195 713 1196 732 1196 724 1196 713 1197 724 1197 719 1197 606 1198 653 1198 608 1198 608 1199 653 1199 656 1199 608 1200 656 1200 664 1200 151 1201 43 1201 154 1201 154 1202 43 1202 46 1202 154 1203 46 1203 47 1203 47 1204 48 1204 154 1204 154 1205 48 1205 50 1205 154 1206 50 1206 52 1206 1 1207 3 1207 5 1207 37 1208 39 1208 151 1208 151 1209 39 1209 40 1209 151 1210 40 1210 43 1210 151 1211 36 1211 35 1211 23 1212 22 1212 151 1212 151 1213 22 1213 19 1213 151 1214 19 1214 18 1214 79 1215 153 1215 81 1215 81 1216 153 1216 156 1216 81 1217 156 1217 86 1217 86 1218 156 1218 88 1218 715 1219 720 1219 702 1219 702 1220 720 1220 726 1220 702 1221 726 1221 736 1221 736 1222 742 1222 702 1222 702 1223 742 1223 750 1223 702 1224 750 1224 759 1224 786 1225 789 1225 702 1225 702 1226 789 1226 790 1226 702 1227 790 1227 795 1227 211 1228 190 1228 147 1228 147 1229 190 1229 174 1229 147 1230 174 1230 136 1230 136 1231 174 1231 169 1231 136 1232 169 1232 132 1232 132 1233 169 1233 165 1233 132 1234 165 1234 121 1234 121 1235 165 1235 160 1235 121 1236 160 1236 114 1236 91 1237 114 1237 84 1237 84 1238 114 1238 160 1238 84 1239 160 1239 158 1239 65 1240 75 1240 154 1240 154 1241 75 1241 77 1241 154 1242 77 1242 158 1242 158 1243 77 1243 83 1243 158 1244 83 1244 84 1244 151 1245 0 1245 1 1245 21 1246 24 1246 151 1246 151 1247 24 1247 25 1247 151 1248 25 1248 28 1248 18 1249 15 1249 151 1249 151 1250 15 1250 14 1250 151 1251 14 1251 11 1251 11 1252 9 1252 151 1252 151 1253 9 1253 7 1253 151 1254 7 1254 6 1254 6 1255 4 1255 151 1255 151 1256 4 1256 2 1256 151 1257 2 1257 0 1257 79 1258 72 1258 153 1258 153 1259 72 1259 67 1259 153 1260 67 1260 63 1260 63 1261 58 1261 153 1261 153 1262 58 1262 53 1262 153 1263 53 1263 51 1263 51 1264 49 1264 153 1264 153 1265 49 1265 45 1265 153 1266 45 1266 151 1266 151 1267 45 1267 44 1267 151 1268 44 1268 42 1268 159 1269 109 1269 156 1269 156 1270 109 1270 89 1270 156 1271 89 1271 88 1271 222 1272 247 1272 208 1272 208 1273 247 1273 177 1273 208 1274 177 1274 186 1274 186 1275 177 1275 167 1275 186 1276 167 1276 172 1276 172 1277 167 1277 139 1277 172 1278 139 1278 168 1278 168 1279 139 1279 134 1279 168 1280 134 1280 163 1280 163 1281 134 1281 127 1281 163 1282 127 1282 159 1282 159 1283 127 1283 115 1283 159 1284 115 1284 109 1284 759 1285 769 1285 702 1285 702 1286 769 1286 782 1286 702 1287 782 1287 786 1287 321 1288 305 1288 311 1288 311 1289 305 1289 298 1289 311 1290 298 1290 293 1290 52 1291 55 1291 154 1291 154 1292 55 1292 61 1292 154 1293 61 1293 65 1293 28 1294 31 1294 151 1294 151 1295 31 1295 33 1295 151 1296 33 1296 34 1296 42 1297 41 1297 151 1297 151 1298 41 1298 38 1298 151 1299 38 1299 36 1299 35 1300 32 1300 151 1300 151 1301 32 1301 30 1301 151 1302 30 1302 29 1302 29 1303 27 1303 151 1303 151 1304 27 1304 26 1304 151 1305 26 1305 23 1305 293 1306 282 1306 311 1306 311 1307 282 1307 273 1307 311 1308 273 1308 268 1308 1 1309 5 1309 151 1309 151 1310 5 1310 8 1310 151 1311 8 1311 10 1311 10 1312 12 1312 151 1312 151 1313 12 1313 13 1313 151 1314 13 1314 16 1314 16 1315 17 1315 151 1315 151 1316 17 1316 20 1316 151 1317 20 1317 21 1317 527 1318 531 1318 528 1318 533 1319 530 1319 529 1319 504 1320 502 1320 499 1320 477 1321 474 1321 472 1321 456 1322 459 1322 464 1322 456 1323 464 1323 471 1323 459 1324 456 1324 451 1324 451 1325 456 1325 443 1325 451 1326 443 1326 446 1326 446 1327 443 1327 440 1327 440 1328 443 1328 428 1328 440 1329 428 1329 434 1329 414 1330 417 1330 412 1330 412 1331 417 1331 421 1331 412 1332 421 1332 428 1332 428 1333 421 1333 431 1333 428 1334 431 1334 434 1334 414 1335 412 1335 403 1335 403 1336 412 1336 396 1336 403 1337 396 1337 400 1337 386 1338 388 1338 396 1338 396 1339 388 1339 398 1339 396 1340 398 1340 400 1340 402 1341 401 1341 397 1341 397 1342 401 1342 390 1342 397 1343 390 1343 386 1343 386 1344 390 1344 389 1344 386 1345 389 1345 388 1345 402 1346 397 1346 405 1346 405 1347 397 1347 413 1347 405 1348 413 1348 415 1348 429 1349 427 1349 413 1349 413 1350 427 1350 420 1350 413 1351 420 1351 415 1351 444 1352 437 1352 429 1352 429 1353 437 1353 430 1353 429 1354 430 1354 427 1354 462 1355 460 1355 457 1355 457 1356 460 1356 448 1356 457 1357 448 1357 444 1357 444 1358 448 1358 445 1358 444 1359 445 1359 437 1359 472 1360 474 1360 457 1360 457 1361 474 1361 466 1361 457 1362 466 1362 462 1362 499 1363 502 1363 487 1363 502 1364 493 1364 487 1364 487 1365 493 1365 488 1365 487 1366 488 1366 472 1366 472 1367 488 1367 480 1367 472 1368 480 1368 477 1368 529 1369 530 1369 514 1369 530 1370 520 1370 514 1370 514 1371 520 1371 517 1371 514 1372 517 1372 499 1372 499 1373 517 1373 516 1373 499 1374 516 1374 504 1374 553 1375 555 1375 556 1375 553 1376 556 1376 545 1376 556 1377 554 1377 545 1377 545 1378 554 1378 546 1378 545 1379 546 1379 529 1379 529 1380 546 1380 538 1380 529 1381 538 1381 533 1381 555 1382 553 1382 551 1382 551 1383 553 1383 544 1383 551 1384 544 1384 547 1384 528 1385 531 1385 544 1385 544 1386 531 1386 543 1386 544 1387 543 1387 547 1387 527 1388 528 1388 521 1388 521 1389 528 1389 513 1389 521 1390 513 1390 515 1390 515 1391 513 1391 507 1391 507 1392 513 1392 498 1392 507 1393 498 1393 505 1393 486 1394 491 1394 498 1394 498 1395 491 1395 501 1395 498 1396 501 1396 505 1396 464 1397 473 1397 471 1397 471 1398 473 1398 483 1398 471 1399 483 1399 486 1399 486 1400 483 1400 489 1400 486 1401 489 1401 491 1401 500 1402 494 1402 496 1402 484 1403 482 1403 469 1403 469 1404 482 1404 478 1404 496 1405 494 1405 484 1405 484 1406 494 1406 490 1406 484 1407 490 1407 482 1407 525 1408 524 1408 510 1408 510 1409 524 1409 522 1409 522 1410 518 1410 510 1410 510 1411 518 1411 508 1411 510 1412 508 1412 496 1412 496 1413 508 1413 506 1413 496 1414 506 1414 500 1414 552 1415 549 1415 550 1415 552 1416 550 1416 541 1416 550 1417 540 1417 541 1417 541 1418 540 1418 539 1418 541 1419 539 1419 525 1419 525 1420 539 1420 535 1420 525 1421 535 1421 524 1421 542 1422 537 1422 552 1422 552 1423 537 1423 548 1423 552 1424 548 1424 549 1424 526 1425 532 1425 542 1425 542 1426 532 1426 536 1426 542 1427 536 1427 537 1427 509 1428 512 1428 511 1428 511 1429 512 1429 519 1429 511 1430 519 1430 526 1430 526 1431 519 1431 523 1431 526 1432 523 1432 532 1432 509 1433 511 1433 503 1433 503 1434 511 1434 497 1434 503 1435 497 1435 495 1435 495 1436 497 1436 492 1436 492 1437 497 1437 485 1437 492 1438 485 1438 481 1438 481 1439 485 1439 479 1439 479 1440 485 1440 470 1440 479 1441 470 1441 476 1441 453 1442 461 1442 455 1442 455 1443 461 1443 465 1443 455 1444 465 1444 470 1444 470 1445 465 1445 467 1445 470 1446 467 1446 476 1446 453 1447 455 1447 447 1447 447 1448 455 1448 442 1448 447 1449 442 1449 438 1449 438 1450 442 1450 436 1450 436 1451 442 1451 426 1451 436 1452 426 1452 423 1452 410 1453 419 1453 426 1453 426 1454 419 1454 422 1454 426 1455 422 1455 423 1455 392 1456 399 1456 394 1456 394 1457 399 1457 404 1457 394 1458 404 1458 410 1458 410 1459 404 1459 408 1459 410 1460 408 1460 419 1460 392 1461 394 1461 384 1461 384 1462 394 1462 385 1462 384 1463 385 1463 382 1463 393 1464 387 1464 385 1464 385 1465 387 1465 383 1465 385 1466 383 1466 382 1466 409 1467 395 1467 393 1467 393 1468 395 1468 391 1468 393 1469 391 1469 387 1469 425 1470 424 1470 409 1470 409 1471 424 1471 418 1471 418 1472 411 1472 409 1472 409 1473 411 1473 406 1473 409 1474 406 1474 395 1474 441 1475 435 1475 425 1475 425 1476 435 1476 432 1476 425 1477 432 1477 424 1477 454 1478 450 1478 441 1478 441 1479 450 1479 439 1479 441 1480 439 1480 435 1480 478 1481 468 1481 469 1481 469 1482 468 1482 458 1482 469 1483 458 1483 454 1483 454 1484 458 1484 452 1484 454 1485 452 1485 450 1485</p>
        </triangles>
      </mesh>
    </geometry>
    <geometry id="Shape_IndexedFaceSet_059-mesh" name="Shape_IndexedFaceSet.059">
      <mesh>
        <source id="Shape_IndexedFaceSet_059-mesh-positions">
          <float_array id="Shape_IndexedFaceSet_059-mesh-positions-array" count="780">1.0499 -2.3e-5 -0.090195 1.0499 -2.3e-5 -0.07174897 1.04997 8.52e-4 -0.090195 1.04997 8.52e-4 -0.07174897 1.04998 -8.98e-4 -0.090195 1.04998 -8.98e-4 -0.07174897 1.05021 0.001698911 -0.090195 1.05021 0.001698911 -0.07174897 1.05023 -0.001741886 -0.090195 1.05023 -0.001741886 -0.07174897 1.05031 3.94e-4 -0.127127 1.05031 3.94e-4 -0.090195 1.05032 -4.36e-4 -0.127127 1.05032 -4.36e-4 -0.090195 1.05046 0.001209974 -0.127127 1.05046 0.001209974 -0.090195 1.05048 -0.001249969 -0.127127 1.05048 -0.001249969 -0.090195 1.0506 0.002487957 -0.090195 1.0506 0.002487957 -0.07174897 1.05062 -0.002526938 -0.090195 1.05062 -0.002526938 -0.07174897 1.05077 0.001981914 -0.127127 1.05077 0.001981914 -0.090195 1.05079 -0.002018988 -0.127127 1.05079 -0.002018988 -0.090195 1.05087 3.67e-4 -0.127127 1.05087 3.67e-4 -0.121793 1.05087 -4.04e-4 -0.127127 1.05087 -4.04e-4 -0.121793 1.05102 0.001122891 -0.127127 1.05102 0.001122891 -0.121793 1.05103 -0.001157999 -0.127127 1.05103 -0.001157999 -0.121793 1.05112 0.003190994 -0.090195 1.05112 0.003190994 -0.07174897 1.05115 -0.003224909 -0.090195 1.05115 -0.003224909 -0.07174897 1.05121 0.002681851 -0.127127 1.05121 0.002681851 -0.090195 1.05124 -0.002714931 -0.127127 1.05124 -0.002714931 -0.090195 1.05132 0.001832962 -0.127127 1.05132 0.001832962 -0.121793 1.05134 -0.00186491 -0.127127 1.05134 -0.00186491 -0.121793 1.05137 0.003439903 -0.07174897 1.05137 0.003439903 -0.06539899 1.0514 -0.00347197 -0.07174897 1.0514 -0.00347197 -0.06539899 1.05176 0.00246793 -0.127127 1.05176 0.00246793 -0.121793 1.05177 0.003786981 -0.090195 1.05177 0.003786981 -0.06539899 1.05178 -0.002495944 -0.127127 1.05178 -0.002495944 -0.121793 1.05178 0.003284931 -0.127127 1.05178 0.003284931 -0.090195 1.05181 -0.003813982 -0.090195 1.05181 -0.003813982 -0.06539899 1.05182 -0.003312945 -0.127127 1.05182 -0.003312945 -0.090195 1.05231 -1.1e-5 -0.121793 1.05231 -1.1e-5 -0.07174897 1.05231 0.003001928 -0.127127 1.05231 0.003001928 -0.121793 1.05234 -0.003023982 -0.127127 1.05234 -0.003023982 -0.121793 1.05239 5.97e-4 -0.121793 1.05239 5.97e-4 -0.07174897 1.05239 -6.19e-4 -0.121793 1.05239 -6.19e-4 -0.07174897 1.05246 0.003769934 -0.127127 1.05246 0.003769934 -0.090195 1.05249 -0.003790915 -0.127127 1.05249 -0.003790915 -0.090195 1.05252 0.00425297 -0.090195 1.05252 0.00425297 -0.06539899 1.05256 -0.004272997 -0.090195 1.05256 -0.004272997 -0.06539899 1.05262 0.001164913 -0.121793 1.05262 0.001164913 -0.07174897 1.05263 -0.00118494 -0.121793 1.05263 -0.00118494 -0.07174897 1.05296 0.003411889 -0.127127 1.05296 0.003411889 -0.121793 1.05299 0.001652956 -0.121793 1.05299 0.001652956 -0.07174897 1.053 -0.003428936 -0.127127 1.053 -0.003428936 -0.121793 1.053 -0.00166893 -0.121793 1.053 -0.00166893 -0.07174897 1.05308 0.001740992 -0.07174897 1.05308 0.001740992 -0.06539899 1.0531 -0.001755893 -0.07174897 1.0531 -0.001755893 -0.06539899 1.05321 0.004118919 -0.127127 1.05321 0.004118919 -0.090195 1.05325 -0.004131913 -0.127127 1.05325 -0.004131913 -0.090195 1.05333 0.004573941 -0.090195 1.05333 0.004573941 -0.06539899 1.05338 -0.004586935 -0.090195 1.05338 -0.004586935 -0.06539899 1.05347 0.002028942 -0.121793 1.05347 0.002028942 -0.06539899 1.05349 -0.002039909 -0.121793 1.05349 -0.002039909 -0.06539899 1.05369 0.003683984 -0.127127 1.05369 0.003683984 -0.121793 1.05372 -0.003692924 -0.127127 1.05372 -0.003692924 -0.121793 1.05402 0.004317939 -0.127127 1.05402 0.004317939 -0.090195 1.05404 0.00226593 -0.121793 1.05404 0.00226593 -0.06539899 1.05406 -0.004323959 -0.127127 1.05406 -0.004323959 -0.090195 1.05406 -0.00227195 -0.121793 1.05406 -0.00227195 -0.06539899 1.0542 0.00473994 -0.090195 1.0542 0.00473994 -0.06539899 1.05424 -0.004743993 -0.090195 1.05424 -0.004743993 -0.06539899 1.05445 0.003803968 -0.127127 1.05445 0.003803968 -0.121793 1.05448 -0.003805935 -0.127127 1.05448 -0.003805935 -0.121793 1.05465 0.002348959 -0.121793 1.05465 0.002348959 -0.06539899 1.05467 -0.002348959 -0.121793 1.05467 -0.002348959 -0.06539899 1.05484 0.004361987 -0.127127 1.05484 0.004361987 -0.090195 1.05489 -0.00435996 -0.127127 1.05489 -0.00435996 -0.090195 1.05508 0.004743993 -0.090195 1.05508 0.004743993 -0.06539899 1.05512 -0.00473994 -0.090195 1.05512 -0.00473994 -0.06539899 1.05522 0.00376898 -0.127127 1.05522 0.00376898 -0.121793 1.05525 -0.00376296 -0.127127 1.05525 -0.00376296 -0.121793 1.05526 0.00227195 -0.121793 1.05526 0.00227195 -0.06539899 1.05528 -0.00226593 -0.121793 1.05528 -0.00226593 -0.06539899 1.05567 0.00424695 -0.127127 1.05567 0.00424695 -0.090195 1.05571 -0.00423789 -0.127127 1.05571 -0.00423789 -0.090195 1.05582 0.002039909 -0.121793 1.05582 0.002039909 -0.06539899 1.05584 -0.002028942 -0.121793 1.05584 -0.002028942 -0.06539899 1.05594 0.004586935 -0.090195 1.05594 0.004586935 -0.06539899 1.05596 0.003578901 -0.127127 1.05596 0.003578901 -0.121793 1.05598 -0.004573941 -0.090195 1.05598 -0.004573941 -0.06539899 1.056 -0.003565967 -0.127127 1.056 -0.003565967 -0.121793 1.05622 0.001755893 -0.07174897 1.05622 0.001755893 -0.06539899 1.05624 -0.001740992 -0.07174897 1.05624 -0.001740992 -0.06539899 1.05631 0.00166893 -0.121793 1.05631 0.00166893 -0.07174897 1.05633 -0.001652956 -0.121793 1.05633 -0.001652956 -0.07174897 1.05645 0.003979921 -0.127127 1.05645 0.003979921 -0.090195 1.05649 -0.00396198 -0.127127 1.05649 -0.00396198 -0.090195 1.05666 0.003242909 -0.127127 1.05666 0.003242909 -0.121793 1.05669 0.00118494 -0.121793 1.05669 0.00118494 -0.07174897 1.05669 -0.003223896 -0.127127 1.05669 -0.003223896 -0.121793 1.0567 -0.001164913 -0.121793 1.0567 -0.001164913 -0.07174897 1.05676 0.004272997 -0.090195 1.05676 0.004272997 -0.06539899 1.0568 -0.00425297 -0.090195 1.0568 -0.00425297 -0.06539899 1.05693 6.19e-4 -0.121793 1.05693 6.19e-4 -0.07174897 1.05693 -5.97e-4 -0.121793 1.05693 -5.97e-4 -0.07174897 1.05701 1.1e-5 -0.121793 1.05701 1.1e-5 -0.07174897 1.05717 0.003567934 -0.127127 1.05717 0.003567934 -0.090195 1.05721 -0.003543913 -0.127127 1.05721 -0.003543913 -0.090195 1.05727 0.002774 -0.127127 1.05727 0.002774 -0.121793 1.0573 -0.002748966 -0.127127 1.0573 -0.002748966 -0.121793 1.05751 0.003813982 -0.090195 1.05751 0.003813982 -0.06539899 1.05755 -0.003786981 -0.090195 1.05755 -0.003786981 -0.06539899 1.05778 0.002191901 -0.127127 1.05778 0.002191901 -0.121793 1.0578 -0.002160966 -0.127127 1.0578 -0.002160966 -0.121793 1.0578 0.003027915 -0.127127 1.0578 0.003027915 -0.090195 1.05783 -0.002996981 -0.127127 1.05783 -0.002996981 -0.090195 1.05792 0.00347197 -0.07174897 1.05792 0.00347197 -0.06539899 1.05795 -0.003439903 -0.07174897 1.05795 -0.003439903 -0.06539899 1.05815 0.001518905 -0.127127 1.05815 0.001518905 -0.121793 1.05816 0.003224909 -0.090195 1.05816 0.003224909 -0.07174897 1.05817 -0.001485884 -0.127127 1.05817 -0.001485884 -0.121793 1.05819 -0.003190994 -0.090195 1.05819 -0.003190994 -0.07174897 1.05832 0.002377927 -0.127127 1.05832 0.002377927 -0.090195 1.05834 -0.002341926 -0.127127 1.05834 -0.002341926 -0.090195 1.05839 7.85e-4 -0.127127 1.05839 7.85e-4 -0.121793 1.05839 -7.49e-4 -0.127127 1.05839 -7.49e-4 -0.121793 1.05847 1.8e-5 -0.127127 1.05847 1.8e-5 -0.121793 1.0587 0.002526938 -0.090195 1.0587 0.002526938 -0.07174897 1.0587 0.001641929 -0.127127 1.0587 0.001641929 -0.090195 1.05872 -0.001602888 -0.127127 1.05872 -0.001602888 -0.090195 1.05872 -0.002487957 -0.090195 1.05872 -0.002487957 -0.07174897 1.05894 8.47e-4 -0.127127 1.05894 8.47e-4 -0.090195 1.05895 -8.05e-4 -0.127127 1.05895 -8.05e-4 -0.090195 1.05902 2.1e-5 -0.127127 1.05902 2.1e-5 -0.090195 1.05909 0.001741886 -0.090195 1.05909 0.001741886 -0.07174897 1.05911 -0.001698911 -0.090195 1.05911 -0.001698911 -0.07174897 1.05934 8.98e-4 -0.090195 1.05934 8.98e-4 -0.07174897 1.05934 -8.52e-4 -0.090195 1.05934 -8.52e-4 -0.07174897 1.05942 2.3e-5 -0.090195 1.05942 2.3e-5 -0.07174897</float_array>
          <technique_common>
            <accessor source="#Shape_IndexedFaceSet_059-mesh-positions-array" count="260" stride="3">
              <param name="X" type="float"/>
              <param name="Y" type="float"/>
              <param name="Z" type="float"/>
            </accessor>
          </technique_common>
        </source>
        <source id="Shape_IndexedFaceSet_059-mesh-normals">
          <float_array id="Shape_IndexedFaceSet_059-mesh-normals-array" count="1116">2.28632e-5 0 1 -9.28644e-6 0 1 -1.37891e-5 0 1 0 0 1 2.45198e-6 0 1 -3.64808e-6 0 1 1.38202e-5 0 1 -9.9362e-6 0 1 -1.11462e-5 0 1 6.90836e-6 0 1 1.52917e-5 0 1 -1.13248e-5 0 1 0.5888472 0.8082444 0 -0.5791264 -0.8152378 0 -0.6090167 0.7931575 3.00801e-4 -0.6983844 0.715723 0 -0.7969048 0.6041051 0 -0.7967877 0.6042594 0 -0.9270303 0.3749867 0 -0.9267767 0.3756131 0 -0.9914965 0.1301338 0 -0.9914337 0.1306111 0 -0.9914337 -0.1306111 0 -0.9914965 -0.1301338 0 -0.9205535 -0.3906167 0 -0.9207276 -0.3902062 0 -0.7864651 -0.6176347 0 -0.7865826 -0.6174852 0 -0.6036435 -0.7972544 0 0.6167735 -0.7871406 2.76079e-4 0.6983844 -0.715723 0 0.7969048 -0.6041051 0 0.9269458 -0.3751955 0 0.9268612 -0.3754044 0 0.9914652 -0.1303725 0 0.9914337 -0.1306111 0 0.9914337 0.1306111 0 0.9914652 0.1303725 0 0.9206405 0.3904114 0 0.9207276 0.3902062 0 0.7943524 0.6074573 0 0.7942345 0.6076116 0 0.6036435 0.7972544 0 -0.5844201 0.8114513 0 -0.5841909 0.8116163 0 -0.3897059 0.9209394 0 -0.3897058 0.9209395 0 -0.1348735 0.9908629 0 -0.1348448 0.9908667 0 0.125227 0.9921281 0 0.1252804 0.9921215 0 0.3769975 0.9262143 0 0.3770725 0.9261838 0 0.588548 0.8084624 0 0.6576994 0.7532801 8.36839e-4 0.593992 -0.804471 0 0.5938382 -0.8045845 0 0.3838611 -0.9233909 0 0.3840128 -0.9233278 0 0.1349021 -0.990859 0 0.1348448 -0.9908667 0 -0.125227 -0.9921281 0 -0.1252804 -0.9921215 0 -0.3827737 -0.9238421 0 -0.3827738 -0.9238421 0 -0.5788965 -0.8154011 0 -0.6951731 -0.7188409 0.001472473 -2.28588e-5 0 1 9.12918e-6 0 1 1.37591e-5 0 1 -2.49436e-6 0 1 3.64808e-6 0 1 -1.38202e-5 0 1 9.93626e-6 0 1 1.09962e-5 0 1 -6.92435e-6 0 1 -1.55617e-5 0 1 1.1323e-5 0 1 -0.6555517 0.7551504 0 0.6554145 -0.7552694 0 -0.6404953 -0.7679622 0 0.71998 -0.6939902 -0.002554833 0.7908813 0.6119697 0 0.8956007 0.444859 0 0.9587414 0.2842798 0 0.9588663 0.2838581 0 0.9958282 0.09124809 0 0.9958699 0.09079229 0 0.9958699 -0.09079229 0 0.9958283 -0.09124815 0 0.9650375 -0.2621123 0 0.9650374 -0.2621124 0 0.8963923 -0.4432616 0 0.8965746 -0.4428928 0 0.79855 -0.6019287 0 0.7984395 -0.6020752 0 0.6814955 -0.7318224 0 0.6404953 0.7679622 0 -0.705813 0.7083956 -0.001959323 -0.7963146 -0.6048827 0 -0.8956924 -0.4446741 0 -0.8956007 -0.444859 0 -0.9587414 -0.2842798 0 -0.9588039 -0.2840691 0 -0.9958282 -0.09124809 0 -0.9958699 -0.09079229 0 -0.9968082 0.07983446 0 -0.9620767 0.2727791 0 -0.9621971 0.2723544 0 -0.8963923 0.4432616 0 -0.8965746 0.4428928 0 -0.8039568 0.5946879 0 -0.8039565 0.5946881 0 -0.6757645 0.7371177 0 -0.6552971 0.7553713 0 -0.5276795 0.8494437 0 -0.527832 0.8493488 0 -0.3684783 0.9296364 0 -0.368301 0.9297067 0 -0.1874174 0.9822804 0 -0.1874487 0.9822744 0 -0.004604756 0.9999895 0 -0.004605531 0.9999895 0 0.1795365 0.9837513 0 0.1795972 0.9837402 0 0.3576033 0.9338736 0 0.3576604 0.9338517 0 0.5219457 0.8529787 0 0.5220218 0.8529322 0 0.6406713 0.7678154 0 0.6715849 0.7409268 -0.001187443 0.7171002 0.6969702 0 0.6552971 -0.7553713 0 0.5276795 -0.8494437 0 0.527832 -0.8493488 0 0.3645587 -0.9311805 0 0.3644428 -0.9312258 0 0.1895328 -0.9818745 0 0.1895009 -0.9818806 0 0.004605531 -0.9999895 0 -0.1795971 -0.9837403 0 -0.1795669 -0.9837458 0 -0.3575462 -0.9338955 0 -0.3576604 -0.9338517 0 -0.5220978 -0.8528856 0 -0.5219457 -0.8529787 0 -0.6404982 -0.7679597 0 -0.6658855 -0.7460534 -9.69364e-4 -0.702883 -0.7113056 0 -0.7964256 -0.6047366 0 3.71056e-5 0 -1 0 0 -1 -4.42251e-5 0 -1 4.39031e-5 0 -1 -4.43664e-5 0 -1 1.05607e-5 0 -1 2.18941e-5 0 -1 1.97011e-6 0 -1 5.32831e-6 0 -1 1.05553e-5 0 -1 -4.57875e-6 0 -1 -2.17283e-5 0 -1 -2.13581e-5 0 -1 -4.29694e-5 0 -1 2.13957e-5 0 -1 -4.20898e-5 0 -1 4.32628e-5 0 -1 -4.3499e-5 0 -1 4.51886e-5 0 -1 -2.29387e-5 0 -1 1.14708e-5 0 -1 4.14399e-6 0 -1 1.94881e-5 0 -1 -3.75158e-5 0 -1 5.04955e-5 0 -1 -5.15708e-5 0 -1 3.61488e-5 0 -1 -5.0719e-5 0 -1 0.996428 -0.0844466 0 0.960881 -0.2769618 0 0.8892892 -0.4573454 0 0.789057 -0.6143202 0 0.6614503 -0.7499891 0 0.6616925 -0.7497754 0 0.5021365 -0.8647884 0 0.5020315 -0.8648493 0 0.3334363 -0.9427726 0 0.3335895 -0.9427185 0 0.1472324 -0.989102 0 -0.04333686 -0.9990605 0 -0.0433368 -0.9990605 0 -0.2306503 -0.9730368 0 -0.230759 -0.9730109 0 -0.4093881 -0.9123604 0 -0.4092977 -0.9124009 0 -0.5808867 -0.8139845 0 -0.5805389 -0.8142326 0 -0.7178034 -0.696246 0 -0.7179242 -0.6961213 0 -0.8397232 -0.5430148 0 -0.839723 -0.543015 0 -0.9275332 -0.3737411 0 -0.981228 -0.1928513 0 -0.9999262 -0.01215195 0 -0.9835001 0.1809082 0 -0.9835433 0.1806729 0 -0.9279391 0.3727322 0 -0.9280229 0.3725233 0 -0.8467507 0.5319901 0 -0.8465306 0.5323401 0 -0.7266574 0.6870001 0 -0.7266575 0.687 0 -0.5807556 0.8140781 0 -0.5806415 0.8141595 0 -0.4218494 0.9066659 0 -0.4218493 0.906666 0 -0.2386692 0.971101 0 -0.2386131 0.9711148 0 -0.05363535 0.9985607 0 0.1372941 0.9905304 0 0.1372613 0.990535 0 0.3238463 0.9461097 0 0.3239963 0.9460584 0 0.4967502 0.8678936 0 0.4965404 0.8680137 0 0.650867 0.7591919 0 0.6507467 0.7592949 0 0.7808446 0.6247254 0 0.7808445 0.6247256 0 0.8886196 0.4586453 0 0.8885204 0.4588374 0 0.9572979 0.2891033 0 0.9573651 0.2888807 0 0.9953322 0.0965085 0 0.9953556 0.09626764 0 0.9964485 -0.08420503 0 -1.62037e-5 0 -1 3.334e-5 0 -1 3.13303e-5 0 -1 3.40532e-5 0 -1 1.76854e-5 0 -1 -3.02577e-5 0 -1 2.99457e-5 0 -1 -4.57695e-6 0 -1 -1.03254e-5 0 -1 1.62225e-5 0 -1 1.63855e-5 0 -1 -3.25043e-5 0 -1 -3.36724e-5 0 -1 -3.20197e-5 0 -1 3.45206e-5 0 -1 -1.7833e-5 0 -1 -3.0722e-5 0 -1 9.02717e-6 0 -1 -3.01399e-5 0 -1 1.36876e-5 0 -1 1.4629e-5 0 -1 -7.21296e-6 0 -1 1.22616e-5 0 -1 -0.9945855 0.1039216 0 -0.9946089 0.1036976 0 -0.9582078 0.2860735 0 -0.8768407 0.480781 0 -0.8769364 0.4806067 0 -0.7618874 0.6477096 0 -0.7617743 0.6478427 0 -0.6142966 0.7890752 0 -0.6144061 0.78899 0 -0.4441561 0.8959495 0 -0.4441576 0.8959488 0 -0.2540685 0.9671863 0 -0.254014 0.9672006 0 -0.05571305 0.9984468 0 -0.05573809 0.9984455 0 0.1470307 0.9891319 0 0.1469981 0.9891368 0 0.3442875 0.9388643 0 0.3444331 0.9388109 0 0.5227758 0.8524702 0 0.5230786 0.8522846 0 0.6859605 0.7276387 0 0.6860738 0.727532 0 0.8201807 0.5721046 0 0.8202859 0.5719536 0 0.9157683 0.4017068 0 0.915851 0.4015185 0 0.9782353 0.2074986 0 0.9781893 0.2077154 0 1 0 0 0.9807944 -0.1950446 0 0.9809242 -0.1943907 0 0.9211652 -0.389172 0 0.9211646 -0.3891732 0 0.8220554 -0.5694076 0 0.8218438 -0.569713 0 0.6965971 -0.7174626 0 0.6964814 -0.7175748 0 0.5335459 -0.8457712 0 0.5335471 -0.8457704 0 0.3491843 -0.937054 0 0.3492577 -0.9370267 0 0.155935 -0.9877673 0 0.1559696 -0.9877619 0 -0.04539251 -0.9989693 0 -0.04538226 -0.9989697 0 -0.2488554 -0.9685407 0 -0.2487452 -0.968569 0 -0.4326726 -0.9015512 0 -0.4326711 -0.9015518 0 -0.6095725 -0.7927304 0 -0.6094617 -0.7928155 0 -0.7521466 -0.6589959 0 -0.7520333 -0.6591252 0 -0.8763087 -0.48175 0 -0.8764039 -0.481577 0 -0.9504396 -0.3109095 0 -0.9946089 -0.1036976 0 -0.9945855 -0.1039216 0 8.02214e-6 0 -1 -4.01638e-6 0 -1 -7.08204e-6 0 -1 -8.25275e-6 0 -1 -8.00767e-6 0 -1 -1.30966e-5 0 -1 1.30122e-5 0 -1 -1.28484e-5 0 -1 1.67137e-5 0 -1 1.60548e-5 0 -1 -1.27693e-5 0 -1 1.31682e-5 0 -1 -1.31342e-5 0 -1 -6.43625e-6 0 -1 1.31403e-5 0 -1 -1.30722e-5 0 -1 -1.28942e-5 0 -1 1.30897e-5 0 -1 -8.16668e-7 0 -1 -3.22166e-5 0 -1 1.30122e-5 0 -1 6.44286e-6 0 -1 -6.53436e-6 0 -1 6.61385e-6 0 -1 -6.47152e-6 0 -1 3.23002e-5 0 -1 0.7048389 0.7093674 0 0.7047482 0.7094576 0 0.7104271 -0.7037709 0 0.7103967 -0.7038015 0 -8.74454e-6 0 1 1.97062e-5 0 1 -6.85973e-6 0 1 -3.44869e-6 0 1 3.46512e-6 0 1 4.96221e-6 0 1 -1.74941e-5 0 1 1.20894e-5 0 1 3.46221e-6 0 1 -4.87688e-6 0 1 -0.7048085 -0.7093976 0 -0.704809 -0.7093971 0 -0.7104271 0.7037709 0 -0.7103967 0.7038015 0 8.5586e-6 0 1 -1.96412e-5 0 1 6.90284e-6 0 1 3.44869e-6 0 1 -3.44722e-6 0 1 -4.96221e-6 0 1 1.714e-5 0 1 -1.15006e-5 0 1 -3.46247e-6 0 1 4.8771e-6 0 1</float_array>
          <technique_common>
            <accessor source="#Shape_IndexedFaceSet_059-mesh-normals-array" count="372" stride="3">
              <param name="X" type="float"/>
              <param name="Y" type="float"/>
              <param name="Z" type="float"/>
            </accessor>
          </technique_common>
        </source>
        <vertices id="Shape_IndexedFaceSet_059-mesh-vertices">
          <input semantic="POSITION" source="#Shape_IndexedFaceSet_059-mesh-positions"/>
        </vertices>
        <triangles material="Shape_008_001-material" count="520">
          <input semantic="VERTEX" source="#Shape_IndexedFaceSet_059-mesh-vertices" offset="0"/>
          <input semantic="NORMAL" source="#Shape_IndexedFaceSet_059-mesh-normals" offset="1"/>
          <p>47 0 93 0 53 0 53 1 93 1 105 1 53 2 105 2 77 2 77 3 105 3 101 3 101 4 105 4 115 4 101 3 115 3 121 3 121 5 115 5 129 5 121 6 129 6 137 6 137 3 129 3 157 3 157 7 129 7 145 7 157 3 145 3 185 3 185 8 145 8 153 8 185 9 153 9 203 9 203 10 153 10 165 10 203 11 165 11 215 11 94 12 95 12 107 12 164 13 165 13 153 13 154 14 166 14 170 14 170 15 166 15 171 15 170 16 171 16 182 16 182 17 171 17 183 17 182 18 183 18 190 18 190 19 183 19 191 19 190 20 191 20 192 20 192 21 191 21 193 21 192 22 193 22 188 22 188 23 193 23 189 23 188 24 189 24 178 24 178 25 189 25 179 25 178 26 179 26 168 26 168 27 179 27 169 27 168 28 169 28 152 28 104 29 92 29 86 29 86 30 92 30 87 30 86 31 87 31 80 31 80 31 87 31 81 31 80 32 81 32 68 32 68 33 81 33 69 33 68 34 69 34 62 34 62 35 69 35 63 35 62 36 63 36 70 36 70 37 63 37 71 37 70 38 71 38 82 38 82 39 71 39 83 39 82 40 83 40 90 40 90 41 83 41 91 41 90 42 91 42 106 42 167 43 166 43 155 43 155 44 166 44 154 44 155 45 154 45 147 45 147 46 154 46 146 46 147 47 146 47 131 47 131 48 146 48 130 48 131 49 130 49 119 49 119 50 130 50 118 50 119 51 118 51 107 51 107 52 118 52 106 52 107 53 106 53 94 53 94 54 106 54 91 54 93 55 92 55 105 55 105 56 92 56 104 56 105 57 104 57 115 57 115 58 104 58 114 58 115 59 114 59 129 59 129 60 114 60 128 60 129 61 128 61 145 61 145 62 128 62 144 62 145 63 144 63 153 63 153 64 144 64 152 64 153 65 152 65 164 65 164 66 152 66 169 66 217 67 167 67 205 67 205 68 167 68 155 68 205 69 155 69 187 69 187 3 155 3 161 3 161 70 155 70 147 70 161 3 147 3 139 3 139 71 147 71 131 71 139 72 131 72 123 72 123 3 131 3 103 3 103 73 131 73 119 73 103 3 119 3 79 3 79 74 119 74 107 74 79 75 107 75 59 75 59 76 107 76 95 76 59 77 95 77 49 77 46 78 47 78 53 78 216 79 217 79 205 79 59 80 49 80 48 80 225 81 216 81 204 81 220 82 237 82 236 82 236 83 237 83 251 83 236 83 251 83 250 83 250 84 251 84 255 84 250 85 255 85 254 85 254 86 255 86 259 86 254 87 259 87 258 87 258 88 259 88 257 88 258 89 257 89 256 89 256 90 257 90 253 90 256 91 253 91 252 91 252 92 253 92 243 92 252 93 243 93 242 93 242 94 243 94 225 94 242 95 225 95 224 95 224 96 225 96 204 96 203 97 215 97 214 97 35 98 46 98 52 98 36 99 21 99 20 99 20 100 21 100 9 100 20 101 9 101 8 101 8 102 9 102 5 102 8 103 5 103 4 103 4 104 5 104 1 104 4 105 1 105 0 105 0 106 1 106 3 106 0 106 3 106 2 106 2 107 3 107 7 107 2 108 7 108 6 108 6 109 7 109 19 109 6 110 19 110 18 110 18 111 19 111 35 111 18 112 35 112 34 112 34 113 35 113 52 113 46 114 53 114 52 114 52 115 53 115 77 115 52 116 77 116 76 116 76 117 77 117 101 117 76 118 101 118 100 118 100 119 101 119 121 119 100 120 121 120 120 120 120 121 121 121 137 121 120 122 137 122 136 122 136 123 137 123 157 123 136 124 157 124 156 124 156 125 157 125 185 125 156 126 185 126 184 126 184 127 185 127 203 127 184 128 203 128 202 128 202 129 203 129 214 129 202 130 214 130 220 130 220 131 214 131 221 131 220 82 221 82 237 82 216 132 205 132 204 132 204 133 205 133 187 133 204 134 187 134 186 134 186 135 187 135 161 135 186 136 161 136 160 136 160 137 161 137 139 137 160 138 139 138 138 138 138 139 139 139 123 139 138 139 123 139 122 139 122 140 123 140 103 140 122 141 103 141 102 141 102 142 103 142 79 142 102 143 79 143 78 143 78 144 79 144 59 144 78 145 59 145 58 145 58 146 59 146 48 146 58 147 48 147 36 147 36 148 48 148 37 148 36 149 37 149 21 149 4 150 0 150 11 150 11 151 0 151 2 151 11 151 2 151 15 151 15 152 2 152 6 152 15 151 6 151 23 151 23 153 6 153 18 153 23 151 18 151 39 151 39 154 18 154 34 154 39 155 34 155 57 155 57 156 34 156 52 156 57 157 52 157 73 157 73 151 52 151 76 151 73 158 76 158 97 158 97 151 76 151 100 151 97 159 100 159 113 159 113 151 100 151 120 151 113 151 120 151 133 151 133 160 120 160 136 160 133 151 136 151 149 151 149 161 136 161 156 161 149 151 156 151 173 151 173 151 156 151 184 151 173 151 184 151 195 151 195 162 184 162 202 162 195 163 202 163 211 163 211 164 202 164 220 164 211 151 220 151 227 151 227 165 220 165 236 165 227 166 236 166 239 166 239 151 236 151 250 151 239 151 250 151 245 151 245 151 250 151 254 151 245 167 254 167 249 167 249 151 254 151 258 151 249 151 258 151 247 151 247 151 258 151 256 151 247 168 256 168 241 168 241 151 256 151 252 151 241 151 252 151 229 151 229 151 252 151 242 151 229 151 242 151 213 151 213 151 242 151 224 151 213 169 224 169 197 169 197 151 224 151 204 151 197 170 204 170 175 170 175 151 204 151 186 151 175 151 186 151 151 151 151 151 186 151 160 151 151 151 160 151 135 151 135 151 160 151 138 151 135 151 138 151 117 151 117 171 138 171 122 171 117 151 122 151 99 151 99 151 122 151 102 151 99 151 102 151 75 151 75 172 102 172 78 172 75 151 78 151 61 151 61 151 78 151 58 151 61 151 58 151 41 151 41 151 58 151 36 151 41 151 36 151 25 151 25 173 36 173 20 173 25 174 20 174 17 174 17 151 20 151 8 151 17 175 8 175 13 175 13 176 8 176 4 176 13 177 4 177 11 177 248 178 247 178 246 178 246 179 247 179 241 179 246 179 241 179 240 179 240 180 241 180 229 180 240 180 229 180 228 180 228 181 229 181 213 181 228 181 213 181 212 181 212 182 213 182 197 182 212 183 197 183 196 183 196 184 197 184 175 184 196 185 175 185 174 185 174 186 175 186 151 186 174 187 151 187 150 187 150 188 151 188 135 188 150 188 135 188 134 188 134 189 135 189 117 189 134 190 117 190 116 190 116 191 117 191 99 191 116 192 99 192 98 192 98 193 99 193 75 193 98 194 75 194 74 194 74 195 75 195 61 195 74 196 61 196 60 196 60 197 61 197 41 197 60 198 41 198 40 198 40 199 41 199 25 199 40 200 25 200 24 200 24 201 25 201 17 201 24 201 17 201 16 201 16 202 17 202 13 202 16 202 13 202 12 202 12 203 13 203 11 203 12 203 11 203 10 203 10 204 11 204 15 204 10 205 15 205 14 205 14 206 15 206 23 206 14 207 23 207 22 207 22 208 23 208 39 208 22 209 39 209 38 209 38 210 39 210 57 210 38 211 57 211 56 211 56 212 57 212 73 212 56 213 73 213 72 213 72 214 73 214 97 214 72 215 97 215 96 215 96 216 97 216 113 216 96 217 113 217 112 217 112 218 113 218 133 218 112 218 133 218 132 218 132 219 133 219 149 219 132 220 149 220 148 220 148 221 149 221 173 221 148 222 173 222 172 222 172 223 173 223 195 223 172 224 195 224 194 224 194 225 195 225 211 225 194 226 211 226 210 226 210 227 211 227 227 227 210 228 227 228 226 228 226 229 227 229 239 229 226 230 239 230 238 230 238 231 239 231 245 231 238 232 245 232 244 232 244 233 245 233 249 233 244 234 249 234 248 234 248 235 249 235 247 235 126 151 116 151 110 151 110 151 116 151 98 151 110 151 98 151 88 151 88 236 98 236 74 236 88 151 74 151 66 151 66 151 74 151 60 151 66 237 60 237 54 237 54 151 60 151 40 151 54 151 40 151 44 151 44 151 40 151 24 151 44 151 24 151 32 151 32 151 24 151 16 151 32 151 16 151 28 151 28 151 16 151 12 151 28 151 12 151 26 151 26 238 12 238 10 238 26 239 10 239 30 239 30 151 10 151 14 151 30 151 14 151 42 151 42 151 14 151 22 151 42 151 22 151 50 151 50 151 22 151 38 151 50 240 38 240 64 240 64 241 38 241 56 241 64 151 56 151 84 151 84 242 56 242 72 242 84 243 72 243 108 243 108 151 72 151 96 151 108 151 96 151 124 151 96 151 112 151 124 151 124 244 112 244 132 244 124 151 132 151 140 151 140 245 132 245 148 245 140 151 148 151 158 151 158 151 148 151 172 151 158 151 172 151 176 151 176 246 172 246 194 246 176 151 194 151 198 151 198 151 194 151 210 151 198 151 210 151 206 151 206 247 210 247 226 247 206 248 226 248 218 248 218 151 226 151 238 151 218 151 238 151 230 151 230 151 238 151 244 151 230 151 244 151 234 151 234 249 244 249 248 249 234 250 248 250 232 250 232 151 248 151 246 151 232 151 246 151 222 151 222 151 246 151 240 151 222 151 240 151 208 151 208 151 240 151 228 151 208 251 228 251 200 251 200 252 228 252 212 252 200 253 212 253 180 253 180 254 212 254 196 254 180 255 196 255 162 255 162 151 196 151 174 151 162 151 174 151 142 151 142 256 174 256 150 256 142 151 150 151 126 151 126 257 150 257 134 257 126 258 134 258 116 258 235 259 234 259 233 259 233 260 234 260 232 260 233 261 232 261 223 261 223 261 232 261 222 261 223 262 222 262 209 262 209 263 222 263 208 263 209 264 208 264 201 264 201 265 208 265 200 265 201 266 200 266 181 266 181 267 200 267 180 267 181 268 180 268 163 268 163 269 180 269 162 269 163 270 162 270 143 270 143 271 162 271 142 271 143 272 142 272 127 272 127 273 142 273 126 273 127 274 126 274 111 274 111 275 126 275 110 275 111 276 110 276 89 276 89 277 110 277 88 277 89 278 88 278 67 278 67 279 88 279 66 279 67 280 66 280 55 280 55 281 66 281 54 281 55 282 54 282 45 282 45 283 54 283 44 283 45 284 44 284 33 284 33 285 44 285 32 285 33 286 32 286 29 286 29 287 32 287 28 287 29 288 28 288 27 288 27 288 28 288 26 288 27 289 26 289 31 289 31 290 26 290 30 290 31 291 30 291 43 291 43 292 30 292 42 292 43 293 42 293 51 293 51 294 42 294 50 294 51 295 50 295 65 295 65 296 50 296 64 296 65 297 64 297 85 297 85 298 64 298 84 298 85 299 84 299 109 299 109 300 84 300 108 300 109 301 108 301 125 301 125 302 108 302 124 302 125 303 124 303 141 303 141 304 124 304 140 304 141 305 140 305 159 305 159 306 140 306 158 306 159 307 158 307 177 307 177 308 158 308 176 308 177 309 176 309 199 309 199 310 176 310 198 310 199 311 198 311 207 311 207 312 198 312 206 312 207 313 206 313 219 313 219 314 206 314 218 314 219 315 218 315 231 315 231 315 218 315 230 315 231 316 230 316 235 316 235 317 230 317 234 317 70 318 29 318 62 318 62 151 29 151 27 151 62 319 27 319 68 319 68 151 27 151 31 151 68 320 31 320 80 320 80 151 31 151 43 151 80 321 43 321 86 321 190 322 223 322 182 322 182 323 223 323 209 323 182 151 209 151 170 151 170 324 209 324 201 324 170 151 201 151 154 151 154 325 201 325 181 325 154 326 181 326 146 326 178 327 219 327 188 327 188 151 219 151 231 151 188 151 231 151 192 151 192 151 231 151 235 151 192 151 235 151 190 151 190 151 235 151 233 151 190 151 233 151 223 151 43 328 51 328 86 328 86 329 51 329 65 329 86 151 65 151 104 151 104 330 65 330 85 330 104 151 85 151 114 151 114 331 85 331 109 331 114 151 109 151 128 151 106 151 67 151 90 151 90 332 67 332 55 332 90 151 55 151 82 151 82 333 55 333 45 333 82 151 45 151 70 151 70 334 45 334 33 334 70 335 33 335 29 335 181 151 163 151 146 151 146 151 163 151 143 151 146 151 143 151 130 151 130 336 143 336 127 336 130 337 127 337 118 337 118 338 127 338 111 338 118 151 111 151 106 151 106 339 111 339 89 339 106 151 89 151 67 151 109 151 125 151 128 151 128 340 125 340 141 340 128 151 141 151 144 151 144 341 141 341 159 341 144 151 159 151 152 151 152 342 159 342 177 342 152 343 177 343 168 343 168 151 177 151 199 151 168 151 199 151 178 151 178 151 199 151 207 151 178 151 207 151 219 151 216 344 166 344 217 344 217 345 166 345 167 345 215 346 165 346 214 346 214 347 165 347 164 347 166 3 216 3 171 3 171 348 216 348 225 348 171 349 225 349 183 349 225 350 243 350 183 350 183 351 243 351 253 351 183 3 253 3 191 3 191 352 253 352 257 352 191 3 257 3 193 3 193 3 257 3 259 3 193 353 259 353 189 353 214 354 164 354 221 354 221 355 164 355 169 355 221 3 169 3 237 3 237 3 169 3 179 3 237 356 179 356 251 356 251 357 179 357 189 357 251 3 189 3 255 3 255 3 189 3 259 3 46 358 92 358 47 358 47 359 92 359 93 359 49 360 95 360 48 360 48 361 95 361 94 361 92 3 46 3 87 3 87 362 46 362 35 362 87 363 35 363 81 363 35 364 19 364 81 364 81 365 19 365 7 365 81 3 7 3 69 3 69 366 7 366 3 366 69 3 3 3 63 3 63 3 3 3 1 3 63 367 1 367 71 367 48 368 94 368 37 368 37 369 94 369 91 369 37 3 91 3 21 3 21 3 91 3 83 3 21 370 83 370 9 370 9 371 83 371 71 371 9 3 71 3 5 3 5 3 71 3 1 3</p>
        </triangles>
      </mesh>
    </geometry>
    <geometry id="Shape_IndexedFaceSet_058-mesh" name="Shape_IndexedFaceSet.058">
      <mesh>
        <source id="Shape_IndexedFaceSet_058-mesh-positions">
          <float_array id="Shape_IndexedFaceSet_058-mesh-positions-array" count="888">1.05902 8.15e-4 -0.109093 1.05902 8.15e-4 -0.09533995 1.05902 5.83e-4 -0.09513497 1.05902 5.51e-4 -0.09510797 1.05902 5.24e-4 -0.09508395 1.05902 2.31e-4 -0.09482896 1.05902 2.1e-5 -0.09464699 1.05902 3.1e-5 -0.09465497 1.05902 1.1e-5 -0.09465497 1.05903 -9.1e-5 -0.09474295 1.05903 -2.23e-4 -0.09485697 1.05903 -4.1e-4 -0.09502196 1.05903 -4.82e-4 -0.09508496 1.05903 -7.29e-4 -0.09530198 1.05903 -7.73e-4 -0.109093 1.05903 -7.73e-4 -0.09533995 1.05903 -4.11e-4 -0.09508097 1.05904 8.54e-4 -0.095465 1.05905 2.31e-4 -0.09507596 1.05905 -9e-5 -0.09507495 1.05905 8.71e-4 -0.09551298 1.05905 8.71e-4 -0.09551995 1.05905 8.74e-4 -0.09551995 1.05906 -8.3e-4 -0.09551995 1.05906 -8.31e-4 -0.09552198 1.05908 9.14e-4 -0.09562897 1.05908 -7.31e-4 -0.09551399 1.0591 -9.02e-4 -0.09570199 1.05911 5.53e-4 -0.09550398 1.05912 9.85e-4 -0.09579098 1.05912 -4.11e-4 -0.095501 1.05913 2.32e-4 -0.09549599 1.05914 -9e-5 -0.09549498 1.05915 -9.85e-4 -0.09588098 1.05915 0.001047909 -0.09591799 1.05916 0.001056969 -0.09593397 1.05917 -0.001013994 -0.09593397 1.0592 8.85e-4 -0.095923 1.0592 -0.00106889 -0.09603595 1.05921 0.001141965 -0.09608799 1.05921 -0.00108093 -0.09605896 1.05922 -7.41e-4 -0.09591799 1.05925 5.62e-4 -0.09590798 1.05926 0.001227915 -0.09622496 1.05926 -4.17e-4 -0.095905 1.05927 0.001245915 -0.09625399 1.05927 -0.001188993 -0.09623497 1.05928 2.36e-4 -0.09589999 1.05928 -9.1e-5 -0.09589898 1.0593 0.001297891 -0.09632897 1.05931 -0.001252949 -0.09632897 1.05931 0.001237988 -0.09632498 1.05932 -0.00127691 -0.09636396 1.05933 0.001358926 -0.09641599 1.05935 -0.001091957 -0.096318 1.05939 9.1e-4 -0.09630399 1.0594 -0.001407921 -0.09653997 1.0594 0.001480937 -0.096574 1.05941 -7.62e-4 -0.09629899 1.05943 -0.001456916 -0.09659898 1.05944 5.78e-4 -0.09628999 1.05946 -4.28e-4 -0.09628695 1.05946 0.00158596 -0.09669798 1.05947 2.43e-4 -0.096282 1.05947 0.001610994 -0.109093 1.05947 0.001610994 -0.09672796 1.05948 -0.001539826 -0.09669798 1.05948 -9.3e-5 -0.09628099 1.05949 -0.001563966 -0.109093 1.05949 -0.001563966 -0.09672796 1.0595 -0.00147289 -0.09669297 1.05952 -0.001563966 -0.09676396 1.05955 0.001287937 -0.09667599 1.05959 -0.001134932 -0.09666895 1.05961 0.001610994 -0.09687399 1.05962 -0.001563966 -0.09686797 1.05963 9.47e-4 -0.09665495 1.05966 -7.92e-4 -0.09665 1.05968 6.01e-4 -0.096641 1.0597 -4.45e-4 -0.09663796 1.05972 2.53e-4 -0.09663397 1.05972 -9.6e-5 -0.09663295 1.05975 0.001611948 -0.097009 1.05976 0.001611948 -0.09701198 1.05976 -0.001562893 -0.097005 1.05977 -0.001562893 -0.097009 1.05977 -0.001545906 -0.09700798 1.05983 0.001350939 -0.09698998 1.05984 -0.001561999 -0.09706598 1.05987 -0.00119096 -0.09698396 1.05991 0.001612961 -0.09713995 1.05992 9.93e-4 -0.09696996 1.05992 -0.001561999 -0.09713298 1.05994 -8.31e-4 -0.09696596 1.05997 6.31e-4 -0.09695696 1.05999 -4.67e-4 -0.09695398 1.06 2.66e-4 -0.09694898 1.06001 -1.01e-4 -0.09694796 1.06007 0.001613855 -0.09725999 1.06008 -0.001560986 -0.09725195 1.0601 0.001613855 -0.09727597 1.06011 -0.001560986 -0.09727495 1.06013 0.001613855 -0.09729498 1.06015 0.001427948 -0.09726399 1.06019 -0.001257956 -0.09725695 1.06024 0.001049995 -0.09724396 1.06025 -0.001559913 -0.09736096 1.06027 -8.78e-4 -0.09723895 1.0603 0.001614928 -0.09740298 1.0603 6.67e-4 -0.09722995 1.06032 -4.93e-4 -0.09722697 1.06034 2.81e-4 -0.09722298 1.06034 -1.06e-4 -0.09722197 1.06042 -0.001559913 -0.09746199 1.06047 0.001615822 -0.09749698 1.06048 0.001615822 -0.09749996 1.06049 -0.001558899 -0.09749597 1.0605 0.001515865 -0.09749096 1.06052 -0.001558899 -0.09751397 1.06055 -0.001334965 -0.09748399 1.0606 0.001113951 -0.09747099 1.06063 -9.32e-4 -0.09746599 1.06066 7.08e-4 -0.09745699 1.06067 0.001616895 -0.09758496 1.06068 -5.24e-4 -0.09745395 1.0607 2.98e-4 -0.09744995 1.0607 -1.13e-4 -0.097449 1.06071 -0.001557946 -0.097597 1.06086 0.001616895 -0.09766 1.06088 0.001617968 -0.09766697 1.06088 0.001613855 -0.09766697 1.06089 -0.001556873 -0.09766697 1.06089 0.001617968 -0.09767299 1.0609 -0.001556873 -0.09766995 1.06093 -0.001421988 -0.09766 1.06098 0.001186907 -0.09764695 1.06102 -9.92e-4 -0.097642 1.06105 0.001617968 -0.09772199 1.06105 7.54e-4 -0.097633 1.06107 -5.58e-4 -0.09762996 1.06109 3.18e-4 -0.09762597 1.06109 -0.001555979 -0.09772998 1.0611 -1.2e-4 -0.09762495 1.06112 0.001618981 -0.09774196 1.06129 -0.001554906 -0.09777998 1.0613 0.001619935 -0.09778398 1.06132 -0.001554906 -0.09778398 1.06132 0.001619935 -0.09778898 1.06133 -0.001514971 -0.09778296 1.06138 0.001264989 -0.09776896 1.06142 -0.001056969 -0.09776395 1.06146 8.04e-4 -0.09775495 1.06148 -5.94e-4 -0.09775197 1.06149 -0.001553893 -0.09781599 1.06149 -0.001553893 -0.097817 1.0615 3.38e-4 -0.09774696 1.06151 -1.28e-4 -0.09774595 1.06152 0.001620948 -0.09782296 1.06161 -0.001553893 -0.09783297 1.06172 0.001621842 -0.09784597 1.06174 0.001621842 -0.09784597 1.06175 -0.001552999 -0.09784495 1.0618 0.001346886 -0.097835 1.06181 -0.001552999 -0.09785097 1.06184 -0.001126945 -0.09782999 1.06188 8.56e-4 -0.09781998 1.0619 -6.34e-4 -0.097817 1.06192 3.61e-4 -0.09781199 1.06193 0.001622915 -0.09785598 1.06193 -1.37e-4 -0.09781098 1.06202 -0.001551926 -0.09785598 1.06213 0.001623988 -0.097853 1.06218 0.001623988 -0.09785097 1.06219 -0.001550972 -0.09784996 1.06222 0.001432955 -0.097844 1.06222 -0.001550972 -0.09784895 1.06225 0.001623988 -0.09784698 1.06226 -0.001198947 -0.09783798 1.0623 9.11e-4 -0.09782797 1.06233 -6.74e-4 -0.09782397 1.06235 3.83e-4 -0.09781897 1.06236 -1.46e-4 -0.09781795 1.06242 -0.001549959 -0.09782999 1.06245 0.001624882 -0.09782499 1.06261 0.001625955 -0.097799 1.06263 -0.001548886 -0.097799 1.06263 0.001519978 -0.09779399 1.06268 -0.001272976 -0.09778797 1.06272 9.66e-4 -0.09777796 1.06275 -7.16e-4 -0.09777396 1.06278 4.07e-4 -0.097768 1.06279 -1.55e-4 -0.09776699 1.0702 0.00166285 -0.105283 1.07022 -0.001511991 -0.105283 1.07023 0.00166285 -0.105583 1.07023 0.00166285 -0.104983 1.07025 -0.001511991 -0.105583 1.07025 -0.001511991 -0.104983 1.07032 0.00166285 -0.105873 1.07032 0.00166285 -0.104693 1.07033 -0.001511991 -0.105873 1.07033 -0.001511991 -0.104693 1.07046 0.001663923 -0.106141 1.07046 0.001663923 -0.104425 1.07047 -0.001510918 -0.106141 1.07047 -0.001510918 -0.104425 1.07064 0.001664996 -0.106379 1.07064 0.001664996 -0.104187 1.07066 -0.001509964 -0.106379 1.07066 -0.001509964 -0.104187 1.07087 0.00166589 -0.106576 1.07087 0.00166589 -0.10399 1.07089 -0.001508951 -0.106576 1.07089 -0.001508951 -0.10399 1.07113 0.001666963 -0.106727 1.07113 0.001666963 -0.103839 1.07115 -0.001507937 -0.106727 1.07115 -0.001507937 -0.103839 1.07142 0.00166893 -0.106826 1.07142 0.00166893 -0.10374 1.07143 -0.001505911 -0.106826 1.07143 -0.001505911 -0.10374 1.07172 0.001669943 -0.106869 1.07172 0.001669943 -0.103697 1.07173 -0.001504898 -0.106869 1.07173 -0.001504898 -0.103697 1.07202 0.00167191 -0.106854 1.07202 0.00167191 -0.103712 1.07203 -0.001502931 -0.106854 1.07203 -0.001502931 -0.103712 1.07231 0.001672983 -0.106783 1.07231 0.001672983 -0.103783 1.07233 -0.001501977 -0.106783 1.07233 -0.001501977 -0.103783 1.07259 0.001673996 -0.106658 1.07259 0.001673996 -0.103908 1.0726 -0.001500964 -0.106658 1.0726 -0.001500964 -0.103908 1.07283 0.00167495 -0.106483 1.07283 0.00167495 -0.104083 1.07285 -0.001499891 -0.106483 1.07285 -0.001499891 -0.104083 1.07304 0.001675963 -0.106264 1.07304 0.001675963 -0.104302 1.07306 -0.001498997 -0.106264 1.07306 -0.001498997 -0.104302 1.0732 0.001676917 -0.10601 1.0732 0.001676917 -0.104556 1.07322 -0.001497924 -0.10601 1.07322 -0.001497924 -0.104556 1.07332 0.00167793 -0.1057299 1.07332 0.00167793 -0.104836 1.07333 -0.001496911 -0.1057299 1.07333 -0.001496911 -0.104836 1.07337 0.00167793 -0.105434 1.07337 0.00167793 -0.105132 1.07338 0.00167793 -0.105283 1.07339 -0.001496911 -0.105434 1.07339 -0.001496911 -0.105132 1.0734 -0.001496911 -0.105283 1.07528 0.00168699 -0.109093 1.07528 0.00168699 -0.09541296 1.0753 -0.00148797 -0.109093 1.0753 -0.00148797 -0.09541296 1.07558 0.001661956 -0.109093 1.07558 0.001661956 -0.09535795 1.07559 -0.001458883 -0.109093 1.07559 -0.001458883 -0.09535795 1.07586 0.00158298 -0.109093 1.07586 0.00158298 -0.09530496 1.07587 -0.00137794 -0.109093 1.07587 -0.00137794 -0.09530496 1.07612 0.001453936 -0.109093 1.07612 0.001453936 -0.09525495 1.07614 -0.001245915 -0.109093 1.07614 -0.001245915 -0.09525495 1.07636 0.001277983 -0.109093 1.07636 0.001277983 -0.09521096 1.07637 -0.001067996 -0.109093 1.07637 -0.001067996 -0.09521096 1.07656 0.001062989 -0.109093 1.07656 0.001062989 -0.09517395 1.07656 -8.51e-4 -0.109093 1.07656 -8.51e-4 -0.09517395 1.07671 8.14e-4 -0.109093 1.07671 8.14e-4 -0.09514498 1.07672 -6.01e-4 -0.109093 1.07672 -6.01e-4 -0.09514498 1.07682 5.42e-4 -0.109093 1.07682 5.42e-4 -0.09512495 1.07682 -3.27e-4 -0.109093 1.07682 -3.27e-4 -0.09512495 1.07687 2.54e-4 -0.109093 1.07687 2.54e-4 -0.095115 1.07687 -3.9e-5 -0.109093 1.07687 -3.9e-5 -0.095115</float_array>
          <technique_common>
            <accessor source="#Shape_IndexedFaceSet_058-mesh-positions-array" count="296" stride="3">
              <param name="X" type="float"/>
              <param name="Y" type="float"/>
              <param name="Z" type="float"/>
            </accessor>
          </technique_common>
        </source>
        <source id="Shape_IndexedFaceSet_058-mesh-normals">
          <float_array id="Shape_IndexedFaceSet_058-mesh-normals-array" count="1734">0.09984028 -0.9950035 0 0.09977388 -0.9950102 0 0.2777989 -0.9606394 0 0.2777939 -0.9606407 0 0.4388764 -0.8985475 0 0.4392749 -0.8983527 0 0.6119282 -0.7909134 0 0.6120242 -0.7908391 0 0.7521355 -0.6590084 0 0.7523146 -0.6588041 0 0.8424022 -0.5388494 0 0.8422973 -0.5390135 0 0.9392197 -0.343317 0 0.9395254 -0.3424792 0 0.9854117 -0.1701878 0 0.9852019 -0.171398 0 1 0 0 0.9852788 0.1709554 0 0.9853351 0.1706308 0 0.9272009 0.3745645 0 0.9268558 0.3754176 0 0.8566204 0.5159473 0 0.8567561 0.5157218 0 0.7320744 0.6812247 0 0.7320798 0.681219 0 0.5916239 0.8062142 0 0.5910498 0.8066352 0 0.4445039 0.895777 0 0.4445075 0.8957751 0 0.2716681 0.9623911 0 0.2713077 0.9624927 0 0.08309018 0.9965421 0 0.08320754 0.9965323 0 0.9950041 0.006263196 0.09963738 0.9950433 0.006263434 0.0992459 0.955045 0.005977332 0.2964007 0.963892 0.002986013 0.2662769 0.886421 0.002789199 0.4628714 0.8864148 0.002789318 0.4628834 0.7975559 0.002519011 0.6032399 0.781458 0.004936099 0.6239385 0.6505632 0.004086792 0.7594411 0.6505854 0.004117131 0.7594221 0.5021623 0.003170907 0.8647676 0.5022422 0.003170609 0.8647213 0.3230237 0.002033829 0.9463887 0.3333225 0.001049339 0.9428124 0.1418371 4.53637e-4 0.9898899 0.1419051 4.46072e-4 0.9898802 -0.04993891 -1.56441e-4 0.9987523 -0.04993116 -1.56441e-4 0.9987527 -0.237798 -7.52137e-4 0.9713144 -0.2302507 -0.001456677 0.9731302 -0.4076056 -0.002570688 0.9131546 -0.4201632 -0.001324653 0.9074475 -0.5891992 -0.001882672 0.8079857 -0.573471 -0.003604829 0.819218 -0.7216586 -0.004561722 0.6922342 -0.7218906 -0.004502117 0.6919926 -0.8461408 -0.005252063 0.5329336 -0.8459509 -0.005312383 0.5332344 -0.9191156 -0.00577563 0.3939459 -0.9308915 -0.002863705 0.3652846 -0.9860449 -0.003115892 0.1664508 -0.9799826 -0.006193578 0.1989867 -0.9977895 -0.0062384 0.06616079 -0.9977886 -0.006299734 0.06616878 -0.9977885 -0.00623995 -0.06617683 -0.9977891 -0.006299018 -0.06616079 -0.986039 -0.006229877 -0.1663983 -0.9800112 -0.003095686 -0.1989186 -0.9190844 -0.002828478 -0.3940509 -0.9308301 -0.005851089 -0.3654056 -0.8461495 -0.005313217 -0.5329192 -0.8459622 -0.00525093 -0.5332172 -0.7217037 -0.004500806 -0.6921874 -0.7218381 -0.004563093 -0.692047 -0.589246 -0.003734469 -0.8079451 -0.5734705 -0.001802384 -0.8192242 -0.4076105 -0.001285314 -0.9131551 -0.4201267 -0.002649366 -0.9074617 -0.2377288 -0.001504182 -0.9713304 -0.2302812 -7.28391e-4 -0.9731239 -0.04993891 -1.56441e-4 -0.9987523 -0.04992461 -1.56441e-4 -0.998753 0.1418964 4.53633e-4 -0.9898814 0.1418233 4.46077e-4 -0.9898919 0.3230413 0.001016974 -0.9463844 0.3333211 0.00209856 -0.9428111 0.5021483 0.003170788 -0.8647758 0.5022402 0.003170728 -0.8647224 0.6506122 0.004086732 -0.7593993 0.6505579 0.004117071 -0.7594454 0.7975544 0.005037665 -0.6032261 0.7814928 0.002468049 -0.6239094 0.8863986 0.002789497 -0.4629144 0.8864223 0.002789139 -0.4628689 0.9550524 0.003019034 -0.2964217 0.9638835 0.00597167 -0.2662577 0.9950041 0.006263196 -0.09963738 0.9950438 0.006263077 -0.09923988 -0.1850385 -0.005764782 0.9827144 -0.1851148 0.01123583 0.9826527 -0.1849535 -0.001632094 0.982746 -0.1849135 -0.002377092 0.982752 -0.1796855 0.008486151 0.9836875 -0.1848682 -0.002763688 0.9827594 -0.1851292 0.00272274 0.9827104 -0.1850059 -0.001474618 0.9827364 -0.1849398 -0.002351045 0.9827471 -0.1851468 0.001684248 0.9827094 -0.1768938 0.00611484 0.984211 -0.1987107 -0.02081656 0.9798371 -0.1871092 -0.004826784 0.9823272 -0.1849707 -0.0014292 0.9827431 -0.18498 -0.001645922 0.9827409 -0.1850471 9.2944e-4 0.9827293 -0.1850811 -0.001726031 0.9827218 -0.1850969 0 0.9827203 -0.1864147 3.91011e-4 0.9824711 -0.1858717 -2.30345e-4 0.982574 -0.1789323 -0.006779432 0.9838381 -0.1878503 -1.58123e-4 0.9821977 -0.1989436 0.007766067 0.9799802 -0.1536572 -0.0167973 0.9879815 0.5950663 -0.2032237 0.7775579 -0.1458962 -0.01305973 0.9892138 0.05221921 0.05117899 0.9973235 0.8854714 0.1772887 0.4295452 0.9971054 0.04770928 0.05920183 0.9729064 0.06638985 0.221462 0.9640349 0 0.2657759 0.9828357 0.1844831 0 0.9466441 0.1856036 0.2634698 0.9573087 0.1942365 0.2140846 0.9569094 0.1921178 0.2177503 0.9581806 0.184543 0.21871 0.8809434 0.2308636 0.413087 0.7671717 0.2170749 0.6035942 0.9003921 0.2657431 0.3444921 0.8662123 0.1765154 0.4674597 0.8538322 0.2584961 0.4518303 0.8589445 0.2388939 0.4529283 0.7554769 0.2723097 0.5959046 0.6349926 0.4751979 0.6090744 0.7151656 0.2635691 0.6473559 0.6615391 0.2987954 0.6878135 0.5778985 0.2642436 0.7721456 0.6305637 0.2314782 0.7408153 0.4667877 0.2547177 0.8468933 0.5252422 0.1943653 0.8284582 0.5245836 0.1948299 0.8287661 0.3569202 0.2378897 0.9033364 0.4023287 0.1613846 0.9011585 0.2707997 0.1223562 0.954828 0.2907245 0.1180129 0.9495011 0.4647983 0.1498713 0.8726404 0.5158403 0 0.8566848 0.1131827 0.1052933 0.9879793 0.1664456 0.08349651 0.9825092 0.2412014 0.09526962 0.9657876 -0.1092889 0.03268486 0.9934725 -0.05694401 0.02447235 0.9980774 -0.04036545 0.02794164 0.9987943 -0.03526484 -0.02699583 0.9990134 -0.03299486 -0.02745276 0.9990785 -0.09428429 -0.02032369 0.9953379 0.08546346 -0.05306512 0.9949272 0.09967929 -0.05591076 0.9934476 0.9893592 0.1454939 0 0.1837036 -0.07685273 0.9799728 0.3586825 -0.1541354 0.920646 0.2825862 -0.133621 0.9498898 0.2399109 -0.1679486 0.9561569 0.1325502 -0.05799067 0.9894784 0.1849103 -0.07258749 0.9800711 0.4998446 -0.206915 0.8410361 0.4320923 -0.1629543 0.8869849 0.5068225 -0.1815961 0.8427062 0.5854312 -0.2004221 0.7855579 0.5922133 -0.2196813 0.7752571 0.819061 -0.2809111 0.500228 0.7294644 -0.3123386 0.6085445 0.6729204 -0.2790672 0.6850546 0.3705843 -0.05453413 0.9271966 0.6310399 -0.04739576 0.7743012 0.7703169 -0.4017655 0.4951732 0.7799957 -0.2768269 0.5612251 0.7604423 -0.2453894 0.6012584 0.7508913 -0.2655909 0.6046684 0.7497047 -0.2703062 0.6040511 0.8613278 -0.1845654 0.4733394 0.8604186 -0.1889889 0.4732474 0.8364197 -0.2906036 0.4647062 0.9132575 -0.2662637 0.3083251 0.9127056 -0.2085615 0.3513839 0.8808286 -0.1867505 0.4350463 0.9562215 -0.1934202 0.2196112 0.9519023 -0.2060955 0.2267308 0.9531861 -0.1997851 0.2269852 0.9735625 -0.1289144 0.1885662 0.9999964 0.002676427 0 0.9965818 -0.06335574 0.05301767 0.9968707 -0.05149936 0.05997222 0.9981857 -1.27776e-4 0.06021183 0.9906624 0.06380259 0.1204875 0.9872853 0.1041676 0.1200711 0.9769816 0.1410803 0.1600108 0.9768415 0.1052618 0.1862815 0.9818655 0.03084665 0.1870523 0.9778017 9.43238e-4 0.2095305 0.9757424 -0.06487393 0.2090892 0.9757527 -0.06474608 0.2090802 0.9777331 -0.01195734 0.2095113 0.999994 -0.003476738 0 -0.1240807 -0.03406214 0.9916874 -0.1199634 -0.009878575 0.9927292 -0.1192575 -0.01057332 0.9928071 -0.1186512 -0.003939032 0.9929282 -0.1177771 -0.004672646 0.9930291 -0.1177581 -2.58914e-4 0.9930423 -0.1176581 -3.17229e-4 0.9930542 -0.1179035 0.005033373 0.9930124 -0.1189807 0.00569576 0.9928804 -0.1194466 0.009302794 0.9927971 -0.1234955 0.01150238 0.9922785 -0.1259009 0.02335935 0.9917678 -0.1602056 0.09463691 0.9825365 -0.01508522 0.04003751 0.9990844 0.006443023 0.07277888 0.9973273 0.01466512 0.03292822 0.9993501 0.01474553 0.03296166 0.9993479 0.01658898 0.01862114 0.999689 0.01534968 0.01737475 0.9997313 0.01613581 0.002232611 0.9998674 0.01624637 0.002364277 0.9998652 0.01596969 -0.01230531 0.9997968 0.01499581 -0.01302397 0.9998027 0.01355683 -0.02846622 0.9995028 0.01417255 -0.02807855 0.9995054 0.009169042 -0.05714195 0.998324 0.02405005 -0.05082195 0.9984181 0 0.0401681 0.999193 0.1395637 0.08001971 0.9869747 0.1448126 0.0538358 0.9879934 0.1460848 0.05539953 0.9877197 0.149569 0.02798211 0.9883553 0.1513622 0.02984285 0.9880278 0.1527538 0.005082607 0.9882513 0.1531236 0.005482316 0.9881919 0.1525233 -0.02112072 0.9880742 0.1508514 -0.02253001 0.9882997 0.1487417 -0.04412496 0.9878911 0.1479108 -0.04472243 0.9879891 0.1413118 -0.08301657 0.9864782 0.131409 -0.08696359 0.9875065 0.2259077 0.09199559 0.9697951 0.2673446 0.1234955 0.9556546 0.2770304 0.07718837 0.9577558 0.2758039 0.07551771 0.9582429 0.2802547 0.04054743 0.959069 0.2809346 0.04117846 0.9588432 0.2826396 0.008320391 0.9591901 0.2832194 0.008639156 0.9590163 0.2823964 -0.03048992 0.9588131 0.2826676 -0.0304051 0.958736 0.2797808 -0.06115663 0.9581141 0.2823697 -0.05924564 0.9574745 0.2763457 -0.09380877 0.956469 0.271831 -0.09693902 0.9574502 0.2440937 -0.2041835 0.9480124 0.2990654 -0.1364876 0.944421 0.8558256 0.2355437 0.4605234 0.8592182 0.2522622 0.445093 0.8804708 0.151955 0.4490888 0.8815804 0.1571907 0.4450924 0.8901417 0.09078216 0.4465495 0.8908717 0.0919876 0.444844 0.8947927 0.02800029 0.4456028 0.8859117 0.001283407 0.4638524 0.8841304 -0.06072831 0.4632771 0.8835404 -0.06204277 0.4642274 0.8744872 -0.147795 0.4619837 0.8847339 -0.1277139 0.4482578 0.8695742 -0.2130919 0.4454577 0.9105168 -0.187705 0.3684104 0.9004653 0.270519 0.3405609 0.9063829 0.2428426 0.3456842 0.9233835 0.1596265 0.3491166 0.9260693 0.1911995 0.325328 0.939994 0.0939396 0.3280043 0.9351764 0.06700259 0.3477871 0.937483 0.001239299 0.3480291 0.9444976 0.03049278 0.3271002 0.9429665 -0.06334716 0.3268051 0.9425099 -0.06520813 0.3277547 0.936364 -0.1287441 0.3265694 0.935795 -0.1307609 0.327398 0.922065 -0.2107363 0.3246327 0.9745729 -0.2003794 0.1002787 0.3286232 0 0.9444612 0.3516035 0.2541712 0.900984 0.3880018 0.1337565 0.9119012 0.3931386 0.1428281 0.9083184 0.4032623 0.09448105 0.9101939 0.4007766 0.09078323 0.9116669 0.4057649 0.05207759 0.9124926 0.4083533 0.05554014 0.9111328 0.4108346 0.01132369 0.9116396 0.4026552 0.002101123 0.9153494 0.4017373 -0.03794628 0.9149684 0.4089439 -0.03088825 0.9120367 0.4051195 -0.07185226 0.9114359 0.4003567 -0.07598376 0.9132038 0.3928347 -0.1203181 0.9117043 0.3946949 -0.1191785 0.9110502 0.3766223 -0.1893126 0.9068166 0.3951136 -0.1737543 0.9020504 0.281166 0.1414455 0.949178 0.4970194 0.2010929 0.8441169 0.5063357 0.1678179 0.8458495 0.5050339 0.165287 0.8471252 0.5170301 0.1058461 0.8493978 0.5208482 0.112389 0.8462186 0.5269006 0.06560432 0.8473913 0.52963 0.07025575 0.8453143 0.5332518 0.001996695 0.8459542 0.5333956 0.002174139 0.8458632 0.5325737 -0.03622496 0.8456081 0.530601 -0.03795588 0.8467715 0.5256711 -0.08956766 0.8459597 0.5208997 -0.09407562 0.8484182 0.5131142 -0.1395802 0.8468952 0.5050097 -0.1466757 0.8505595 0.493265 -0.1940578 0.8479571 0.5155304 -0.1857922 0.8364865 0.4615213 0.1807059 0.8685296 0.5970439 0.2413257 0.7650493 0.6126167 0.1866423 0.768027 0.6168596 0.1980414 0.7617505 0.6319192 0.1267988 0.7645916 0.625849 0.1142158 0.7715361 0.6303156 0.07887667 0.7723218 0.624175 0.06858742 0.7782683 0.6274541 0.001722335 0.7786517 0.6388555 0.01978796 0.7690722 0.6379076 -0.04307579 0.7689073 0.6343529 -0.04742604 0.7715874 0.6288135 -0.105479 0.7703686 0.6240804 -0.1108685 0.7734546 0.6144683 -0.1658399 0.7713143 0.6213372 -0.1590718 0.7672263 0.6046271 -0.2252957 0.7639816 0.6269231 -0.2164967 0.7483961 0.2807915 0.1555558 0.947079 0.6936045 0.2619687 0.671033 0.7069771 0.2151458 0.6737178 0.7045003 0.2068518 0.6788901 0.7208498 0.1242876 0.6818564 0.7239661 0.1320072 0.6770874 0.731073 0.07505768 0.6781583 0.7417133 0.09852224 0.6634416 0.7467679 0.0221849 0.6647146 0.7356913 0.002143681 0.6773138 0.7342894 -0.05154204 0.6768771 0.7341171 -0.05195391 0.6770325 0.7271164 -0.1220696 0.6755746 0.7373405 -0.107967 0.6668375 0.726153 -0.174258 0.6650834 0.7182539 -0.1834843 0.6711519 0.7030198 -0.243385 0.6682267 0.7099485 -0.2367482 0.6632673 0.6545779 -0.3843064 0.6510272 0.6730488 -0.3577874 0.6472971 0.767714 0.295541 0.5685691 0.7672849 0.2992702 0.5671961 0.7901804 0.2210227 0.5716327 0.7919843 0.2296724 0.5656956 0.8104074 0.1400499 0.5688813 0.8121286 0.1464267 0.5648066 0.8177494 0.1049559 0.5659243 0.811111 0.08592444 0.5785465 0.8152642 0.001545429 0.5790873 0.82604 0.02624416 0.5630004 0.8247736 -0.05472427 0.562809 0.8225942 -0.05932438 0.5655259 0.8174268 -0.1138752 0.5646645 0.8007661 -0.1403858 0.5822934 0.7912067 -0.1937531 0.5800448 0.8018504 -0.1788091 0.5701431 0.7885999 -0.2355917 0.5679849 0.8239026 -0.2401188 0.5133495 0 1 0 -0.006750285 0.9999773 7.7395e-5 -2.30955e-5 1 -7.79619e-5 -0.006677329 0.9999777 8.14053e-5 -0.004842221 0.9999883 -1.98627e-5 -0.0056656 0.999984 1.87042e-4 -0.005457699 0.9999847 -9.33797e-4 -0.003902852 0.9999917 0.001211285 -0.08729845 0.9902067 -0.1089485 -0.004497408 0.9999899 4.49945e-4 -0.004843175 0.9999883 1.37093e-5 -0.004671275 0.999989 -4.6709e-4 -0.004382073 0.9999895 -0.00135976 -0.005113899 0.9999864 0.001112163 -0.005010247 0.9999873 7.1936e-4 -0.004624545 0.999989 -8.59617e-4 -0.005383253 0.9999855 -3.64536e-4 -0.006237864 0.9999802 -9.42514e-4 -0.00358814 0.9999934 6.05583e-4 -0.004136443 0.9999914 -2.20395e-4 -0.003765761 0.9999929 -3.36103e-4 -0.003780186 0.9999929 -3.3216e-4 -0.004625499 0.999989 -8.6056e-4 -0.005539298 0.999978 0.003641903 -0.004806756 0.9999884 -2.17973e-4 -0.00614351 0.9999794 -0.001874566 -0.00483042 0.9999884 7.03834e-5 -0.003284335 0.9999945 -6.46618e-4 -0.006518721 0.9999786 7.44407e-4 -0.004437804 0.9999901 5.31912e-4 -0.004390954 0.9999903 5.89424e-4 -0.006395876 0.9999777 -0.001923501 -0.002956628 0.9999913 0.002933144 -0.006429493 0.9999759 -0.002624094 -0.003940165 0.9999918 9.94418e-4 -0.004197061 0.9999912 2.79015e-4 -0.005511403 0.9999848 -3.65733e-4 -0.004743337 0.9999889 0 -0.002551734 0.9999967 -4.305e-4 -0.007187426 0.999974 5.34306e-4 0.004031002 0.9999005 0.01352024 -0.004017353 0.9999915 8.96626e-4 -0.004358351 0.9999904 5.23846e-4 -0.004868388 0.9999881 4.31332e-5 0.01618653 0.9994062 0.03042119 0.05168467 0.995314 0.08172523 -0.005226194 0.9999862 -5.56222e-4 -0.04039311 0.9977083 -0.0542829 -0.009682416 0.999926 -0.007379233 -0.00554192 0.9999841 -0.001050114 -0.006387591 0.9999768 -0.002372205 0.007155478 0.9998103 0.01811259 -0.1041736 0.9833495 -0.1489018 0.002772331 0.9999343 0.01113432 -0.005139052 0.9999867 -4.47517e-4 -0.004750967 0.9999888 1.14315e-4 0.04337185 0.9964405 0.07228642 0.004074633 0.9999032 0.01330554 -0.02155208 0.9994629 -0.02468729 0 0.9999774 0.006728827 -0.005382299 0.9999853 -7.51868e-4 -0.005348265 0.9999855 -7.17115e-4 -2.48228e-4 0.9999812 0.006148397 -3.43019e-4 0.9999819 0.006020724 -0.004521667 0.9999897 4.8027e-4 3.49103e-5 -1 8.73913e-5 0.07122147 -0.9936076 0.08758753 0.003369569 -0.9999942 -6.83474e-4 0.004153847 -0.9999914 -2.75618e-4 0.006420314 -0.9999758 0.002698719 0.004506826 -0.9999888 0.001443505 0.004431009 -0.9999895 0.001224517 0.004677951 -0.999989 4.66571e-4 0.005021274 -0.9999873 -5.00785e-4 0.004738688 -0.9999887 3.9017e-4 0.004865646 -0.9999883 -1.24126e-4 0.005179047 -0.9999858 -0.001298546 0.007596731 -0.9999712 -8.08182e-5 0 -1 0 0.004390358 -0.9999905 1.35311e-4 0.005429506 -0.9999853 3.60262e-4 0.004681289 -0.999989 0 0.002302765 -0.9999973 4.66913e-4 0.004806756 -0.9999885 1.04394e-4 0.004015088 -0.999982 0.004460752 0.005767762 -0.9999721 -0.004761934 0.004833936 -0.9999883 -9.31102e-6 1.3375e-4 -1 1.5971e-4 0.01257896 -0.9999209 -2.02919e-4 0.006518006 -0.9999786 -7.66259e-4 0.003298401 -0.9999945 5.0308e-4 0.003885686 -0.9999924 2.93737e-4 0.004397273 -0.9999904 1.32587e-4 0.006190121 -0.9999808 -3.20248e-4 0.007592141 -0.999971 -6.38123e-4 0.006414353 -0.9999789 0.001098871 0.005708694 -0.9999836 6.2438e-4 0.004559755 -0.9999896 -2.88295e-4 0.004917979 -0.999988 8.56266e-5 0.005067944 -0.9999872 2.68952e-4 0.00504291 -0.9999873 2.35397e-4 0.004632711 -0.9999892 -2.68202e-4 0.004176318 -0.9999909 -8.74857e-4 0.004805982 -0.9999884 9.69058e-6 0.007999956 -0.9999669 -0.001564264 0.003289878 -0.9999944 6.28012e-4 0.004521131 -0.9999898 -3.24816e-4 0.00410968 -0.9999913 -7.76824e-4 0.003537714 -0.9999927 -0.00151503 1.9355e-4 -0.9999831 -0.005824029 0.005580842 -0.999984 9.33212e-4 0.005113899 -0.999987 3.4266e-4 0.003981351 -0.9999915 -0.001099884 0.005574941 -0.9999839 0.001093208 -0.04929047 0.9967114 -0.06431901 0.03084611 -0.9988148 0.03764891 0.005655825 -0.9999834 0.001208126 0.005192995 -0.9999864 5.3117e-4 -7.37709e-4 -0.9999725 -0.007382392 0.006600737 -0.9999756 0.002341747 -0.001055657 -0.9999681 -0.007932305 -0.005099713 0.999987 0 0.006361186 -0.9999775 0.002143442 -0.001091063 -0.9999659 -0.008185625 -0.003510653 -0.9999247 -0.01176434 0.006628572 -0.9999747 0.002610385 0.006206572 -0.9999789 0.00195533 -0.02987653 -0.9983178 -0.04968941 0.03404474 -0.9985334 0.0420981 -0.02927041 -0.9983571 -0.04926002 0 0 -1 1.4491e-7 0 -1 -4.16219e-6 0 -1 -7.53306e-5 0 -1 1.56179e-5 0 -1 -1.33716e-5 0 -1 5.0107e-6 0 -1 -2.87195e-5 0 -1 -9.37707e-5 0 -1 7.45197e-5 0 -1 1.21631e-4 0 -1 -2.21891e-4 0 -1 2.20992e-5 0 -1 4.61959e-5 0 -1 -0.9999802 -0.006311058 0 -0.9999536 -0.006398737 0.007205188 -0.999971 -0.007622539 0 -0.9999998 -4.97841e-4 6.61069e-4 -0.9999959 -0.002799093 6.62122e-4 -0.9976665 -0.0448991 -0.05143541 -0.9978404 -0.0443412 -0.0484609 -0.999955 -0.006229877 0.007157683 -0.9999511 -0.006711661 0.00725758 -0.9979168 -0.0418362 -0.04911005 -0.997074 -0.05139553 -0.0565868 -0.8577795 -0.5140178 -4.72902e-4 -0.8716706 -0.4900923 -1.70269e-4 -0.9975572 -0.06982165 0.002189159 -0.8851826 -0.4652438 0 -0.7741429 -0.6329962 -0.004324257 -0.8767322 -0.4809785 5.61503e-4 -0.8232547 -0.5676699 -0.001597642 -0.8644196 -0.5027711 0 -0.9191575 -0.3937868 0.009028196 -0.8573172 -0.514788 -7.51216e-4 -0.8533599 -0.5213208 -0.00123465 -0.8545443 -0.5193776 -0.001123666 -0.9195825 -0.3928595 0.005425393 -0.8480298 -0.5299472 -0.001238048 -0.87339 -0.4870215 5.67903e-4 -0.8894062 0.457118 0 -0.8642144 0.503124 -1.85258e-4 -0.9999694 0.007517814 0.002190947 -0.8002585 0.5996547 -8.3147e-4 -0.8719428 0.4896079 2.80077e-4 -0.9012292 0.433341 0.001244127 -0.6761562 0.7367311 -0.006339132 -0.8617755 0.50729 -1.34653e-4 -0.8636324 0.5041221 -2.8382e-5 -0.8738538 0.4861883 7.19507e-4 -0.8659741 0.5000889 1.10012e-4 -0.8952476 0.4455602 0.002818226 -0.9293889 0.3691019 0 -0.8704882 0.4921894 2.90709e-4 -0.8685814 0.4955465 -1.13422e-5 -0.8681917 0.4962289 -1.2257e-4</float_array>
          <technique_common>
            <accessor source="#Shape_IndexedFaceSet_058-mesh-normals-array" count="578" stride="3">
              <param name="X" type="float"/>
              <param name="Y" type="float"/>
              <param name="Z" type="float"/>
            </accessor>
          </technique_common>
        </source>
        <vertices id="Shape_IndexedFaceSet_058-mesh-vertices">
          <input semantic="POSITION" source="#Shape_IndexedFaceSet_058-mesh-positions"/>
        </vertices>
        <triangles material="Shape_007_001-material" count="589">
          <input semantic="VERTEX" source="#Shape_IndexedFaceSet_058-mesh-vertices" offset="0"/>
          <input semantic="NORMAL" source="#Shape_IndexedFaceSet_058-mesh-normals" offset="1"/>
          <p>263 0 262 0 266 0 263 1 266 1 267 1 267 2 266 2 270 2 267 3 270 3 271 3 271 4 270 4 274 4 271 5 274 5 275 5 275 6 274 6 278 6 275 7 278 7 279 7 279 8 278 8 282 8 279 9 282 9 283 9 283 10 282 10 286 10 283 11 286 11 287 11 287 12 286 12 290 12 287 13 290 13 291 13 291 14 290 14 294 14 291 15 294 15 295 15 295 16 294 16 292 16 295 16 292 16 293 16 293 17 292 17 288 17 293 18 288 18 289 18 289 19 288 19 284 19 289 20 284 20 285 20 285 21 284 21 280 21 285 22 280 22 281 22 281 23 280 23 276 23 281 24 276 24 277 24 277 25 276 25 272 25 277 26 272 26 273 26 273 27 272 27 268 27 273 28 268 28 269 28 269 29 268 29 264 29 269 30 264 30 265 30 265 31 264 31 260 31 265 32 260 32 261 32 192 33 193 33 194 33 194 34 193 34 196 34 194 35 196 35 198 35 198 36 196 36 200 36 198 37 200 37 202 37 202 38 200 38 204 38 202 39 204 39 206 39 206 40 204 40 208 40 206 41 208 41 210 41 210 42 208 42 212 42 210 43 212 43 214 43 214 44 212 44 216 44 214 45 216 45 218 45 218 46 216 46 220 46 218 47 220 47 222 47 222 48 220 48 224 48 222 49 224 49 226 49 226 50 224 50 228 50 226 51 228 51 230 51 230 52 228 52 232 52 230 53 232 53 234 53 234 54 232 54 236 54 234 55 236 55 238 55 238 56 236 56 240 56 238 57 240 57 242 57 242 58 240 58 244 58 242 59 244 59 246 59 246 60 244 60 248 60 246 61 248 61 250 61 250 62 248 62 252 62 250 63 252 63 254 63 254 64 252 64 257 64 254 65 257 65 256 65 256 66 257 66 259 66 256 67 259 67 255 67 255 68 259 68 258 68 255 69 258 69 251 69 251 70 258 70 253 70 251 71 253 71 247 71 247 72 253 72 249 72 247 73 249 73 243 73 243 74 249 74 245 74 243 75 245 75 239 75 239 76 245 76 241 76 239 77 241 77 235 77 235 78 241 78 237 78 235 79 237 79 231 79 231 80 237 80 233 80 231 81 233 81 227 81 227 82 233 82 229 82 227 83 229 83 223 83 223 84 229 84 225 84 223 85 225 85 219 85 219 86 225 86 221 86 219 87 221 87 215 87 215 88 221 88 217 88 215 89 217 89 211 89 211 90 217 90 213 90 211 91 213 91 207 91 207 92 213 92 209 92 207 93 209 93 203 93 203 94 209 94 205 94 203 95 205 95 199 95 199 96 205 96 201 96 199 97 201 97 195 97 195 98 201 98 197 98 195 99 197 99 192 99 192 100 197 100 193 100 187 101 185 101 263 101 184 102 186 102 261 102 261 103 186 103 188 103 261 104 188 104 190 104 265 105 261 105 281 105 281 106 261 106 190 106 281 107 190 107 285 107 285 108 190 108 191 108 285 109 191 109 289 109 289 110 191 110 293 110 277 111 273 111 281 111 281 112 273 112 269 112 281 113 269 113 265 113 187 114 263 114 189 114 189 115 263 115 291 115 189 116 291 116 191 116 191 117 291 117 295 117 191 118 295 118 293 118 263 119 267 119 291 119 291 120 267 120 271 120 291 121 271 121 275 121 275 122 279 122 291 122 291 123 279 123 283 123 291 124 283 124 287 124 99 125 101 125 104 125 182 126 185 126 187 126 168 127 160 127 162 127 53 128 49 128 51 128 9 129 5 129 8 129 8 16 5 16 7 16 8 16 7 16 6 16 31 130 28 130 3 130 25 131 22 131 21 131 21 16 22 16 20 16 21 132 20 132 28 132 28 133 20 133 17 133 17 134 1 134 28 134 28 135 1 135 2 135 28 136 2 136 3 136 39 137 35 137 37 137 37 138 35 138 34 138 37 139 34 139 29 139 49 140 45 140 51 140 51 141 45 141 43 141 51 142 43 142 55 142 72 143 62 143 57 143 65 144 62 144 74 144 74 145 62 145 72 145 74 146 72 146 82 146 98 147 90 147 87 147 87 148 90 148 83 148 114 149 108 149 103 149 103 150 108 150 102 150 103 151 102 151 100 151 128 152 123 152 117 152 117 153 123 153 115 153 143 154 137 154 135 154 135 155 137 155 132 155 135 156 132 156 130 156 130 157 132 157 129 157 159 158 157 158 149 158 149 159 157 159 147 159 149 160 147 160 145 160 183 161 176 161 174 161 174 162 176 162 172 162 174 163 172 163 171 163 170 164 173 164 177 164 177 165 173 165 175 165 177 166 175 166 182 166 158 167 161 167 164 167 164 168 161 168 163 168 154 169 150 169 153 169 153 170 150 170 148 170 127 171 131 171 134 171 134 172 131 172 133 172 141 173 144 173 148 173 148 174 144 174 146 174 148 175 146 175 153 175 106 176 113 176 119 176 119 177 113 177 116 177 119 178 116 178 118 178 99 179 104 179 92 179 89 180 86 180 88 180 66 181 69 181 70 181 70 182 69 182 71 182 75 183 84 183 86 183 86 184 84 184 85 184 86 185 85 185 88 185 50 186 52 186 73 186 73 187 52 187 56 187 73 188 56 188 70 188 70 189 56 189 59 189 70 190 59 190 66 190 58 191 38 191 54 191 54 192 38 192 40 192 54 193 40 193 46 193 24 194 27 194 41 194 41 195 27 195 33 195 41 196 33 196 36 196 15 197 23 197 13 197 13 198 23 198 26 198 13 199 26 199 12 199 12 200 26 200 30 200 11 201 16 201 10 201 10 202 16 202 19 202 10 203 19 203 9 203 9 204 19 204 18 204 9 205 18 205 5 205 5 206 18 206 4 206 3 207 4 207 31 207 31 208 4 208 18 208 31 209 18 209 32 209 32 210 18 210 19 210 32 211 19 211 30 211 30 212 19 212 16 212 30 213 16 213 12 213 12 214 16 214 11 214 182 215 187 215 177 215 177 216 187 216 189 216 177 217 189 217 179 217 179 218 189 218 191 218 179 219 191 219 181 219 181 220 191 220 190 220 181 221 190 221 180 221 180 222 190 222 188 222 180 223 188 223 178 223 178 224 188 224 186 224 178 225 186 225 174 225 174 226 186 226 184 226 174 227 184 227 183 227 171 228 168 228 174 228 174 229 168 229 162 229 174 230 162 230 178 230 178 231 162 231 165 231 178 232 165 232 180 232 180 233 165 233 167 233 180 234 167 234 181 234 181 235 167 235 169 235 181 236 169 236 179 236 179 237 169 237 166 237 179 238 166 238 177 238 177 239 166 239 164 239 177 240 164 240 170 240 170 241 164 241 163 241 160 242 159 242 162 242 162 243 159 243 149 243 162 244 149 244 165 244 165 245 149 245 151 245 165 246 151 246 167 246 167 247 151 247 155 247 167 248 155 248 169 248 169 249 155 249 156 249 169 250 156 250 166 250 166 251 156 251 152 251 166 252 152 252 164 252 164 253 152 253 150 253 164 254 150 254 158 254 158 255 150 255 154 255 145 256 143 256 149 256 149 257 143 257 135 257 149 258 135 258 151 258 151 259 135 259 138 259 151 260 138 260 155 260 155 261 138 261 140 261 155 262 140 262 156 262 156 263 140 263 142 263 156 264 142 264 152 264 152 265 142 265 139 265 152 266 139 266 150 266 150 267 139 267 136 267 150 268 136 268 148 268 148 269 136 269 134 269 148 270 134 270 141 270 141 271 134 271 133 271 43 272 39 272 55 272 55 273 39 273 37 273 55 274 37 274 60 274 60 275 37 275 42 275 60 276 42 276 63 276 63 277 42 277 47 277 63 278 47 278 67 278 67 279 47 279 48 279 67 280 48 280 61 280 61 281 48 281 44 281 61 282 44 282 58 282 58 283 44 283 41 283 58 284 41 284 38 284 38 285 41 285 36 285 29 286 25 286 37 286 37 287 25 287 21 287 37 288 21 288 42 288 42 289 21 289 28 289 42 290 28 290 47 290 47 291 28 291 31 291 47 292 31 292 48 292 48 293 31 293 32 293 48 294 32 294 44 294 44 295 32 295 30 295 44 296 30 296 41 296 41 297 30 297 26 297 41 298 26 298 24 298 24 299 26 299 23 299 129 300 128 300 130 300 130 301 128 301 117 301 130 302 117 302 135 302 135 303 117 303 120 303 135 304 120 304 138 304 138 305 120 305 122 305 138 306 122 306 140 306 140 307 122 307 125 307 140 308 125 308 142 308 142 309 125 309 126 309 142 310 126 310 139 310 139 311 126 311 124 311 139 312 124 312 136 312 136 313 124 313 121 313 136 314 121 314 134 314 134 315 121 315 119 315 134 316 119 316 127 316 127 317 119 317 118 317 115 318 114 318 117 318 117 319 114 319 103 319 117 320 103 320 120 320 120 321 103 321 105 321 120 322 105 322 122 322 122 323 105 323 109 323 122 324 109 324 125 324 125 325 109 325 111 325 125 326 111 326 126 326 126 327 111 327 112 327 126 328 112 328 124 328 124 329 112 329 110 329 124 330 110 330 121 330 121 331 110 331 107 331 121 332 107 332 119 332 119 333 107 333 104 333 119 334 104 334 106 334 106 335 104 335 101 335 100 336 98 336 103 336 103 337 98 337 87 337 103 338 87 338 105 338 105 339 87 339 91 339 105 340 91 340 109 340 109 341 91 341 94 341 109 342 94 342 111 342 111 343 94 343 96 343 111 344 96 344 112 344 112 345 96 345 97 345 112 346 97 346 110 346 110 347 97 347 95 347 110 348 95 348 107 348 107 349 95 349 93 349 107 350 93 350 104 350 104 351 93 351 89 351 104 352 89 352 92 352 92 353 89 353 88 353 83 354 82 354 87 354 87 355 82 355 72 355 87 356 72 356 91 356 91 357 72 357 76 357 91 358 76 358 94 358 94 359 76 359 78 359 94 360 78 360 96 360 96 361 78 361 80 361 96 362 80 362 97 362 97 363 80 363 81 363 97 364 81 364 95 364 95 365 81 365 79 365 95 366 79 366 93 366 93 367 79 367 77 367 93 368 77 368 89 368 89 369 77 369 73 369 89 370 73 370 86 370 86 371 73 371 70 371 86 372 70 372 75 372 75 373 70 373 71 373 57 374 53 374 72 374 72 375 53 375 51 375 72 376 51 376 76 376 76 377 51 377 55 377 76 378 55 378 78 378 78 379 55 379 60 379 78 380 60 380 80 380 80 381 60 381 63 381 80 382 63 382 81 382 81 383 63 383 67 383 81 384 67 384 79 384 79 385 67 385 61 385 79 386 61 386 77 386 77 387 61 387 58 387 77 388 58 388 73 388 73 389 58 389 54 389 73 390 54 390 50 390 50 391 54 391 46 391 64 392 65 392 74 392 74 393 82 393 64 393 64 394 82 394 83 394 64 395 83 395 90 395 239 396 261 396 243 396 243 397 261 397 247 397 203 398 199 398 98 398 98 399 199 399 195 399 98 400 195 400 90 400 90 401 195 401 192 401 90 402 192 402 64 402 64 403 192 403 194 403 64 404 194 404 198 404 198 405 202 405 64 405 64 406 202 406 206 406 64 407 206 407 210 407 242 408 246 408 260 408 260 409 246 409 250 409 260 410 250 410 254 410 239 411 235 411 261 411 261 412 235 412 231 412 261 413 231 413 227 413 210 414 214 414 64 414 64 415 214 415 218 415 64 416 218 416 260 416 215 417 184 417 219 417 219 418 184 418 261 418 219 419 261 419 223 419 223 420 261 420 227 420 215 421 211 421 184 421 184 422 211 422 207 422 184 423 207 423 183 423 218 424 222 424 260 424 260 425 222 425 226 425 260 426 226 426 230 426 254 427 256 427 260 427 260 428 256 428 255 428 260 429 255 429 261 429 261 430 255 430 251 430 261 431 251 431 247 431 114 432 115 432 207 432 230 433 234 433 260 433 260 434 234 434 238 434 260 435 238 435 242 435 98 436 100 436 203 436 203 437 100 437 102 437 203 438 102 438 207 438 207 439 102 439 108 439 207 440 108 440 114 440 207 441 143 441 145 441 115 442 123 442 207 442 207 443 123 443 128 443 207 444 128 444 129 444 145 445 147 445 207 445 207 446 147 446 157 446 207 447 157 447 159 447 129 448 132 448 207 448 207 449 132 449 137 449 207 450 137 450 143 450 159 451 160 451 207 451 207 452 160 452 168 452 207 453 168 453 171 453 171 454 172 454 207 454 207 455 172 455 176 455 207 456 176 456 183 456 85 457 84 457 68 457 99 458 92 458 197 458 252 459 262 459 257 459 257 460 262 460 259 460 228 461 224 461 262 461 68 462 216 462 212 462 200 463 196 463 68 463 68 464 196 464 193 464 68 465 193 465 197 465 212 466 208 466 68 466 68 467 208 467 204 467 68 468 204 468 200 468 84 469 75 469 68 469 68 470 75 470 71 470 68 470 71 470 69 470 263 471 237 471 241 471 259 472 262 472 258 472 258 473 262 473 263 473 258 474 263 474 253 474 262 475 224 475 68 475 68 476 224 476 220 476 68 477 220 477 216 477 197 478 92 478 68 478 68 479 92 479 88 479 68 480 88 480 85 480 225 481 229 481 263 481 263 482 229 482 233 482 263 483 233 483 237 483 241 484 245 484 263 484 263 485 245 485 249 485 263 486 249 486 253 486 252 487 248 487 262 487 262 488 248 488 244 488 262 489 244 489 240 489 209 490 185 490 205 490 205 491 185 491 182 491 205 492 182 492 175 492 209 493 213 493 185 493 185 494 213 494 217 494 185 495 217 495 263 495 263 496 217 496 221 496 263 497 221 497 225 497 240 498 236 498 262 498 262 499 236 499 232 499 262 500 232 500 228 500 175 501 173 501 205 501 205 502 173 502 170 502 205 503 170 503 163 503 197 504 201 504 99 504 99 505 201 505 205 505 99 506 205 506 101 506 101 507 205 507 106 507 144 508 141 508 205 508 205 509 141 509 133 509 163 510 161 510 205 510 205 511 161 511 158 511 205 512 158 512 154 512 154 513 153 513 205 513 205 514 153 514 146 514 205 515 146 515 144 515 133 516 131 516 205 516 205 517 131 517 127 517 205 518 127 518 118 518 118 519 116 519 205 519 205 520 116 520 113 520 205 521 113 521 106 521 266 522 262 522 260 522 0 522 64 522 14 522 14 523 64 523 260 523 14 524 260 524 68 524 68 522 260 522 262 522 288 525 292 525 260 525 260 526 292 526 294 526 260 527 294 527 290 527 290 522 286 522 260 522 260 528 286 528 282 528 260 529 282 529 278 529 264 530 280 530 260 530 260 522 280 522 284 522 260 531 284 531 288 531 264 522 268 522 280 522 280 532 268 532 272 532 280 533 272 533 276 533 278 522 274 522 260 522 260 534 274 534 270 534 260 535 270 535 266 535 0 536 14 536 15 536 11 537 1 537 12 537 12 538 1 538 0 538 12 539 0 539 13 539 13 540 0 540 15 540 9 541 5 541 4 541 9 542 4 542 3 542 11 543 10 543 1 543 1 544 10 544 9 544 1 545 9 545 2 545 2 546 9 546 3 546 33 547 27 547 14 547 27 548 24 548 14 548 14 549 24 549 23 549 14 550 23 550 15 550 40 551 38 551 14 551 14 552 38 552 36 552 14 553 36 553 33 553 68 554 69 554 14 554 14 555 69 555 66 555 66 556 59 556 14 556 14 557 59 557 56 557 14 558 56 558 52 558 52 559 50 559 14 559 14 560 50 560 46 560 14 561 46 561 40 561 1 562 17 562 0 562 0 563 17 563 20 563 0 564 20 564 22 564 22 565 25 565 0 565 0 566 25 566 29 566 0 567 29 567 34 567 34 568 35 568 0 568 0 569 35 569 39 569 0 570 39 570 43 570 43 571 45 571 0 571 0 572 45 572 49 572 0 573 49 573 53 573 65 574 64 574 62 574 62 575 64 575 0 575 62 576 0 576 57 576 57 577 0 577 53 577</p>
        </triangles>
      </mesh>
    </geometry>
    <geometry id="Shape_IndexedFaceSet_057-mesh" name="Shape_IndexedFaceSet.057">
      <mesh>
        <source id="Shape_IndexedFaceSet_057-mesh-positions">
          <float_array id="Shape_IndexedFaceSet_057-mesh-positions-array" count="120">1.05788 0.002942979 -0.111226 1.05788 0.002942979 -0.09438097 1.05788 0.002787888 -0.09424299 1.05789 0.002213895 -0.093737 1.05789 0.001485884 -0.093095 1.0579 1.6e-5 -0.09184199 1.0579 -0.001498997 -0.09313398 1.05791 -0.002910912 -0.111226 1.05791 -0.002910912 -0.09438097 1.05809 0.002608895 -0.09453195 1.05809 0.001950979 -0.093948 1.0581 0.001323938 -0.09339797 1.05818 0.00277698 -0.09445595 1.05819 0.00207895 -0.09383696 1.05819 0.001407921 -0.093248 1.0583 0.00227499 -0.09468197 1.0583 0.001698911 -0.09417098 1.05831 0.001158893 -0.09369695 1.05831 1.8e-5 -0.09272295 1.05849 0.002610981 -0.09453195 1.05849 0.001949906 -0.09394496 1.05849 0.001326978 -0.09339898 1.0585 1.9e-5 -0.09228199 1.05872 0.001606941 -0.109887 1.05872 0.001606941 -0.09498399 1.05872 8.2e-4 -0.094289 1.05872 2e-5 -0.09360295 1.05873 -7.62e-4 -0.09427195 1.05873 -0.0015679 -0.109887 1.05873 -0.0015679 -0.09498399 1.05909 0.002278864 -0.09468197 1.05909 0.001160979 -0.09369599 1.0591 2.1e-5 -0.09272295 1.06029 0.001614928 -0.109887 1.06029 0.001614928 -0.09498399 1.0603 8.28e-4 -0.094289 1.0603 2.7e-5 -0.09360295 1.0603 -7.55e-4 -0.09427195 1.06031 -0.001559913 -0.109887 1.06031 -0.001559913 -0.09498399</float_array>
          <technique_common>
            <accessor source="#Shape_IndexedFaceSet_057-mesh-positions-array" count="40" stride="3">
              <param name="X" type="float"/>
              <param name="Y" type="float"/>
              <param name="Z" type="float"/>
            </accessor>
          </technique_common>
        </source>
        <source id="Shape_IndexedFaceSet_057-mesh-normals">
          <float_array id="Shape_IndexedFaceSet_057-mesh-normals-array" count="237">-0.8534181 0.5212273 0 -0.8535167 0.5210656 0 0.490544 -0.8714165 0 0.4905138 -0.8714334 0 -0.005054891 0.9999873 0 -0.8561432 0.3294401 -0.3981055 -0.8534854 0.3381398 -0.396515 -0.8509757 0.3388085 -0.4013094 -0.8505279 0.3447968 -0.3971366 -0.8531463 0.3454213 -0.3909291 0.4894185 -0.5658469 0.6635412 0.4894315 -0.5659347 0.6634567 0.4894628 -0.5657866 0.6635599 0.4887297 -0.5755763 0.6556336 0.4892391 -0.5744271 0.6562611 0.4898102 -0.5667453 0.6624846 -0.002881586 0.650058 -0.7598792 -0.002891063 0.6500604 -0.7598771 -0.00295633 0.6620919 -0.749417 -0.003350794 0.6625525 -0.749008 -0.8471108 -0.3532621 -0.3970001 -0.8471325 -0.3528115 -0.3973546 -0.8574939 -0.3484866 -0.3784987 -0.8573224 -0.3470828 -0.3801735 -0.8467062 -0.3520218 -0.3989602 -0.8472694 -0.3478396 -0.4014253 -0.8465904 -0.3532909 -0.3980834 -0.8470889 -0.3592761 -0.3916136 -0.8452068 -0.3599662 -0.3950313 -0.8468796 -0.3453524 -0.4043844 -0.8515787 -0.342148 -0.3971758 -0.8463799 -0.3534149 -0.3984208 -0.8470007 -0.3528153 -0.397632 -0.8441411 -0.362431 -0.3950566 -0.8523444 -0.3461577 -0.3920255 -0.8530429 -0.3389407 -0.3967834 -0.8518784 -0.3408643 -0.3976367 0.4849337 0.5811849 0.6535009 0.4835135 0.5847983 0.6513261 0.4807776 0.5843214 0.6537748 0.4801766 0.5800344 0.6580202 0.4849172 0.5771755 0.6570569 0.4861972 0.5685388 0.6636084 0.4840405 0.5700085 0.6639242 0.4849672 0.5764409 0.6576645 0.4875738 0.5774696 0.6548288 0.4848533 0.5806388 0.6540459 0.486123 0.5819229 0.6519588 0.4816514 0.5796787 0.6572554 0.4827473 0.5696916 0.6651365 0.4837702 0.5706677 0.6635547 0.4852383 0.570142 0.6629343 0.4857145 0.5697793 0.6628975 0.4870891 0.569252 0.6623417 0.4861941 0.5760633 0.6570894 0.4849531 0.576782 0.6573758 0.485269 0.58048 0.6538784 0.4752478 0.5876348 0.6548473 0.003372311 -0.6619676 -0.7495249 0.003342211 -0.6619191 -0.7495679 0.003303408 -0.650966 -0.7590999 0.002881824 -0.6504982 -0.7595025 -0.8466078 -0.5322174 0 -0.846623 -0.5321933 7.93674e-6 -0.8463191 -0.5326762 -5.6795e-6 -0.8465173 -0.5323612 0 0.4840146 0.87506 0 0.4841995 0.8749576 0 0.4827085 0.8757811 -1.52372e-4 0.4839382 0.8751021 -2.87402e-4 0.4722823 0.8814474 2.77387e-4 0.005086898 -0.9999871 0 0.005086958 -0.9999871 0 -0.8508175 -0.004346847 0.5254434 -0.8482906 -0.002694606 0.5295242 0.4858952 0.003086984 -0.8740118 0.4867098 0.002486646 -0.8735603 1.16036e-5 0 1 0 0 1</float_array>
          <technique_common>
            <accessor source="#Shape_IndexedFaceSet_057-mesh-normals-array" count="79" stride="3">
              <param name="X" type="float"/>
              <param name="Y" type="float"/>
              <param name="Z" type="float"/>
            </accessor>
          </technique_common>
        </source>
        <vertices id="Shape_IndexedFaceSet_057-mesh-vertices">
          <input semantic="POSITION" source="#Shape_IndexedFaceSet_057-mesh-positions"/>
        </vertices>
        <triangles material="Shape_006_001-material" count="80">
          <input semantic="VERTEX" source="#Shape_IndexedFaceSet_057-mesh-vertices" offset="0"/>
          <input semantic="NORMAL" source="#Shape_IndexedFaceSet_057-mesh-normals" offset="1"/>
          <p>8 0 29 0 7 0 7 1 29 1 28 1 39 2 8 2 38 2 38 3 8 3 7 3 29 4 39 4 28 4 28 4 39 4 38 4 18 5 26 5 27 5 5 6 18 6 6 6 6 7 18 7 27 7 6 8 27 8 8 8 8 9 27 9 29 9 36 10 32 10 6 10 6 11 32 11 22 11 6 12 22 12 5 12 8 13 39 13 6 13 6 14 39 14 37 14 6 15 37 15 36 15 26 16 36 16 27 16 27 17 36 17 37 17 27 18 37 18 29 18 29 19 37 19 39 19 1 20 9 20 2 20 2 21 9 21 10 21 2 22 10 22 3 22 3 23 10 23 11 23 3 24 11 24 4 24 4 25 11 25 5 25 9 26 16 26 10 26 10 27 16 27 17 27 10 28 17 28 11 28 11 29 17 29 18 29 11 30 18 30 5 30 9 31 15 31 16 31 16 32 15 32 24 32 16 33 24 33 17 33 17 34 24 34 25 34 17 35 25 35 18 35 18 36 25 36 26 36 12 37 1 37 2 37 12 38 2 38 13 38 2 39 3 39 13 39 13 40 3 40 4 40 13 41 4 41 14 41 14 42 4 42 5 42 14 43 5 43 22 43 21 44 31 44 20 44 20 45 31 45 30 45 20 46 30 46 19 46 34 47 30 47 35 47 35 48 30 48 31 48 35 49 31 49 36 49 36 50 31 50 32 50 32 51 31 51 22 51 22 52 31 52 21 52 22 53 21 53 14 53 14 54 21 54 20 54 14 55 20 55 13 55 13 56 20 56 19 56 13 57 19 57 12 57 24 58 34 58 25 58 25 59 34 59 35 59 25 60 35 60 26 60 26 61 35 61 36 61 0 62 23 62 24 62 24 63 15 63 0 63 0 64 15 64 9 64 0 65 9 65 1 65 0 66 1 66 12 66 34 67 33 67 30 67 30 68 33 68 0 68 30 69 0 69 19 69 19 70 0 70 12 70 23 71 33 71 24 71 24 72 33 72 34 72 7 73 28 73 0 73 0 74 28 74 23 74 38 75 7 75 33 75 33 76 7 76 0 76 28 77 38 77 23 77 23 78 38 78 33 78</p>
        </triangles>
      </mesh>
    </geometry>
    <geometry id="Shape_IndexedFaceSet_003-mesh" name="Shape_IndexedFaceSet.003">
      <mesh>
        <source id="Shape_IndexedFaceSet_003-mesh-positions">
          <float_array id="Shape_IndexedFaceSet_003-mesh-positions-array" count="1119">1.05123 -1.03e-4 -0.125501 1.05123 -1.03e-4 -0.121793 1.05129 6.63e-4 -0.125501 1.05129 6.63e-4 -0.121793 1.05134 -8.63e-4 -0.125501 1.05134 -8.63e-4 -0.121793 1.05153 0.001394987 -0.125501 1.05153 0.001394987 -0.121793 1.05161 -0.00157994 -0.125501 1.05161 -0.00157994 -0.121793 1.05169 -8.9e-5 -0.125959 1.05174 5.74e-4 -0.125959 1.05178 -7.48e-4 -0.125959 1.05192 0.002056956 -0.125501 1.05192 0.002056956 -0.121793 1.05194 0.001208961 -0.125959 1.05202 -0.001368999 -0.125959 1.05204 -0.002216935 -0.125501 1.05204 -0.002216935 -0.121793 1.05227 7.5e-5 -0.121793 1.05228 0.001782 -0.125959 1.0523 -3.78e-4 -0.121793 1.05233 5.25e-4 -0.121793 1.05235 7.2e-5 -0.121783 1.05238 -3.66e-4 -0.121783 1.05239 -0.001921892 -0.125959 1.05241 5.08e-4 -0.121783 1.05242 -8.18e-4 -0.121793 1.05243 7e-5 -0.121752 1.05244 0.002615988 -0.125501 1.05244 0.002615988 -0.121793 1.05245 -3.54e-4 -0.121752 1.05247 9.56e-4 -0.121793 1.05248 4.91e-4 -0.121752 1.05249 6.8e-5 -0.121704 1.05249 -7.91e-4 -0.121783 1.05251 -3.44e-4 -0.121704 1.05254 6.6e-5 -0.121641 1.05254 4.77e-4 -0.121704 1.05254 9.25e-4 -0.121783 1.05256 -7.66e-4 -0.121752 1.05256 -3.37e-4 -0.121641 1.05257 6.5e-5 -0.121567 1.05258 1.6e-5 -0.05829298 1.05258 6.5e-5 -0.121488 1.05258 1.6e-5 -0.121488 1.05259 4.67e-4 -0.121641 1.05259 -3.32e-4 -0.121567 1.0526 -0.002743959 -0.125501 1.0526 -0.002743959 -0.121793 1.0526 -3.3e-4 -0.121488 1.05261 8.95e-4 -0.121752 1.05261 -0.001226902 -0.121793 1.05262 4.6e-4 -0.121567 1.05262 -7.44e-4 -0.121704 1.05263 4.58e-4 -0.121488 1.05264 -5.24e-4 -0.05829298 1.05265 5.54e-4 -0.05829298 1.05265 -5.22e-4 -0.121488 1.05266 5.52e-4 -0.121488 1.05266 -7.27e-4 -0.121641 1.05267 8.7e-4 -0.121704 1.05267 5.48e-4 -0.125959 1.05267 5.48e-4 -0.123876 1.05268 -0.001186907 -0.121783 1.05269 0.001352906 -0.121793 1.05269 -7.17e-4 -0.121567 1.0527 -7.13e-4 -0.121488 1.05271 8.5e-4 -0.121641 1.05274 0.002266943 -0.125959 1.05274 8.38e-4 -0.121567 1.05274 -0.001148939 -0.121752 1.05275 8.34e-4 -0.121488 1.05276 0.001307964 -0.121783 1.0528 -0.001116991 -0.121704 1.05282 0.001266956 -0.121752 1.05284 -0.001091957 -0.121641 1.05285 -0.001027882 -0.05829298 1.05285 -0.001025915 -0.121488 1.05286 0.001054883 -0.05829298 1.05286 -0.001075983 -0.121567 1.05287 0.001230955 -0.121704 1.05287 0.001050949 -0.121488 1.05287 -0.001070976 -0.121488 1.05288 -0.002377927 -0.125959 1.05288 -0.001592934 -0.121793 1.05291 0.001202881 -0.121641 1.05293 0.001185894 -0.121567 1.05294 -0.001539826 -0.121783 1.05294 0.001179993 -0.121488 1.05298 0.001700997 -0.121793 1.05299 -0.001490831 -0.121752 1.05304 0.001644909 -0.121783 1.05304 -0.001448929 -0.121704 1.05308 -0.001416981 -0.121641 1.05308 0.003042936 -0.125501 1.05308 0.003042936 -0.121793 1.05309 0.00159198 -0.121752 1.0531 -0.001396 -0.121567 1.05311 -0.00138998 -0.121488 1.05313 0.001546919 -0.121704 1.05317 0.001512885 -0.121641 1.05317 -0.001461923 -0.05829298 1.05318 -0.001456916 -0.121488 1.05319 0.001490831 -0.121567 1.05319 -0.001446962 -0.125959 1.05319 -0.001446962 -0.123876 1.0532 0.001483917 -0.121488 1.0532 0.001483917 -0.05829298 1.05321 -0.001900911 -0.121793 1.05326 -0.001837909 -0.121783 1.05326 -0.003132939 -0.125501 1.05326 -0.003132939 -0.121793 1.05329 0.002637982 -0.125959 1.05331 -0.00177896 -0.121752 1.05333 0.00198698 -0.121793 1.05334 -0.001728892 -0.121704 1.05337 -0.001690924 -0.121641 1.05338 0.001921892 -0.121783 1.05339 -0.00166589 -0.121567 1.0534 -0.001657903 -0.121488 1.05342 0.001859903 -0.121752 1.05345 -0.002714931 -0.125959 1.05345 0.001807928 -0.121704 1.05348 0.001767933 -0.121641 1.0535 0.001741886 -0.121567 1.0535 0.001733899 -0.121488 1.0536 -0.002139925 -0.121793 1.0536 -0.001795828 -0.05829298 1.05361 -0.001787841 -0.121488 1.05363 0.001810908 -0.05829298 1.05364 -0.002068996 -0.121783 1.05364 0.001803994 -0.121488 1.05367 -0.002002954 -0.121752 1.05369 -0.001946926 -0.121704 1.05372 -0.001902937 -0.121641 1.05373 -0.001875877 -0.121567 1.05374 -0.001866996 -0.121488 1.05374 0.002201974 -0.121793 1.05377 0.002128899 -0.121783 1.05379 0.00206089 -0.121752 1.0538 0.003318965 -0.125501 1.0538 0.003318965 -0.121793 1.05382 0.002002954 -0.121704 1.05384 0.001957893 -0.121641 1.05385 0.001929998 -0.121567 1.05385 0.001920998 -0.121488 1.05391 0.002875924 -0.125959 1.054 -0.003363907 -0.125501 1.054 -0.003363907 -0.121793 1.05402 -0.002301931 -0.121793 1.05404 -0.002225995 -0.121783 1.05406 -0.002154946 -0.121752 1.05408 -0.002093911 -0.121704 1.05409 -0.002915978 -0.125959 1.05409 -0.002046883 -0.121641 1.0541 -0.002017915 -0.121567 1.05411 -0.002007961 -0.121488 1.05411 -0.002007961 -0.05829298 1.05413 0.002015948 -0.05829298 1.05414 0.002008914 -0.121488 1.05414 0.001995921 -0.125959 1.05414 0.001995921 -0.123876 1.05417 0.002336919 -0.121793 1.05419 0.00225991 -0.121783 1.0542 0.002187967 -0.121752 1.05421 0.002125978 -0.121704 1.05422 0.002077937 -0.121641 1.05423 0.002048969 -0.121567 1.05423 0.002037942 -0.121488 1.05447 -0.002379894 -0.121793 1.05448 -0.002301931 -0.121783 1.05448 -0.002227962 -0.121752 1.05449 -0.0021649 -0.121704 1.05449 -0.002116978 -0.121641 1.05449 -0.002086997 -0.121567 1.05449 -0.00207597 -0.121488 1.05456 0.003426969 -0.125501 1.05456 0.003426969 -0.121793 1.05457 0.00296998 -0.125959 1.05462 0.002386987 -0.121793 1.05462 0.002307951 -0.121783 1.05462 0.002234995 -0.121752 1.05462 0.002171993 -0.121704 1.05462 0.002122998 -0.121641 1.05463 0.002092957 -0.121567 1.05463 0.002082884 -0.121488 1.05464 -0.002073884 -0.121488 1.05464 -0.002082884 -0.05829298 1.05466 0 -0.05829298 1.05467 0.00207895 -0.121488 1.05467 0.002082884 -0.05829298 1.05475 -0.00296998 -0.125959 1.05476 -0.003426969 -0.125501 1.05476 -0.003426969 -0.121793 1.05489 -0.00206995 -0.121488 1.05489 -0.002079904 -0.121567 1.0549 -0.002109885 -0.121641 1.0549 -0.002158999 -0.121704 1.05491 -0.002220988 -0.121752 1.05492 -0.002293944 -0.121783 1.05492 -0.00237298 -0.121793 1.05502 0.002050936 -0.121488 1.05502 0.002061963 -0.121567 1.05503 0.002091944 -0.121641 1.05503 0.002138972 -0.121704 1.05505 0.002200961 -0.121752 1.05506 0.002273917 -0.121783 1.05507 0.002351999 -0.121793 1.05518 -0.001995921 -0.125959 1.05518 -0.001995921 -0.123876 1.05518 -0.002008914 -0.121488 1.05518 -0.002015948 -0.05829298 1.05521 0.001998901 -0.121488 1.05521 0.002007961 -0.05829298 1.05523 0.002915978 -0.125959 1.05528 -0.001988947 -0.121488 1.05528 -0.001997888 -0.121567 1.05529 -0.002027988 -0.121641 1.05531 -0.002073884 -0.121704 1.05532 0.003363907 -0.125501 1.05532 0.003363907 -0.121793 1.05532 -0.002133965 -0.121752 1.05535 -0.002203941 -0.121783 1.05537 -0.002279937 -0.121793 1.0554 0.001945972 -0.121488 1.05541 0.001955986 -0.121567 1.05541 -0.002875924 -0.125959 1.05542 0.001984 -0.121641 1.05543 0.002028942 -0.121704 1.05545 0.002087891 -0.121752 1.05548 0.002156913 -0.121783 1.05551 0.002230942 -0.121793 1.05552 -0.003318965 -0.125501 1.05552 -0.003318965 -0.121793 1.05564 -0.001834869 -0.121488 1.05565 -0.001844823 -0.121567 1.05566 -0.00187093 -0.121641 1.05568 -0.001807928 -0.121488 1.05569 -0.001913905 -0.121704 1.05569 -0.001810908 -0.05829298 1.05571 0.001791954 -0.121488 1.05571 0.001795828 -0.05829298 1.05571 -0.001969993 -0.121752 1.05575 -0.002033889 -0.121783 1.05576 0.0017699 -0.121488 1.05576 0.00177896 -0.121567 1.05578 0.001804888 -0.121641 1.05579 -0.002103984 -0.121793 1.0558 0.001845896 -0.121704 1.05584 0.001899898 -0.121752 1.05587 0.002714931 -0.125959 1.05587 0.001961946 -0.121783 1.05592 0.002028942 -0.121793 1.05597 -0.001615822 -0.121488 1.05598 -0.001623988 -0.121567 1.056 -0.001647949 -0.121641 1.05603 -0.002637982 -0.125959 1.05603 -0.001684904 -0.121704 1.05605 0.003132939 -0.125501 1.05605 0.003132939 -0.121793 1.05607 -0.001733899 -0.121752 1.05607 0.001530945 -0.121488 1.05608 0.001537919 -0.121567 1.0561 0.001560986 -0.121641 1.05611 -0.001476883 -0.121488 1.05612 -0.001791 -0.121783 1.05612 -0.001483917 -0.05829298 1.05613 0.001446962 -0.125959 1.05613 0.001446962 -0.123876 1.05613 0.001595914 -0.121704 1.05614 0.001456916 -0.121488 1.05614 0.001461923 -0.05829298 1.05616 -0.001851916 -0.121793 1.05617 0.001642942 -0.121752 1.05622 0.001696944 -0.121783 1.05624 -0.003042936 -0.125501 1.05624 -0.003042936 -0.121793 1.05625 -0.001337945 -0.121488 1.05626 -0.001344919 -0.121567 1.05628 0.001754999 -0.121793 1.05629 -0.001363933 -0.121641 1.05632 -0.001394987 -0.121704 1.05633 0.001235902 -0.121488 1.05634 0.001241922 -0.121567 1.05637 0.001259863 -0.121641 1.05637 -0.001435995 -0.121752 1.05641 0.00128895 -0.121704 1.05643 -0.001482844 -0.121783 1.05644 0.002377927 -0.125959 1.05645 -0.001051962 -0.121488 1.05646 -0.001054883 -0.05829298 1.05646 0.001325905 -0.121752 1.05646 0.001022934 -0.121488 1.05647 0.001027882 -0.05829298 1.05648 -0.001011908 -0.121488 1.05649 -0.001016974 -0.121567 1.05649 -0.001533985 -0.121793 1.05651 -0.001031935 -0.121641 1.05652 0.001369953 -0.121783 1.05654 8.96e-4 -0.121488 1.05655 9.01e-4 -0.121567 1.05656 -0.001054883 -0.121704 1.05658 9.14e-4 -0.121641 1.05658 -0.002266943 -0.125959 1.05658 0.001416981 -0.121793 1.05661 -0.001085937 -0.121752 1.05662 9.35e-4 -0.121704 1.05664 -6.49e-4 -0.121488 1.05665 -5.48e-4 -0.125959 1.05665 -5.48e-4 -0.123876 1.05665 -6.52e-4 -0.121567 1.05666 -5.52e-4 -0.121488 1.05667 -5.54e-4 -0.05829298 1.05667 5.24e-4 -0.121488 1.05667 5.24e-4 -0.05829298 1.05668 9.62e-4 -0.121752 1.05668 -6.62e-4 -0.121641 1.05668 -0.001121938 -0.121783 1.05668 5.27e-4 -0.121567 1.05671 5.34e-4 -0.121641 1.05672 0.002743959 -0.125501 1.05672 0.002743959 -0.121793 1.05672 -6.77e-4 -0.121704 1.05673 -2.63e-4 -0.121488 1.05673 -1.5e-5 -0.121488 1.05674 -2.64e-4 -0.121567 1.05674 1.33e-4 -0.121488 1.05674 -1.6e-5 -0.05829298 1.05674 9.93e-4 -0.121783 1.05675 -0.001159906 -0.121793 1.05675 1.34e-4 -0.121567 1.05676 5.47e-4 -0.121704 1.05676 -2.68e-4 -0.121641 1.05678 1.36e-4 -0.121641 1.05678 -6.96e-4 -0.121752 1.05681 -2.74e-4 -0.121704 1.05681 0.001026988 -0.121793 1.05682 5.62e-4 -0.121752 1.05683 1.39e-4 -0.121704 1.05685 -7.19e-4 -0.121783 1.05688 -0.002615988 -0.125501 1.05688 -0.002615988 -0.121793 1.05688 -2.82e-4 -0.121752 1.05689 1.43e-4 -0.121752 1.05689 5.81e-4 -0.121783 1.05693 0.001921892 -0.125959 1.05693 -7.44e-4 -0.121793 1.05695 -2.91e-4 -0.121783 1.05696 1.48e-4 -0.121783 1.05697 6.01e-4 -0.121793 1.05703 -3.01e-4 -0.121793 1.05704 -0.001782 -0.125959 1.05704 1.53e-4 -0.121793 1.05727 0.002216935 -0.125501 1.05727 0.002216935 -0.121793 1.0573 0.001368999 -0.125959 1.05737 -0.001208961 -0.125959 1.0574 -0.002056956 -0.125501 1.0574 -0.002056956 -0.121793 1.05754 7.48e-4 -0.125959 1.05757 -5.74e-4 -0.125959 1.05763 8.9e-5 -0.125959 1.0577 0.00157994 -0.125501 1.0577 0.00157994 -0.121793 1.05779 -0.001394987 -0.125501 1.05779 -0.001394987 -0.121793 1.05798 8.63e-4 -0.125501 1.05798 8.63e-4 -0.121793 1.05802 -6.63e-4 -0.125501 1.05802 -6.63e-4 -0.121793 1.05809 1.03e-4 -0.125501 1.05809 1.03e-4 -0.121793</float_array>
          <technique_common>
            <accessor source="#Shape_IndexedFaceSet_003-mesh-positions-array" count="373" stride="3">
              <param name="X" type="float"/>
              <param name="Y" type="float"/>
              <param name="Z" type="float"/>
            </accessor>
          </technique_common>
        </source>
        <source id="Shape_IndexedFaceSet_003-mesh-normals">
          <float_array id="Shape_IndexedFaceSet_003-mesh-normals-array" count="2055">-0.9920816 0.1255956 9.7767e-5 -0.9521232 0.3057116 0.001375615 -0.9916341 0.1290811 -1.61212e-4 -0.9525865 0.3042678 -1.60564e-4 -0.8754262 0.4833511 7.58592e-4 -0.9221635 0.3868002 -1.68456e-4 -0.8782395 0.4782212 -1.67202e-4 -0.7837199 0.6211146 2.37528e-4 -0.76007 0.6498413 0 -0.3796421 0.9251334 2.91358e-4 -0.4865476 0.8736541 -1.72606e-4 -0.605435 0.7958948 -1.83039e-4 -0.447537 0.8942644 0.001413583 -0.6402415 0.7681738 0 -0.1230199 0.9924043 -6.17817e-5 0.09766888 0.9952174 0.001825988 -0.1116119 0.993752 1.69044e-4 -0.3068872 0.9517459 -1.53844e-4 -0.2900576 0.9570092 -1.51497e-4 0.3905502 0.9205816 2.71188e-4 0.2682871 0.963339 -1.38085e-4 0.137436 0.9905107 -1.42019e-4 0.2640748 0.9645018 9.75028e-4 0.07980239 0.9968107 -6.20653e-5 0.6104133 0.7920832 1.58033e-4 0.4036409 0.9149175 -5.70316e-5 0.4448596 0.8956004 -5.57127e-5 0.7276036 0.6859968 0.001261591 0.613308 0.7898439 -6.25663e-5 0.7582194 0.6519996 -5.16507e-5 0.8536145 0.520905 7.01751e-4 0.7961551 0.6050927 -1.7147e-4 0.8455969 0.5338221 -1.73593e-4 0.9294893 0.3688491 2.60925e-4 0.9440767 0.3297259 0 0.9793131 -0.2023513 -1.61538e-4 0.9718726 -0.2355077 -1.61458e-4 0.9916341 -0.1290811 3.48858e-4 1 0 -1.56569e-4 0.9916952 0.128611 -1.53235e-4 0.9976604 -0.0683481 0.001517355 0.9842327 0.1768783 0 0.9221636 -0.3868002 -1.63986e-4 0.8009037 -0.5987902 0.001926958 0.9151378 -0.4031411 1.736e-4 0.605435 -0.7958948 2.25765e-4 0.7042498 -0.7099523 -1.88616e-4 0.7837199 -0.6211146 -1.91268e-4 0.7044024 -0.7098004 8.35513e-4 0.8195451 -0.5730147 -1.5636e-4 0.3932872 -0.9194157 3.85699e-5 0.5609205 -0.8278697 -1.28005e-4 0.5520979 -0.8337793 -1.26795e-4 0.1959675 -0.9806094 0.001485884 0.3730035 -0.92783 -1.02376e-4 0.2057435 -0.9786061 -1.07998e-4 0.01573717 -0.999876 7.82333e-4 0.1230199 -0.9924043 -1.41345e-4 0.01390796 -0.9999034 -1.4239e-4 -0.1399539 -0.9901581 2.23806e-4 -0.1762308 -0.984349 0 -0.613308 -0.7898439 2.17149e-4 -0.5266019 -0.8501121 -1.90983e-4 -0.3839405 -0.9233579 -1.77527e-4 -0.5193156 -0.8545818 0.001134991 -0.3560532 -0.9344657 0 -0.8049175 -0.5933867 -1.84707e-5 -0.913693 -0.4064009 0.001840949 -0.7993357 -0.6008848 7.35773e-5 -0.6909494 -0.7229031 -1.66718e-4 -0.6744875 -0.7382864 -1.65355e-4 -1 0 0 -0.9983265 -0.05782991 0 -0.9939056 -0.1102357 2.89279e-4 -0.967738 -0.2519588 -1.61311e-4 -0.9229834 -0.38484 -1.58428e-4 -0.9677071 -0.2520752 0.00103724 -0.9015195 -0.4327386 -1.34588e-5 1.5224e-6 0 1 0 0 1 3.25513e-6 0 1 -3.23932e-6 0 1 8.09552e-7 0 1 3.2061e-6 0 1 -3.23027e-6 0 1 -1.5224e-6 0 1 -3.22543e-6 0 1 3.23913e-6 0 1 -8.09069e-7 0 1 -3.25817e-6 0 1 3.23989e-6 0 1 1.52709e-5 0 1 -1.8515e-5 0 1 -1.87589e-5 0 1 4.64332e-6 0 1 9.17706e-6 0 1 -1.54107e-5 0 1 9.13625e-6 0 1 1.60582e-5 0 1 -3.60206e-5 0 1 3.26219e-5 0 1 1.53226e-5 0 1 -1.52728e-5 0 1 -3.72799e-5 0 1 1.51255e-5 0 1 -3.63668e-5 0 1 7.86162e-6 0 1 3.61172e-5 0 1 -7.7043e-6 0 1 -1.15855e-5 0 1 -1.17606e-5 0 1 1.82727e-5 0 1 -7.87011e-6 0 1 -1.78669e-5 0 1 3.05345e-5 0 1 -6.33482e-5 0 1 4.68485e-5 0 1 1.51754e-5 0 1 -1.84082e-5 0 1 1.54128e-5 0 1 -2.29977e-5 0 1 1.8336e-5 0 1 -5.09453e-6 0 1 1.57717e-5 0 1 -8.95821e-6 0 1 -0.9358887 -0.352296 0 -0.8287587 -0.5596064 0 -0.8289102 -0.5593819 0 -0.6852762 -0.7282833 0 -0.6853604 -0.7282041 0 -0.5077787 -0.8614876 0 -0.2979221 -0.9545902 0 -0.2978761 -0.9546046 0 -0.08271592 -0.9965732 0 -0.08268946 -0.9965754 0 0.1406915 -0.9900535 0 0.1406922 -0.9900535 0 0.3580402 -0.9337062 0 0.3579291 -0.9337488 0 0.5548208 -0.8319699 0 0.5549715 -0.8318694 0 0.7322631 -0.6810219 0 0.7322654 -0.6810194 0 0.8615553 -0.5076637 0 0.8616983 -0.5074211 0 0.9539883 -0.299844 0 0.9958713 -0.09077769 0 0.9958417 -0.09110152 0 0.9896854 0.1432577 0 0.9314597 0.3638446 0 0.9315702 0.3635615 0 0.8286828 0.5597186 0 0.828986 0.5592696 0 0.6918302 0.7220603 0 0.6919976 0.7218999 0 0.5020245 0.8648535 0 0.3016986 0.9534034 0 0.0826888 0.9965754 0 0.08266228 0.9965777 0 -0.1406915 0.9900535 0 -0.1407377 0.9900469 0 -0.3579313 0.933748 0 -0.3579835 0.9337279 0 -0.5548208 0.8319699 0 -0.5550469 0.8318191 0 -0.732181 0.6811101 0 -0.7321834 0.6811075 0 -0.8616269 0.5075424 0 -0.9502323 0.3115425 0 -0.950184 0.3116897 0 -0.9969562 0.07796424 0 -0.9969435 0.07812672 0 -0.9896622 -0.1434179 0 -0.9897087 -0.1430975 0 -0.9357805 -0.3525831 0 2.42401e-5 0 -1 -2.06056e-5 0 -1 -2.42432e-5 0 -1 -1.21768e-5 0 -1 1.21768e-5 0 -1 0 0 -1 2.06949e-5 0 -1 -8.19311e-6 0 -1 -1.19808e-5 0 -1 1.43732e-5 0 -1 2.30726e-5 0 -1 -9.17636e-6 0 -1 1.08836e-5 0 -1 5.88614e-6 0 -1 -2.05569e-5 0 -1 1.18817e-5 0 -1 -2.06949e-5 0 -1 2.37949e-5 0 -1 -2.26293e-5 0 -1 9.17636e-6 0 -1 -1.08836e-5 0 -1 8.19168e-6 0 -1 1.19805e-5 0 -1 -1.4376e-5 0 -1 0.9713888 -0.1992459 0.1292478 0.6949289 -0.7010608 0.1599615 0.5512575 -0.8162772 0.1726463 0.01376259 -0.990302 0.1382489 -0.6851149 -0.7145746 0.1414241 -0.9920615 0 0.1257541 -0.8696669 0.4717048 0.145514 -0.3034993 0.9436975 0.1316181 0.4006059 0.9102922 0.1043217 0.837467 0.5283752 0.1395305 0.1193203 0.0186218 0.9926812 0.1242305 -0.002737283 0.9922497 0.1206674 -0.02719753 0.9923204 0.1092784 -0.04738861 0.992881 0.1029028 -0.07158893 0.9921119 0.08768361 -0.09112465 0.9919718 0.07661306 -0.1123107 0.9907153 0.04781633 -0.1142444 0.9923013 0.02556788 -0.1237368 0.9919857 0.001927971 -0.1255744 0.9920824 -0.02158349 -0.1244196 0.9919949 -0.04565232 -0.1185729 0.9918954 -0.0636754 -0.1038481 0.9925528 -0.08451306 -0.0905497 0.9922995 -0.1000465 -0.07375508 0.9922454 -0.1118942 -0.05192685 0.9923625 -0.1283102 -0.03491181 0.9911195 -0.1228971 -0.008138835 0.9923861 -0.1233872 0.016514 0.9922212 -0.1159297 0.03762263 0.9925447 -0.1136237 0.06297653 0.991526 -0.09242075 0.07694083 0.992743 -0.07716947 0.09435915 0.9925429 -0.0569207 0.1086362 0.9924507 -0.0377596 0.1202507 0.9920253 -0.0139696 0.1252204 0.9920306 0.00974375 0.1255019 0.9920455 0.03379619 0.1227522 0.9918618 0.05498474 0.1117544 0.9922136 0.07179683 0.09442424 0.9929398 0.08888942 0.07895427 0.9929074 0.1129009 0.06658595 0.9913727 0.1198276 0.04492574 0.9917778 0.1136881 0.04147809 0.9926503 0.3946785 0.1437239 0.9075089 0.3715029 0.1300805 0.919274 0.5577996 0.1955337 0.8066141 0.5789152 0.2082738 0.7883396 0.7666035 0.2765403 0.579521 0.7325752 0.2507995 0.6327978 0.8663035 0.2962133 0.4022139 0.8726004 0.3032538 0.3828912 0.935477 0.3248374 0.1391527 0.9358103 0.3272323 0.1310651 0.1102751 0.0643981 0.9918127 0.3338193 0.1949249 0.9222631 0.3577361 0.2162572 0.908437 0.5241867 0.3167496 0.7905049 0.5091284 0.3019884 0.8059723 0.6781601 0.401848 0.6153188 0.6948925 0.4218078 0.5824111 0.7728647 0.4687157 0.4277684 0.780138 0.4810888 0.3999232 0.842118 0.5190817 0.1462588 0.8420021 0.5136158 0.1650198 0.7182756 0.6791782 0.1509876 0.0962733 0.08825057 0.991435 0.2869268 0.2632394 0.9210744 0.285421 0.260721 0.9222579 0.4548664 0.4159276 0.7874648 0.45284 0.413278 0.7900236 0.5981945 0.5459562 0.5865964 0.5868735 0.5269701 0.6147211 0.6887038 0.6181295 0.3789499 0.6812249 0.5981928 0.4220166 0.7469472 0.6564117 0.1058003 0.7504917 0.6449319 0.1443091 0.07254922 0.09586858 0.9927467 0.25186 0.3327653 0.908754 0.2393751 0.307362 0.920993 0.3569642 0.458717 0.8137294 0.3710502 0.4895614 0.7890826 0.4922294 0.6495586 0.5794686 0.4898496 0.6426159 0.5891455 0.5544716 0.7275641 0.4039949 0.5563129 0.7385728 0.3808231 0.5992466 0.7953514 0.09121268 0.6041201 0.7834466 0.1457754 0.05394172 0.1078331 0.9927046 0.1704576 0.3411206 0.9244355 0.1782888 0.3697019 0.9118847 0.2663456 0.5525556 0.7897737 0.2604625 0.5263155 0.8094142 0.3616892 0.7306806 0.5790395 0.3606129 0.7251796 0.5865774 0.4138381 0.8317076 0.370136 0.4140031 0.8185787 0.3981589 0.444764 0.8797804 0.1678439 0.4410945 0.8874652 0.1335715 0.2618998 0.9558187 0.1334885 0.03359889 0.1205177 0.9921424 0.104943 0.3766161 0.9204061 0.1044062 0.3692955 0.9234285 0.1614476 0.5710057 0.8049144 0.1621865 0.5895659 0.7912697 0.2152842 0.782482 0.5842728 0.2153952 0.7786034 0.5893908 0.2455202 0.8863772 0.3924987 0.2433425 0.8959251 0.3716216 0.2595863 0.955765 0.1383053 0.2652286 0.9517537 0.1543332 0.09710401 0.9872482 0.1261428 0.009726285 0.1257659 0.9920124 0.03023356 0.3909512 0.9199148 0.03065568 0.3873193 0.9214359 0.04790568 0.6053828 0.7944915 0.04850256 0.6016097 0.7973164 0.06344139 0.7878161 0.6126345 0.06060624 0.7997432 0.5972751 0.07030218 0.9274603 0.3672536 0.07314825 0.9208875 0.3829042 0.07847499 0.9876921 0.1352997 0.0790165 0.9873009 0.1378161 -0.0139867 0.1254826 0.9919973 -0.04359871 0.3903122 0.9196497 -0.04376554 0.3907253 0.9194663 -0.06761866 0.6039367 0.7941589 -0.06782537 0.6047301 0.7935373 -0.08811658 0.7852246 0.6129093 -0.08858078 0.7862755 0.6114936 -0.1037378 0.92136 0.3746121 -0.1008407 0.9171435 0.385589 -0.1082486 0.9845857 0.1373807 -0.1107732 0.985862 0.1257197 -0.03707647 0.1191818 0.9921799 -0.1193367 0.3824334 0.9162442 -0.1175354 0.3791955 0.9178214 -0.1772527 0.571691 0.8010936 -0.1839457 0.5832786 0.7911701 -0.2375589 0.7531432 0.6134666 -0.2379543 0.7536653 0.6126716 -0.2796534 0.8853186 0.3714903 -0.276099 0.8816913 0.3826096 -0.2970577 0.9487221 0.1080886 -0.2869275 0.9458091 0.1520453 -0.4453989 0.8907978 0.08999609 -0.05930072 0.111527 0.9919905 -0.1822296 0.3432759 0.9213871 -0.1950077 0.358614 0.91289 -0.2980782 0.5488799 0.7809485 -0.2763469 0.5241358 0.8055521 -0.3669583 0.6962158 0.6169483 -0.3681237 0.6970733 0.6152836 -0.4276244 0.8105385 0.4002059 -0.440084 0.8189749 0.3682475 -0.4685274 0.8714124 0.1453363 -0.4845489 0.8691357 0.09907376 -0.07644474 0.09375017 0.9926566 -0.2479529 0.3046069 0.919638 -0.2456352 0.3024196 0.9209809 -0.3929626 0.4838344 0.7819748 -0.3978598 0.4877364 0.7770591 -0.4889075 0.5993688 0.6338191 -0.4975544 0.6052677 0.621362 -0.5896335 0.7166489 0.3724873 -0.5753442 0.7106132 0.4049792 -0.6224241 0.7688013 0.1467406 -0.6383544 0.7658371 0.07744216 -0.09301888 0.0772981 0.9926594 -0.3029959 0.2519778 0.919076 -0.3031565 0.2521193 0.9189843 -0.473771 0.3931984 0.787995 -0.4844921 0.3989798 0.7785131 -0.610529 0.502549 0.6121265 -0.5886589 0.4936573 0.6401432 -0.7220171 0.6057491 0.3343045 -0.7071085 0.6022504 0.3705296 -0.7530097 0.6421923 0.1434066 -0.7511812 0.6423737 0.151931 -0.1037629 0.05960947 0.9928143 -0.3287138 0.1890747 0.9253097 -0.3428911 0.1934036 0.9192501 -0.5193012 0.2932972 0.8026849 -0.5402909 0.2994055 0.7864109 -0.7138509 0.3952116 0.5781219 -0.6882823 0.3902144 0.6115555 -0.7982602 0.4526944 0.3973017 -0.8290131 0.4527002 0.3283292 -0.8695732 0.4751957 0.1342823 -0.8640998 0.4776301 0.1587486 -0.9448114 0.3018212 0.1274185 -0.1244736 0.0388844 0.9914608 -0.3781638 0.1181221 0.9181718 -0.3603088 0.1157761 0.9256206 -0.5865738 0.1881613 0.7877351 -0.56459 0.1870354 0.8039005 -0.7398169 0.2447624 0.6267076 -0.7816909 0.2452363 0.573427 -0.8816301 0.2764866 0.3824704 -0.8736902 0.2772898 0.3997197 -0.945017 0.3002319 0.1296293 -0.9440597 0.3009151 0.134913 -0.1205103 0.0165978 0.9925734 -0.3598464 0.04958951 0.9316929 -0.3950869 0.04690825 0.9174454 -0.6208496 0.07379209 0.7804489 -0.6125799 0.07512557 0.7868304 -0.7786547 0.09496355 0.6202248 -0.7717431 0.09602332 0.628643 -0.9199004 0.1150083 0.3749085 -0.9169675 0.1155342 0.3818671 -0.9844209 0.1239131 0.1247441 -0.9838202 0.1254566 0.1279008 -0.1243648 -0.008573293 0.9921995 -0.4010078 -0.02750009 0.9156619 -0.361595 -0.01701855 0.9321799 -0.620768 -0.02930659 0.7834465 -0.6247888 -0.03032058 0.7802049 -0.7810056 -0.03765362 0.623388 -0.7835647 -0.03907716 0.6200802 -0.9245185 -0.04600673 0.3783504 -0.9257777 -0.04677033 0.3751643 -0.9906601 -0.05009543 0.1268193 -0.9942674 -0.05717831 0.09035003 -0.9586992 -0.2515227 0.1327866 -0.1194002 -0.03087228 0.9923662 -0.3737921 -0.09688228 0.9224389 -0.3880643 -0.1038668 0.9157609 -0.5819321 -0.1554495 0.7982422 -0.5988367 -0.1645156 0.7837917 -0.7957311 -0.2186764 0.5647944 -0.7579377 -0.1944236 0.6226795 -0.8908861 -0.2286238 0.3924964 -0.8956318 -0.2323702 0.379273 -0.959701 -0.2497678 0.1288025 -0.9600785 -0.2487131 0.1280279 -0.9045646 -0.4031589 0.1386581 -0.1192672 -0.05743712 0.9911995 -0.3629839 -0.1744861 0.9153128 -0.3497335 -0.1642525 0.9223382 -0.5226503 -0.245381 0.8164709 -0.5427336 -0.2622146 0.7979248 -0.7221357 -0.3483782 0.5976227 -0.7383607 -0.3640398 0.5677134 -0.849681 -0.4188256 0.3203548 -0.8317807 -0.3941333 0.3908966 -0.8928725 -0.4228703 0.1547887 -0.893697 -0.428301 0.133656 -0.09964847 -0.07340085 0.9923117 -0.3288949 -0.2422975 0.9127541 -0.3237761 -0.2364432 0.9161134 -0.4786744 -0.3499209 0.8052493 -0.4704455 -0.3404822 0.8140963 -0.6292269 -0.455749 0.6295765 -0.6443219 -0.4755109 0.5989482 -0.7504329 -0.5542391 0.3600966 -0.7560556 -0.5669255 0.3270713 -0.7915303 -0.5935481 0.1455353 -0.7917212 -0.5953341 0.1369487 -0.08465766 -0.09102249 0.992244 -0.2540143 -0.2726958 0.9279622 -0.2716179 -0.3014782 0.9139664 -0.4295628 -0.4772354 0.7666304 -0.4059999 -0.4350156 0.8036949 -0.5418061 -0.5801912 0.6081319 -0.5350894 -0.566459 0.6267405 -0.6306716 -0.6671342 0.3964661 -0.6341831 -0.6817584 0.3647155 -0.672561 -0.7231222 0.1573408 -0.6699182 -0.7337784 0.1130434 -0.5127824 -0.8433881 0.1604708 -0.06459456 -0.1062505 0.9922391 -0.2054964 -0.3381454 0.918384 -0.1985671 -0.319122 0.9266781 -0.3362763 -0.5405 0.7712186 -0.3359317 -0.5390315 0.7723956 -0.4041262 -0.6485713 0.6450096 -0.4120634 -0.6800392 0.6064244 -0.4839572 -0.7987194 0.3575372 -0.4828618 -0.7815288 0.3950409 -0.5197932 -0.8414235 0.1477221 -0.5207262 -0.8403927 0.1502817 -0.04497313 -0.1144108 0.9924151 -0.142097 -0.3619333 0.9213104 -0.1430037 -0.366778 0.9192518 -0.2174768 -0.5583894 0.8005656 -0.2213967 -0.5875748 0.7782925 -0.2814634 -0.7470306 0.6022655 -0.2799016 -0.719747 0.6353104 -0.3349425 -0.8613708 0.3819083 -0.333732 -0.8699221 0.3631235 -0.3537207 -0.9214019 0.1609353 -0.3518797 -0.9240866 0.1491464 -0.02153843 -0.1249436 0.9919301 -0.06660681 -0.3855483 0.9202805 -0.06659662 -0.3833053 0.9212176 -0.1029523 -0.5919625 0.7993631 -0.1028613 -0.593895 0.7979401 -0.1365873 -0.788307 0.5999301 -0.137198 -0.7832782 0.6063432 -0.1603448 -0.9148426 0.3706112 -0.1614975 -0.9114181 0.3784649 -0.1728316 -0.9754891 0.1361989 -0.1743295 -0.9739794 0.1448222 0.002326071 -0.1274666 0.9918401 0.007077336 -0.3902969 0.9206619 0.00630629 -0.386516 0.9222612 0.009882807 -0.6113885 0.791269 0.008774816 -0.6064438 0.7950779 0.01135742 -0.7886349 0.6147569 0.01377117 -0.7956894 0.6055484 0.01600897 -0.9260261 0.3771198 0.01644444 -0.926644 0.3755803 0.01759105 -0.9920076 0.1249465 0.01559436 -0.9907408 0.1348682 0.1947839 -0.9746475 0.1100978 0.02632886 -0.1254869 0.9917459 0.07860505 -0.3755007 0.9234828 0.08071279 -0.3805422 0.9212346 0.1285762 -0.605789 0.7851673 0.1234842 -0.5950995 0.7941085 0.160404 -0.7727693 0.6140831 0.1633753 -0.7781205 0.6064957 0.1890162 -0.9004476 0.3917487 0.189485 -0.9008064 0.3906958 0.2042735 -0.9712456 0.1222883 0.2042433 -0.9712358 0.1224168 0.04994738 -0.1173444 0.9918345 0.1502695 -0.3537585 0.923187 0.1463142 -0.3476794 0.926127 0.2434675 -0.5787841 0.7782883 0.2443498 -0.5803309 0.7768586 0.3010892 -0.7151581 0.6307886 0.3057816 -0.7206504 0.6222224 0.3655894 -0.861395 0.3526231 0.3512744 -0.8497411 0.3931238 0.3770974 -0.9117791 0.1626543 0.3911391 -0.9144909 0.1035215 0.06758743 -0.1030531 0.9923771 0.2092359 -0.3185949 0.9245095 0.2086527 -0.3180063 0.9248439 0.3325335 -0.5071143 0.7951456 0.3572526 -0.5305591 0.7686856 0.4466114 -0.6629225 0.6008927 0.4216818 -0.6432285 0.6390944 0.5058298 -0.7711706 0.3865647 0.5220799 -0.7799244 0.3451822 0.5495957 -0.8211359 0.1538845 0.5433665 -0.8203922 0.1780722 0.09783434 -0.09823817 0.9903422 0.2675314 -0.2694935 0.9250947 0.267103 -0.2689958 0.9253634 0.4210047 -0.4241392 0.8017863 0.4286313 -0.4288554 0.7952096 0.5835011 -0.5834575 0.564893 0.5594106 -0.5710129 0.6008361 0.6337808 -0.6472328 0.4235703 0.6506971 -0.6529899 0.3875533 0.6977255 -0.7004346 0.1502351 0.6965288 -0.6997599 0.1586944 0.7924365 -0.5940427 0.1384119 0.1042311 -0.0720914 0.9919369 0.3034976 -0.2102105 0.929355 0.3116952 -0.213507 0.9258838 0.5212008 -0.3575496 0.7749245 0.4878155 -0.3437524 0.8024154 0.6199938 -0.437974 0.6509889 0.6931123 -0.4591809 0.5556513 0.7901598 -0.523016 0.3195338 0.7380263 -0.5178356 0.432624 0.8086078 -0.5668345 0.1576462 0.8098137 -0.5664784 0.1526571 0.1154149 -0.04859298 0.9921281 0.3582123 -0.1509636 0.9213544 0.3366838 -0.1468687 0.9300934 0.5579599 -0.2435838 0.7933144 0.5857805 -0.2481284 0.7715528 0.7619324 -0.3232004 0.5612491 0.6848419 -0.3138769 0.6576267 0.8362883 -0.3840144 0.3913497 0.8699228 -0.3815286 0.3125223 0.9083501 -0.3978614 0.1288656 0.9058674 -0.3995933 0.1404622 0.1156361 -0.02699154 0.9929249 0.3935193 -0.09211689 0.9146897 0.3779286 -0.09153455 0.9212988 0.5503609 -0.1327645 0.8243037 0.5935537 -0.132372 0.7938336 0.763535 -0.1702062 0.6229318 0.8139079 -0.1655972 0.5568946 0.9447788 -0.191405 0.2660023 0.8960885 -0.2084666 0.3918766 0.9666005 -0.2243599 0.1238799 0.9571608 -0.2325013 0.1725878 0.9899628 -0.0665521 0.124678 0.123631 -0.002819061 0.9923244 0.4056344 -0.009323835 0.9139879 0.4040467 -0.009370446 0.9146904 0.6245508 -0.01470792 0.7808458 0.5633953 -0.02729105 0.8257367 0.7840103 -0.03726106 0.6196286 0.7804813 -0.03882324 0.6239727 0.9260329 -0.04596948 0.374633 0.9646432 -0.02431273 0.2624356 0.9794318 -0.02447158 0.200286 0.992244 0 0.1243063 0.1229857 0.01980978 0.9922108 0.3892564 0.06289517 0.9189797 0.3999053 0.06702446 0.9141026 0.6060992 0.1015282 0.7888827 0.6165676 0.1057758 0.780164 0.76359 0.1309555 0.6322825 0.7730153 0.1355695 0.6197323 0.9092931 0.1599189 0.3842031 0.9127334 0.1625478 0.3748281 0.9761152 0.1738337 0.1303114 0.9764932 0.1748668 0.1260268 0.2659437 0.9639886 0 0.265919 0.9639955 0 -0.7017675 0.7124062 0 -0.7017167 0.7124561 0 -0.9676685 -0.2522255 0 -0.9676702 -0.2522189 0 -0.2659437 -0.9639886 0 -0.265919 -0.9639955 0 0.7017675 -0.7124062 0 0.7017167 -0.7124561 0 0.9676685 0.2522255 0 0.9676702 0.2522189 0 -3.94751e-6 0 -1 -0.6617305 -0.2492669 -0.7070918 -0.5876356 -0.3932204 -0.7071508 -0.5879032 -0.396813 -0.704918 -0.4836375 -0.5196092 -0.7043445 -0.4843973 -0.5146812 -0.7074339 -0.3600706 -0.608943 -0.7067798 -0.3596118 -0.6101577 -0.7059653 -0.2123904 -0.6762647 -0.7053769 -0.2114972 -0.6776522 -0.7043128 -0.05793863 -0.7079619 -0.7038701 -0.05867803 -0.707389 -0.7043846 0.1002259 -0.7031177 -0.7039747 0.09989875 -0.7031417 -0.7039972 0.2547802 -0.6637179 -0.7032536 0.2544199 -0.663615 -0.7034811 0.39748 -0.5893182 -0.7033589 0.3928755 -0.5890282 -0.7061832 0.5130581 -0.4866354 -0.7070767 0.5218073 -0.4853139 -0.7015609 0.6186748 -0.3562337 -0.7002422 0.6103919 -0.3596477 -0.7057445 0.6755745 -0.2125813 -0.7059804 0.6760243 -0.2126798 -0.70552 0.7056048 -0.06370931 -0.7057358 0.7050504 -0.06434071 -0.7062324 0.7008141 0.095564 -0.7069138 0.7044814 0.1018976 -0.7023695 0.6639603 0.2566969 -0.7023272 0.6649399 0.2597877 -0.7002609 0.5929666 0.396924 -0.7006012 0.5932819 0.4003251 -0.6983957 0.4872526 0.5234931 -0.6989563 0.4892731 0.5104228 -0.7071637 0.3599873 0.6090736 -0.7067096 0.3574315 0.6155676 -0.702367 0.2131044 0.6785381 -0.7029742 0.2141999 0.6770007 -0.7041226 0.05792796 0.7079678 -0.7038651 0.05867832 0.7072746 -0.7044994 -0.1002252 0.7032485 -0.7038441 -0.09990519 0.7030695 -0.7040684 -0.2547232 0.6637055 -0.703286 -0.2544199 0.663615 -0.7034811 -0.39748 0.5893182 -0.7033589 -0.3928755 0.5890282 -0.7061832 -0.5130918 0.4865328 -0.7071229 -0.5217773 0.4854046 -0.7015205 -0.6134901 0.3639982 -0.7008105 -0.6161675 0.3630508 -0.6989505 -0.6826557 0.2148095 -0.6984541 -0.6738148 0.2212268 -0.7050052 -0.7070794 0.05313426 -0.7051352 -0.7052993 0.0551185 -0.7067636 -0.700805 -0.09569793 -0.7069047 -0.7044899 -0.101781 -0.7023779 -0.6639372 -0.2568238 -0.7023027</float_array>
          <technique_common>
            <accessor source="#Shape_IndexedFaceSet_003-mesh-normals-array" count="685" stride="3">
              <param name="X" type="float"/>
              <param name="Y" type="float"/>
              <param name="Z" type="float"/>
            </accessor>
          </technique_common>
        </source>
        <vertices id="Shape_IndexedFaceSet_003-mesh-vertices">
          <input semantic="POSITION" source="#Shape_IndexedFaceSet_003-mesh-positions"/>
        </vertices>
        <triangles material="Shape_005_001-material" count="742">
          <input semantic="VERTEX" source="#Shape_IndexedFaceSet_003-mesh-vertices" offset="0"/>
          <input semantic="NORMAL" source="#Shape_IndexedFaceSet_003-mesh-normals" offset="1"/>
          <p>43 0 55 0 44 0 55 1 43 1 59 1 59 2 43 2 57 2 59 3 57 3 72 3 72 4 57 4 82 4 82 5 57 5 79 5 82 6 79 6 89 6 89 7 79 7 108 7 89 8 108 8 107 8 159 9 146 9 130 9 130 10 146 10 132 10 130 11 132 11 108 11 108 12 132 12 126 12 108 13 126 13 107 13 191 14 190 14 159 14 159 15 190 15 186 15 186 16 169 16 159 16 159 17 169 17 160 17 159 18 160 18 146 18 242 19 225 19 214 19 214 20 225 20 213 20 214 21 213 21 191 21 191 22 213 22 202 22 191 23 202 23 190 23 262 24 245 24 242 24 242 25 245 25 241 25 242 26 241 26 225 26 262 27 242 27 271 27 271 28 242 28 272 28 271 29 272 29 283 29 283 30 272 30 293 30 293 31 272 31 294 31 293 32 294 32 300 32 300 33 294 33 315 33 300 34 315 34 314 34 308 35 312 35 313 35 313 36 312 36 324 36 313 37 324 37 328 37 328 38 324 38 325 38 328 39 325 39 315 39 315 40 325 40 327 40 315 41 327 41 314 41 291 42 290 42 313 42 313 43 290 43 295 43 313 44 295 44 308 44 240 45 254 45 267 45 267 46 254 46 265 46 267 47 265 47 291 47 291 48 265 48 278 48 291 49 278 49 290 49 216 50 235 50 240 50 240 51 235 51 238 51 240 52 238 52 254 52 216 53 240 53 211 53 211 54 240 54 212 54 211 55 212 55 195 55 195 56 212 56 187 56 187 57 212 57 188 57 187 58 188 58 176 58 176 59 188 59 158 59 176 60 158 60 157 60 102 61 120 61 128 61 128 62 120 62 129 62 128 63 129 63 158 63 158 64 129 64 137 64 158 65 137 65 157 65 77 66 78 66 102 66 102 67 78 67 83 67 83 68 99 68 102 68 102 69 99 69 103 69 102 70 103 70 120 70 44 71 45 71 43 71 43 72 45 72 50 72 43 73 50 73 56 73 56 74 50 74 58 74 56 75 58 75 77 75 77 76 58 76 67 76 77 77 67 77 78 77 313 78 328 78 189 78 189 79 328 79 315 79 189 80 315 80 294 80 240 79 267 79 189 79 189 79 267 79 291 79 189 81 291 81 313 81 158 79 188 79 189 79 189 82 188 82 212 82 189 83 212 83 240 83 77 79 102 79 189 79 189 84 102 84 128 84 189 79 128 79 158 79 57 85 43 85 189 85 189 79 43 79 56 79 189 86 56 86 77 86 130 79 108 79 189 79 189 79 108 79 79 79 189 87 79 87 57 87 214 79 191 79 189 79 189 88 191 88 159 88 189 89 159 89 130 89 294 79 272 79 189 79 189 90 272 90 242 90 189 79 242 79 214 79 5 79 21 79 1 79 1 91 21 91 19 91 1 92 19 92 3 92 3 79 19 79 22 79 3 79 22 79 7 79 7 79 22 79 32 79 7 79 32 79 14 79 14 79 32 79 65 79 14 79 65 79 30 79 30 79 65 79 90 79 30 79 90 79 96 79 322 93 280 93 355 93 355 79 280 79 305 79 355 94 305 94 364 94 364 79 305 79 337 79 364 95 337 95 368 95 368 96 337 96 350 96 368 97 350 97 372 97 372 79 350 79 353 79 372 79 353 79 370 79 370 98 353 98 351 98 370 99 351 99 366 99 351 100 347 100 366 100 366 101 347 101 330 101 366 79 330 79 359 79 359 102 330 102 297 102 359 103 297 103 342 103 342 104 297 104 273 104 342 79 273 79 277 79 277 79 273 79 248 79 277 105 248 105 234 105 234 106 248 106 224 106 234 107 224 107 194 107 90 79 115 79 96 79 96 79 115 79 138 79 96 79 138 79 142 79 142 108 138 108 163 108 142 79 163 79 178 79 178 109 163 109 180 109 178 79 180 79 221 79 221 110 180 110 208 110 221 111 208 111 260 111 260 112 208 112 232 112 260 113 232 113 322 113 322 79 232 79 253 79 322 114 253 114 280 114 224 115 201 115 194 115 194 116 201 116 170 116 194 79 170 79 149 79 149 117 170 117 150 117 149 118 150 118 112 118 112 119 150 119 127 119 112 79 127 79 49 79 49 120 127 120 109 120 49 121 109 121 18 121 18 79 109 79 85 79 18 122 85 122 9 122 9 123 85 123 52 123 9 124 52 124 5 124 5 79 52 79 27 79 5 79 27 79 21 79 5 125 8 125 9 125 9 126 8 126 17 126 9 127 17 127 18 127 18 128 17 128 48 128 18 129 48 129 49 129 49 130 48 130 111 130 49 130 111 130 112 130 112 131 111 131 148 131 112 132 148 132 149 132 149 133 148 133 193 133 149 134 193 134 194 134 194 135 193 135 233 135 194 136 233 136 234 136 234 137 233 137 276 137 234 138 276 138 277 138 277 139 276 139 341 139 277 140 341 140 342 140 342 141 341 141 358 141 342 142 358 142 359 142 359 143 358 143 365 143 359 144 365 144 366 144 366 145 365 145 369 145 366 145 369 145 370 145 370 146 369 146 371 146 370 147 371 147 372 147 372 148 371 148 367 148 372 148 367 148 368 148 368 149 367 149 363 149 368 150 363 150 364 150 364 151 363 151 354 151 364 152 354 152 355 152 355 153 354 153 321 153 355 154 321 154 322 154 322 155 321 155 259 155 322 155 259 155 260 155 260 156 259 156 220 156 260 156 220 156 221 156 221 157 220 157 177 157 221 158 177 158 178 158 178 159 177 159 141 159 178 160 141 160 142 160 142 161 141 161 95 161 142 162 95 162 96 162 96 163 95 163 29 163 96 164 29 164 30 164 30 165 29 165 13 165 30 166 13 166 14 166 14 167 13 167 6 167 14 167 6 167 7 167 7 168 6 168 2 168 7 169 2 169 3 169 3 170 2 170 0 170 3 171 0 171 1 171 1 172 0 172 4 172 1 173 4 173 5 173 5 174 4 174 8 174 113 175 147 175 161 175 10 176 11 176 62 176 257 177 227 177 209 177 289 178 346 178 268 178 84 179 25 179 105 179 105 180 25 180 16 180 105 180 16 180 62 180 62 180 16 180 12 180 62 181 12 181 10 181 227 180 192 180 209 180 209 182 192 182 154 182 209 183 154 183 105 183 105 184 154 184 122 184 105 180 122 180 84 180 361 180 357 180 309 180 309 185 357 185 352 185 309 186 352 186 209 186 209 180 352 180 304 180 209 187 304 187 257 187 346 188 356 188 268 188 268 189 356 189 360 189 268 190 360 190 309 190 309 191 360 191 362 191 309 192 362 192 361 192 11 180 15 180 62 180 62 193 15 193 20 193 62 194 20 194 161 194 161 180 20 180 69 180 161 195 69 195 113 195 147 180 179 180 161 180 161 196 179 196 215 196 161 197 215 197 268 197 268 198 215 198 251 198 268 180 251 180 289 180 312 199 308 199 311 199 265 200 254 200 255 200 238 201 235 201 236 201 187 202 176 202 175 202 103 203 99 203 98 203 45 204 44 204 42 204 82 205 89 205 87 205 160 206 169 206 168 206 241 207 245 207 246 207 293 208 300 208 301 208 353 209 350 209 345 209 351 210 353 210 349 210 347 211 351 211 348 211 330 212 347 212 340 212 297 213 330 213 318 213 273 214 297 214 288 214 248 215 273 215 266 215 224 216 248 216 244 216 201 217 224 217 223 217 170 218 201 218 200 218 150 219 170 219 171 219 127 220 150 220 151 220 109 221 127 221 131 221 85 222 109 222 110 222 52 223 85 223 88 223 27 224 52 224 64 224 21 225 27 225 35 225 19 226 21 226 24 226 22 227 19 227 23 227 32 228 22 228 26 228 65 229 32 229 39 229 90 230 65 230 73 230 115 231 90 231 92 231 138 232 115 232 118 232 163 233 138 233 139 233 180 234 163 234 164 234 208 235 180 235 181 235 232 236 208 236 207 236 253 237 232 237 231 237 280 238 253 238 252 238 305 239 280 239 275 239 337 240 305 240 299 240 350 241 337 241 329 241 350 242 329 242 345 242 345 243 329 243 316 243 345 244 316 244 338 244 338 245 316 245 307 245 338 246 307 246 332 246 332 247 307 247 303 247 332 248 303 248 320 248 320 249 303 249 301 249 320 250 301 250 319 250 319 251 301 251 300 251 319 252 300 252 314 252 337 253 299 253 329 253 329 254 299 254 292 254 329 255 292 255 316 255 316 256 292 256 287 256 316 257 287 257 307 257 307 258 287 258 285 258 307 259 285 259 303 259 303 260 285 260 284 260 303 261 284 261 301 261 301 262 284 262 283 262 301 263 283 263 293 263 263 264 262 264 271 264 305 265 275 265 299 265 299 266 275 266 274 266 299 267 274 267 292 267 292 268 274 268 270 268 292 269 270 269 287 269 287 270 270 270 264 270 287 271 264 271 285 271 285 272 264 272 263 272 285 273 263 273 284 273 284 274 263 274 271 274 284 275 271 275 283 275 280 276 252 276 275 276 275 277 252 277 250 277 275 278 250 278 274 278 274 279 250 279 249 279 274 280 249 280 270 280 270 281 249 281 247 281 270 282 247 282 264 282 264 283 247 283 246 283 264 284 246 284 263 284 263 285 246 285 245 285 263 286 245 286 262 286 253 287 231 287 252 287 252 288 231 288 230 288 252 289 230 289 250 289 250 290 230 290 229 290 250 291 229 291 249 291 249 292 229 292 228 292 249 293 228 293 247 293 247 294 228 294 226 294 247 295 226 295 246 295 246 296 226 296 225 296 246 297 225 297 241 297 203 298 202 298 213 298 232 299 207 299 231 299 231 300 207 300 206 300 231 301 206 301 230 301 230 302 206 302 205 302 230 303 205 303 229 303 229 304 205 304 204 304 229 305 204 305 228 305 228 306 204 306 203 306 228 307 203 307 226 307 226 308 203 308 213 308 226 309 213 309 225 309 185 310 186 310 190 310 208 311 181 311 207 311 207 312 181 312 182 312 207 313 182 313 206 313 206 314 182 314 183 314 206 315 183 315 205 315 205 316 183 316 184 316 205 317 184 317 204 317 204 318 184 318 185 318 204 319 185 319 203 319 203 320 185 320 190 320 203 321 190 321 202 321 180 322 164 322 181 322 181 323 164 323 165 323 181 324 165 324 182 324 182 325 165 325 166 325 182 326 166 326 183 326 183 327 166 327 167 327 183 328 167 328 184 328 184 329 167 329 168 329 184 330 168 330 185 330 185 331 168 331 169 331 185 332 169 332 186 332 163 333 139 333 164 333 164 334 139 334 140 334 164 335 140 335 165 335 165 336 140 336 143 336 165 337 143 337 166 337 166 338 143 338 144 338 166 339 144 339 167 339 167 340 144 340 145 340 167 341 145 341 168 341 168 342 145 342 146 342 168 343 146 343 160 343 125 344 126 344 132 344 138 345 118 345 139 345 139 346 118 346 121 346 139 347 121 347 140 347 140 348 121 348 123 348 140 349 123 349 143 349 143 350 123 350 124 350 143 351 124 351 144 351 144 352 124 352 125 352 144 353 125 353 145 353 145 354 125 354 132 354 145 355 132 355 146 355 115 356 92 356 118 356 118 357 92 357 97 357 118 358 97 358 121 358 121 359 97 359 100 359 121 360 100 360 123 360 123 361 100 361 101 361 123 362 101 362 124 362 124 363 101 363 104 363 124 364 104 364 125 364 125 365 104 365 107 365 125 366 107 366 126 366 90 367 73 367 92 367 92 368 73 368 75 368 92 369 75 369 97 369 97 370 75 370 81 370 97 371 81 371 100 371 100 372 81 372 86 372 100 373 86 373 101 373 101 374 86 374 87 374 101 375 87 375 104 375 104 376 87 376 89 376 104 377 89 377 107 377 65 378 39 378 73 378 73 379 39 379 51 379 73 380 51 380 75 380 75 381 51 381 61 381 75 382 61 382 81 382 81 383 61 383 68 383 81 384 68 384 86 384 86 385 68 385 70 385 86 386 70 386 87 386 87 387 70 387 72 387 87 388 72 388 82 388 53 389 55 389 59 389 32 390 26 390 39 390 39 391 26 391 33 391 39 392 33 392 51 392 51 393 33 393 38 393 51 394 38 394 61 394 61 395 38 395 46 395 61 396 46 396 68 396 68 397 46 397 53 397 68 398 53 398 70 398 70 399 53 399 59 399 70 400 59 400 72 400 22 401 23 401 26 401 26 402 23 402 28 402 26 403 28 403 33 403 33 404 28 404 34 404 33 405 34 405 38 405 38 406 34 406 37 406 38 407 37 407 46 407 46 408 37 408 42 408 46 409 42 409 53 409 53 410 42 410 44 410 53 411 44 411 55 411 19 412 24 412 23 412 23 413 24 413 31 413 23 414 31 414 28 414 28 415 31 415 36 415 28 416 36 416 34 416 34 417 36 417 41 417 34 418 41 418 37 418 37 419 41 419 47 419 37 420 47 420 42 420 42 421 47 421 50 421 42 422 50 422 45 422 66 423 67 423 58 423 21 424 35 424 24 424 24 425 35 425 40 425 24 426 40 426 31 426 31 427 40 427 54 427 31 428 54 428 36 428 36 429 54 429 60 429 36 430 60 430 41 430 41 431 60 431 66 431 41 432 66 432 47 432 47 433 66 433 58 433 47 434 58 434 50 434 80 435 83 435 78 435 27 436 64 436 35 436 35 437 64 437 71 437 35 438 71 438 40 438 40 439 71 439 74 439 40 440 74 440 54 440 54 441 74 441 76 441 54 442 76 442 60 442 60 443 76 443 80 443 60 444 80 444 66 444 66 445 80 445 78 445 66 446 78 446 67 446 52 447 88 447 64 447 64 448 88 448 91 448 64 449 91 449 71 449 71 450 91 450 93 450 71 451 93 451 74 451 74 452 93 452 94 452 74 453 94 453 76 453 76 454 94 454 98 454 76 455 98 455 80 455 80 456 98 456 99 456 80 457 99 457 83 457 85 458 110 458 88 458 88 459 110 459 114 459 88 460 114 460 91 460 91 461 114 461 116 461 91 462 116 462 93 462 93 463 116 463 117 463 93 464 117 464 94 464 94 465 117 465 119 465 94 466 119 466 98 466 98 467 119 467 120 467 98 468 120 468 103 468 136 469 137 469 129 469 109 470 131 470 110 470 110 471 131 471 133 471 110 472 133 472 114 472 114 473 133 473 134 473 114 474 134 474 116 474 116 475 134 475 135 475 116 476 135 476 117 476 117 477 135 477 136 477 117 478 136 478 119 478 119 479 136 479 129 479 119 480 129 480 120 480 127 481 151 481 131 481 131 482 151 482 152 482 131 483 152 483 133 483 133 484 152 484 153 484 133 485 153 485 134 485 134 486 153 486 155 486 134 487 155 487 135 487 135 488 155 488 156 488 135 489 156 489 136 489 136 490 156 490 157 490 136 491 157 491 137 491 150 492 171 492 151 492 151 493 171 493 172 493 151 494 172 494 152 494 152 495 172 495 173 495 152 496 173 496 153 496 153 497 173 497 174 497 153 498 174 498 155 498 155 499 174 499 175 499 155 500 175 500 156 500 156 501 175 501 176 501 156 502 176 502 157 502 170 503 200 503 171 503 171 504 200 504 199 504 171 505 199 505 172 505 172 506 199 506 198 506 172 507 198 507 173 507 173 508 198 508 197 508 173 509 197 509 174 509 174 510 197 510 196 510 174 511 196 511 175 511 175 512 196 512 195 512 175 513 195 513 187 513 217 514 216 514 211 514 201 515 223 515 200 515 200 516 223 516 222 516 200 517 222 517 199 517 199 518 222 518 219 518 199 519 219 519 198 519 198 520 219 520 218 520 198 521 218 521 197 521 197 522 218 522 217 522 197 523 217 523 196 523 196 524 217 524 211 524 196 525 211 525 195 525 224 526 244 526 223 526 223 527 244 527 243 527 223 528 243 528 222 528 222 529 243 529 239 529 222 530 239 530 219 530 219 531 239 531 237 531 219 532 237 532 218 532 218 533 237 533 236 533 218 534 236 534 217 534 217 535 236 535 235 535 217 536 235 536 216 536 248 537 266 537 244 537 244 538 266 538 261 538 244 539 261 539 243 539 243 540 261 540 258 540 243 541 258 541 239 541 239 542 258 542 256 542 239 543 256 543 237 543 237 544 256 544 255 544 237 545 255 545 236 545 236 546 255 546 254 546 236 547 254 547 238 547 273 548 288 548 266 548 266 549 288 549 286 549 266 550 286 550 261 550 261 551 286 551 282 551 261 552 282 552 258 552 258 553 282 553 281 553 258 554 281 554 256 554 256 555 281 555 279 555 256 556 279 556 255 556 255 557 279 557 278 557 255 558 278 558 265 558 296 559 295 559 290 559 297 560 318 560 288 560 288 561 318 561 306 561 288 562 306 562 286 562 286 563 306 563 302 563 286 564 302 564 282 564 282 565 302 565 298 565 282 566 298 566 281 566 281 567 298 567 296 567 281 568 296 568 279 568 279 569 296 569 290 569 279 570 290 570 278 570 330 571 340 571 318 571 318 572 340 572 335 572 318 573 335 573 306 573 306 574 335 574 323 574 306 575 323 575 302 575 302 576 323 576 317 576 302 577 317 577 298 577 298 578 317 578 311 578 298 579 311 579 296 579 296 580 311 580 308 580 296 581 308 581 295 581 347 582 348 582 340 582 340 583 348 583 343 583 340 584 343 584 335 584 335 585 343 585 336 585 335 586 336 586 323 586 323 587 336 587 333 587 323 588 333 588 317 588 317 589 333 589 326 589 317 590 326 590 311 590 311 591 326 591 324 591 311 592 324 592 312 592 331 593 327 593 325 593 351 594 349 594 348 594 348 595 349 595 344 595 348 596 344 596 343 596 343 597 344 597 339 597 343 598 339 598 336 598 336 599 339 599 334 599 336 600 334 600 333 600 333 601 334 601 331 601 333 602 331 602 326 602 326 603 331 603 325 603 326 604 325 604 324 604 353 605 345 605 349 605 349 606 345 606 338 606 349 607 338 607 344 607 344 608 338 608 332 608 344 609 332 609 339 609 339 610 332 610 320 610 339 611 320 611 334 611 334 612 320 612 319 612 334 613 319 613 331 613 331 614 319 614 314 614 331 615 314 615 327 615 106 616 210 616 105 616 105 617 210 617 209 617 210 618 310 618 209 618 209 619 310 619 309 619 310 620 269 620 309 620 309 621 269 621 268 621 269 622 162 622 268 622 268 623 162 623 161 623 162 624 63 624 161 624 161 625 63 625 62 625 63 626 106 626 62 626 62 627 106 627 105 627 310 180 210 180 269 180 269 628 210 628 106 628 269 180 106 180 162 180 162 180 106 180 63 180 4 629 16 629 8 629 8 630 16 630 25 630 8 631 25 631 17 631 17 632 25 632 84 632 17 633 84 633 48 633 48 634 84 634 122 634 48 635 122 635 111 635 111 636 122 636 154 636 111 637 154 637 148 637 148 638 154 638 192 638 148 639 192 639 193 639 193 640 192 640 227 640 193 641 227 641 233 641 233 642 227 642 257 642 233 643 257 643 276 643 276 644 257 644 304 644 276 645 304 645 341 645 341 646 304 646 352 646 341 647 352 647 358 647 358 648 352 648 357 648 358 649 357 649 365 649 365 650 357 650 361 650 365 651 361 651 369 651 369 652 361 652 362 652 369 653 362 653 371 653 371 654 362 654 360 654 371 655 360 655 367 655 367 656 360 656 356 656 367 657 356 657 363 657 363 658 356 658 346 658 363 659 346 659 354 659 354 660 346 660 289 660 354 661 289 661 321 661 321 662 289 662 251 662 321 663 251 663 259 663 259 664 251 664 215 664 259 665 215 665 220 665 220 666 215 666 179 666 220 667 179 667 177 667 177 668 179 668 147 668 177 669 147 669 141 669 141 670 147 670 113 670 141 671 113 671 95 671 95 672 113 672 69 672 95 673 69 673 29 673 29 674 69 674 20 674 29 675 20 675 13 675 13 676 20 676 15 676 13 677 15 677 6 677 6 678 15 678 11 678 6 679 11 679 2 679 2 680 11 680 10 680 2 681 10 681 0 681 0 682 10 682 12 682 0 683 12 683 4 683 4 684 12 684 16 684</p>
        </triangles>
      </mesh>
    </geometry>
    <geometry id="Shape_IndexedFaceSet_002-mesh" name="Shape_IndexedFaceSet.002">
      <mesh>
        <source id="Shape_IndexedFaceSet_002-mesh-positions">
          <float_array id="Shape_IndexedFaceSet_002-mesh-positions-array" count="258">1.07018 0.007227957 -0.105283 1.0702 0.007227957 -0.105525 1.0702 0.007227957 -0.105041 1.07025 -0.007077932 -0.105283 1.07025 0.00722897 -0.105762 1.07025 0.00722897 -0.104804 1.07027 -0.007077932 -0.105525 1.07027 -0.007077932 -0.105041 1.07032 -0.007076919 -0.105762 1.07032 -0.007076919 -0.104804 1.07034 0.00722897 -0.105987 1.07034 0.00722897 -0.104579 1.07041 -0.007076919 -0.105987 1.07041 -0.007076919 -0.104579 1.07047 0.007229924 -0.106196 1.07047 0.007229924 -0.1043699 1.07054 -0.007075965 -0.106196 1.07054 -0.007075965 -0.1043699 1.07062 0.007229924 -0.106384 1.07062 0.007229924 -0.104182 1.07069 -0.007075965 -0.106384 1.07069 -0.007075965 -0.104182 1.0708 0.007230997 -0.106546 1.0708 0.007230997 -0.1040199 1.07087 -0.007074952 -0.106546 1.07087 -0.007074952 -0.1040199 1.07101 0.007231891 -0.106678 1.07101 0.007231891 -0.103888 1.07108 -0.007073998 -0.106678 1.07108 -0.007073998 -0.103888 1.07123 0.007232964 -0.106777 1.07123 0.007232964 -0.103789 1.0713 -0.007072985 -0.106777 1.0713 -0.007072985 -0.103789 1.07146 0.00723499 -0.106841 1.07146 0.00723499 -0.103725 1.07153 -0.007071912 -0.106841 1.07153 -0.007071912 -0.103725 1.0717 0.007235944 -0.106869 1.0717 0.007235944 -0.103697 1.07177 0.007235944 -0.105283 1.07177 -0.007069945 -0.106869 1.07177 -0.007069945 -0.103697 1.07184 -0.007069945 -0.105283 1.07195 0.007236897 -0.10686 1.07195 0.007236897 -0.103706 1.07202 -0.007068932 -0.10686 1.07202 -0.007068932 -0.103706 1.07219 0.007237911 -0.106814 1.07219 0.007237911 -0.103752 1.07226 -0.007067978 -0.106814 1.07226 -0.007067978 -0.103752 1.07241 0.007238984 -0.106732 1.07241 0.007238984 -0.103834 1.07248 -0.007066965 -0.106732 1.07248 -0.007066965 -0.103834 1.07263 0.007239997 -0.106615 1.07263 0.007239997 -0.103951 1.0727 -0.007065892 -0.106615 1.0727 -0.007065892 -0.103951 1.07282 0.007240951 -0.106468 1.07282 0.007240951 -0.104098 1.07289 -0.007064998 -0.106468 1.07289 -0.007064998 -0.104098 1.07299 0.007241964 -0.106293 1.07299 0.007241964 -0.104273 1.07306 -0.007063925 -0.106293 1.07306 -0.007063925 -0.104273 1.07313 0.007242918 -0.106094 1.07313 0.007242918 -0.104472 1.0732 -0.007062911 -0.106094 1.0732 -0.007062911 -0.104472 1.07324 0.007242918 -0.105876 1.07324 0.007242918 -0.10469 1.07331 -0.007062911 -0.105876 1.07331 -0.007062911 -0.10469 1.07331 0.007242918 -0.105645 1.07331 0.007242918 -0.104921 1.07335 0.007243931 -0.105405 1.07335 0.007243931 -0.105161 1.07335 0.007243931 -0.105283 1.07338 -0.007062911 -0.105645 1.07338 -0.007062911 -0.104921 1.07342 -0.007061958 -0.105405 1.07342 -0.007061958 -0.105161 1.07342 -0.007061958 -0.105283</float_array>
          <technique_common>
            <accessor source="#Shape_IndexedFaceSet_002-mesh-positions-array" count="86" stride="3">
              <param name="X" type="float"/>
              <param name="Y" type="float"/>
              <param name="Z" type="float"/>
            </accessor>
          </technique_common>
        </source>
        <source id="Shape_IndexedFaceSet_002-mesh-normals">
          <float_array id="Shape_IndexedFaceSet_002-mesh-normals-array" count="501">0.9999881 0.004902541 0 0.9999881 0.004885852 0 0.9999881 0.004901885 0 0.986422 0.004833042 0.1641596 0.9864216 0.004833102 0.1641623 0.9569078 0.004668533 0.2903549 0.957039 0.004703223 0.2899213 0.8929253 0.004374623 0.4501838 0.8927289 0.004373669 0.450573 0.8177179 0.00398761 0.5756054 0.8177205 0.003995954 0.5756017 0.717267 0.00350219 0.6967897 0.7172594 0.003518879 0.6967974 0.6118962 0.002989053 0.7909325 0.6121032 0.002998828 0.7907722 0.4696273 0.002302765 0.8828618 0.4693903 0.002293705 0.8829879 0.3491681 0.001710832 0.9370586 0.3493088 0.001711666 0.9370061 0.1882891 9.22101e-4 0.9821133 0.1881443 9.21664e-4 0.982141 0.03596585 1.7587e-4 0.9993531 0.03597927 1.75362e-4 0.9993525 -0.115906 -5.68381e-4 0.99326 -0.1159221 -5.67276e-4 0.9932582 -0.2679566 -0.001307487 0.9634301 -0.2681576 -0.001312434 0.9633742 -0.4104505 -0.002011597 0.9118808 -0.4102128 -0.002002298 0.9119877 -0.5317874 -0.002608239 0.8468739 -0.5317681 -0.002600073 0.846886 -0.6691806 -0.003283619 0.7430927 -0.669131 -0.00326699 0.7431374 -0.7816034 -0.00382471 0.623764 -0.7815771 -0.003816485 0.6237971 -0.8491502 -0.004146993 0.5281354 -0.8493316 -0.004164993 0.5278435 -0.9284647 -0.00454998 0.371393 -0.9284554 -0.004550218 0.3714162 -0.9784898 -0.004804313 0.2062394 -0.9783902 -0.004770338 0.206712 -0.9965813 -0.004875957 0.08247548 -0.9965816 -0.004875659 0.08246999 -0.9965816 -0.004875659 -0.08246999 -0.9965813 -0.004875957 -0.08247548 -0.9784879 -0.004787743 -0.206249 -0.97839 -0.004787087 -0.2067128 -0.9284554 -0.004550218 -0.3714162 -0.9284647 -0.00454998 -0.371393 -0.8490208 -0.004156827 -0.5283431 -0.8492588 -0.004149377 -0.5279605 -0.781735 -0.003832161 -0.6235991 -0.7817351 -0.003815233 -0.6235991 -0.6689381 -0.003276169 -0.743311 -0.6689438 -0.003267765 -0.7433058 -0.5320612 -0.002607703 -0.846702 -0.532099 -0.002599477 -0.8466782 -0.4104196 -0.002003192 -0.9118947 -0.4102674 -0.002010643 -0.9119631 -0.2680027 -0.001311838 -0.9634173 -0.2680778 -0.001308143 -0.9633964 -0.1159008 -5.68341e-4 -0.9932606 -0.1158638 -5.6732e-4 -0.993265 0.03602606 1.7587e-4 -0.9993509 0.03591412 1.75362e-4 -0.9993549 0.1883397 9.22088e-4 -0.9821035 0.188145 9.21668e-4 -0.9821408 0.3490827 0.001710891 -0.9370904 0.3493685 0.001711606 -0.936984 0.4696648 0.00229454 -0.8828419 0.4694427 0.002301812 -0.88296 0.6118535 0.002997636 -0.7909655 0.6121441 0.002990186 -0.7907406 0.7172904 0.00350207 -0.6967657 0.7172608 0.003518879 -0.696796 0.8177617 0.003987193 -0.5755432 0.8176972 0.003996133 -0.5756348 0.8929253 0.004374623 -0.4501838 0.8927289 0.004373669 -0.450573 0.956902 0.004685699 -0.2903736 0.9570448 0.004686057 -0.2899026 0.9864233 0.004832804 -0.1641516 0.9864217 0.004833102 -0.1641617 -0.005294561 0.9999812 0.003097653 -0.005054473 0.9999873 0 -0.005055069 0.9999873 0 -0.005781412 0.9999828 0.001022696 -0.003974854 0.9999902 -0.002004206 -0.004262328 0.9999901 -0.001296281 -0.004632532 0.9999893 -5.313e-5 -0.004916131 0.999988 1.32982e-4 -0.005393147 0.9999854 5.49677e-4 -0.004055798 0.9999918 -1.78547e-4 -0.0040102 0.999992 -1.8339e-4 -0.00486046 0.9999883 4.90133e-5 -0.004967391 0.9999877 1.97571e-4 -0.008504092 0.9999633 -0.001079618 -0.003955841 0.9999922 -1.74834e-4 -0.002969622 0.9999928 0.002368509 -0.0056023 0.9999842 -3.8681e-4 -0.004534363 0.9999897 4.36273e-4 -0.005566775 0.9999797 -0.003102183 -0.004074156 0.9999904 0.001632928 -0.005449652 0.9999846 -0.001171529 -0.005565941 0.9999797 0.003101706 -0.005023181 0.9999874 -4.14565e-4 -0.005022883 0.9999874 4.14565e-4 -0.002970814 0.9999928 -0.002368509 -0.005449652 0.9999845 0.001171827 -0.004074156 0.9999904 -0.001632928 -0.004967391 0.9999877 -1.97571e-4 -0.004532516 0.9999896 -4.36015e-4 -0.005605399 0.9999842 3.87102e-4 -0.004055798 0.9999918 1.78834e-4 -0.003955841 0.9999922 1.74834e-4 -0.008504033 0.9999633 0.001079618 -0.004629671 0.9999893 5.30986e-5 -0.004862487 0.9999883 -4.90325e-5 -0.0040102 0.999992 1.8339e-4 -0.005781114 0.9999828 -0.001022696 -0.005393028 0.9999854 -5.49677e-4 -0.004916191 0.999988 -1.32982e-4 -0.005294978 0.9999812 -0.003097891 -0.004262328 0.9999901 0.001296281 -0.003974854 0.9999902 0.002004206 0.005311608 -0.9999805 0.003333508 0.005054354 -0.9999873 0 0.005053758 -0.9999873 0 0.005625247 -0.9999839 8.37801e-4 0.003942131 -0.9999904 -0.001988589 0.004227459 -0.9999902 -0.001280367 0.004839777 -0.9999883 8.09456e-5 0.004706084 -0.999989 -1.79665e-6 0.005548357 -0.9999845 7.39679e-4 0.003825306 -0.9999927 -1.68986e-4 0.004243254 -0.999991 -1.21695e-4 0.004609644 -0.9999894 -1.89718e-5 0.004755496 -0.9999887 3.1936e-4 0.004750669 -0.9999887 3.15513e-4 0.008148133 -0.9999668 -3.58706e-4 0.00296539 -0.9999928 0.002368986 0.005442559 -0.9999852 -2.12473e-4 0.004736721 -0.9999888 3.20441e-4 0.005526125 -0.9999808 -0.002854168 0.004108667 -0.9999902 0.001644432 0.005596578 -0.9999834 -0.001372456 0.005526125 -0.9999808 0.002854168 0.005023658 -0.9999873 -4.14775e-4 0.005023956 -0.9999873 4.14775e-4 0.002965986 -0.9999928 -0.002370417 0.005593478 -0.9999835 0.001371324 0.004108965 -0.9999902 -0.001644432 0.004755496 -0.9999887 -3.1936e-4 0.004738569 -0.9999888 -3.20631e-4 0.005440115 -0.9999852 2.12328e-4 0.003825366 -0.9999927 1.68986e-4 0.008148193 -0.9999668 3.58706e-4 0.004750728 -0.9999887 -3.15513e-4 0.004839777 -0.9999883 -8.09456e-5 0.004610598 -0.9999895 1.89763e-5 0.004243254 -0.999991 1.21695e-4 0.005626976 -0.9999839 -8.38055e-4 0.005548596 -0.9999843 -7.39679e-4 0.004705846 -0.999989 1.79665e-6 0.005311489 -0.9999805 -0.00333321 0.004227459 -0.9999902 0.001280367 0.003942131 -0.9999904 0.001988589</float_array>
          <technique_common>
            <accessor source="#Shape_IndexedFaceSet_002-mesh-normals-array" count="167" stride="3">
              <param name="X" type="float"/>
              <param name="Y" type="float"/>
              <param name="Z" type="float"/>
            </accessor>
          </technique_common>
        </source>
        <vertices id="Shape_IndexedFaceSet_002-mesh-vertices">
          <input semantic="POSITION" source="#Shape_IndexedFaceSet_002-mesh-positions"/>
        </vertices>
        <triangles material="Shape_004_001-material" count="168">
          <input semantic="VERTEX" source="#Shape_IndexedFaceSet_002-mesh-vertices" offset="0"/>
          <input semantic="NORMAL" source="#Shape_IndexedFaceSet_002-mesh-normals" offset="1"/>
          <p>78 0 80 0 85 0 85 1 80 1 84 1 80 2 79 2 84 2 84 3 79 3 77 3 84 4 77 4 82 4 82 5 77 5 73 5 82 6 73 6 75 6 75 7 73 7 69 7 75 8 69 8 71 8 71 9 69 9 65 9 71 10 65 10 67 10 67 11 65 11 61 11 67 12 61 12 63 12 63 13 61 13 57 13 63 14 57 14 59 14 59 15 57 15 53 15 59 16 53 16 55 16 55 17 53 17 49 17 55 18 49 18 51 18 51 19 49 19 45 19 51 20 45 20 47 20 47 21 45 21 39 21 47 22 39 22 42 22 42 23 39 23 35 23 42 24 35 24 37 24 37 25 35 25 31 25 37 26 31 26 33 26 33 27 31 27 27 27 33 28 27 28 29 28 29 29 27 29 23 29 29 30 23 30 25 30 25 31 23 31 19 31 25 32 19 32 21 32 21 33 19 33 15 33 21 34 15 34 17 34 17 35 15 35 11 35 17 36 11 36 13 36 13 37 11 37 5 37 13 38 5 38 9 38 9 39 5 39 2 39 9 40 2 40 7 40 7 41 2 41 0 41 7 42 0 42 3 42 3 43 0 43 1 43 3 44 1 44 6 44 6 45 1 45 4 45 6 46 4 46 8 46 8 47 4 47 10 47 8 48 10 48 12 48 12 49 10 49 14 49 12 50 14 50 16 50 16 51 14 51 18 51 16 52 18 52 20 52 20 53 18 53 22 53 20 54 22 54 24 54 24 55 22 55 26 55 24 56 26 56 28 56 28 57 26 57 30 57 28 58 30 58 32 58 32 59 30 59 34 59 32 60 34 60 36 60 36 61 34 61 38 61 36 62 38 62 41 62 41 63 38 63 44 63 41 64 44 64 46 64 46 65 44 65 48 65 46 66 48 66 50 66 50 67 48 67 52 67 50 68 52 68 54 68 54 69 52 69 56 69 54 70 56 70 58 70 58 71 56 71 60 71 58 72 60 72 62 72 62 73 60 73 64 73 62 74 64 74 66 74 66 75 64 75 68 75 66 76 68 76 70 76 70 77 68 77 72 77 70 78 72 78 74 78 74 79 72 79 76 79 74 80 76 80 81 80 81 81 76 81 78 81 81 82 78 82 83 82 83 1 78 1 85 1 77 83 79 83 40 83 40 84 79 84 80 84 40 85 80 85 78 85 65 86 69 86 40 86 40 87 69 87 73 87 40 88 73 88 77 88 53 89 57 89 40 89 40 90 57 90 61 90 40 91 61 91 65 91 39 92 45 92 40 92 40 93 45 93 49 93 40 94 49 94 53 94 27 95 31 95 40 95 40 96 31 96 35 96 40 97 35 97 39 97 15 98 19 98 40 98 40 99 19 99 23 99 40 100 23 100 27 100 2 101 5 101 40 101 40 102 5 102 11 102 40 103 11 103 15 103 4 104 1 104 40 104 40 105 1 105 0 105 40 106 0 106 2 106 18 107 14 107 40 107 40 108 14 108 10 108 40 109 10 109 4 109 30 110 26 110 40 110 40 111 26 111 22 111 40 112 22 112 18 112 44 113 38 113 40 113 40 114 38 114 34 114 40 115 34 115 30 115 56 116 52 116 40 116 40 117 52 117 48 117 40 118 48 118 44 118 68 119 64 119 40 119 40 120 64 120 60 120 40 121 60 121 56 121 78 122 76 122 40 122 40 123 76 123 72 123 40 124 72 124 68 124 81 125 83 125 43 125 43 126 83 126 85 126 43 127 85 127 84 127 66 128 70 128 43 128 43 129 70 129 74 129 43 130 74 130 81 130 54 131 58 131 43 131 43 132 58 132 62 132 43 133 62 133 66 133 41 134 46 134 43 134 43 135 46 135 50 135 43 136 50 136 54 136 28 137 32 137 43 137 43 138 32 138 36 138 43 139 36 139 41 139 16 140 20 140 43 140 43 141 20 141 24 141 43 142 24 142 28 142 6 143 8 143 43 143 43 144 8 144 12 144 43 145 12 145 16 145 9 146 7 146 43 146 43 147 7 147 3 147 43 148 3 148 6 148 21 149 17 149 43 149 43 150 17 150 13 150 43 151 13 151 9 151 33 152 29 152 43 152 43 153 29 153 25 153 43 154 25 154 21 154 47 155 42 155 43 155 43 156 42 156 37 156 43 157 37 157 33 157 59 158 55 158 43 158 43 159 55 159 51 159 43 160 51 160 47 160 71 161 67 161 43 161 43 162 67 162 63 162 43 163 63 163 59 163 84 164 82 164 43 164 43 165 82 165 75 165 43 166 75 166 71 166</p>
        </triangles>
      </mesh>
    </geometry>
  </library_geometries>
  <library_visual_scenes>
    <visual_scene id="Scene" name="Scene">
      <node id="Shape_IndexedFaceSet_015" name="Shape_IndexedFaceSet_015" type="NODE">
        <matrix sid="transform">-1 -1.66488e-14 -1.50996e-7 1.053313 -1.50996e-7 4.37114e-8 1 6.75316e-5 -1.00486e-14 1 -4.37114e-8 0.00298773 0 0 0 1</matrix>
        <instance_geometry url="#Shape_IndexedFaceSet_066-mesh" name="Shape_IndexedFaceSet_015">
          <bind_material>
            <technique_common>
              <instance_material symbol="Shape_015_001-material" target="#Shape_015_001-material"/>
            </technique_common>
          </bind_material>
        </instance_geometry>
      </node>
      <node id="Shape_IndexedFaceSet_014" name="Shape_IndexedFaceSet_014" type="NODE">
        <matrix sid="transform">-1 -1.66488e-14 -1.50996e-7 1.053313 -1.50996e-7 4.37114e-8 1 6.75316e-5 -1.00486e-14 1 -4.37114e-8 0.00298773 0 0 0 1</matrix>
        <instance_geometry url="#Shape_IndexedFaceSet_065-mesh" name="Shape_IndexedFaceSet_014">
          <bind_material>
            <technique_common>
              <instance_material symbol="Shape_014_001-material" target="#Shape_014_001-material"/>
            </technique_common>
          </bind_material>
        </instance_geometry>
      </node>
      <node id="Shape_IndexedFaceSet_013" name="Shape_IndexedFaceSet_013" type="NODE">
        <matrix sid="transform">-1 -1.66488e-14 -1.50996e-7 1.053313 -1.50996e-7 4.37114e-8 1 6.75316e-5 -1.00486e-14 1 -4.37114e-8 0.00298773 0 0 0 1</matrix>
        <instance_geometry url="#Shape_IndexedFaceSet_064-mesh" name="Shape_IndexedFaceSet_013">
          <bind_material>
            <technique_common>
              <instance_material symbol="Shape_013_001-material" target="#Shape_013_001-material"/>
            </technique_common>
          </bind_material>
        </instance_geometry>
      </node>
      <node id="Shape_IndexedFaceSet_012" name="Shape_IndexedFaceSet_012" type="NODE">
        <matrix sid="transform">-1 -1.66488e-14 -1.50996e-7 1.053313 -1.50996e-7 4.37114e-8 1 6.75316e-5 -1.00486e-14 1 -4.37114e-8 0.00298773 0 0 0 1</matrix>
        <instance_geometry url="#Shape_IndexedFaceSet_063-mesh" name="Shape_IndexedFaceSet_012">
          <bind_material>
            <technique_common>
              <instance_material symbol="Shape_012_001-material" target="#Shape_012_001-material"/>
            </technique_common>
          </bind_material>
        </instance_geometry>
      </node>
      <node id="Shape_IndexedFaceSet_011" name="Shape_IndexedFaceSet_011" type="NODE">
        <matrix sid="transform">-1 -1.66488e-14 -1.50996e-7 1.053313 -1.50996e-7 4.37114e-8 1 6.75316e-5 -1.00486e-14 1 -4.37114e-8 0.00298773 0 0 0 1</matrix>
        <instance_geometry url="#Shape_IndexedFaceSet_062-mesh" name="Shape_IndexedFaceSet_011">
          <bind_material>
            <technique_common>
              <instance_material symbol="Shape_011_001-material" target="#Shape_011_001-material"/>
            </technique_common>
          </bind_material>
        </instance_geometry>
      </node>
      <node id="Shape_IndexedFaceSet_010" name="Shape_IndexedFaceSet_010" type="NODE">
        <matrix sid="transform">-1 -1.66488e-14 -1.50996e-7 1.053313 -1.50996e-7 4.37114e-8 1 6.75316e-5 -1.00486e-14 1 -4.37114e-8 0.00298773 0 0 0 1</matrix>
        <instance_geometry url="#Shape_IndexedFaceSet_061-mesh" name="Shape_IndexedFaceSet_010">
          <bind_material>
            <technique_common>
              <instance_material symbol="Shape_010_001-material" target="#Shape_010_001-material"/>
            </technique_common>
          </bind_material>
        </instance_geometry>
      </node>
      <node id="Shape_IndexedFaceSet_009" name="Shape_IndexedFaceSet_009" type="NODE">
        <matrix sid="transform">-1 -1.66488e-14 -1.50996e-7 1.053313 -1.50996e-7 4.37114e-8 1 6.75316e-5 -1.00486e-14 1 -4.37114e-8 0.00298773 0 0 0 1</matrix>
        <instance_geometry url="#Shape_IndexedFaceSet_060-mesh" name="Shape_IndexedFaceSet_009">
          <bind_material>
            <technique_common>
              <instance_material symbol="Shape_009_001-material" target="#Shape_009_001-material"/>
            </technique_common>
          </bind_material>
        </instance_geometry>
      </node>
      <node id="Shape_IndexedFaceSet_008" name="Shape_IndexedFaceSet_008" type="NODE">
        <matrix sid="transform">-1 -1.66488e-14 -1.50996e-7 1.053313 -1.50996e-7 4.37114e-8 1 6.75316e-5 -1.00486e-14 1 -4.37114e-8 0.00298773 0 0 0 1</matrix>
        <instance_geometry url="#Shape_IndexedFaceSet_059-mesh" name="Shape_IndexedFaceSet_008">
          <bind_material>
            <technique_common>
              <instance_material symbol="Shape_008_001-material" target="#Shape_008_001-material"/>
            </technique_common>
          </bind_material>
        </instance_geometry>
      </node>
      <node id="Shape_IndexedFaceSet_007" name="Shape_IndexedFaceSet_007" type="NODE">
        <matrix sid="transform">-1 -1.66488e-14 -1.50996e-7 1.053313 -1.50996e-7 4.37114e-8 1 6.75316e-5 -1.00486e-14 1 -4.37114e-8 0.00298773 0 0 0 1</matrix>
        <instance_geometry url="#Shape_IndexedFaceSet_058-mesh" name="Shape_IndexedFaceSet_007">
          <bind_material>
            <technique_common>
              <instance_material symbol="Shape_007_001-material" target="#Shape_007_001-material"/>
            </technique_common>
          </bind_material>
        </instance_geometry>
      </node>
      <node id="Shape_IndexedFaceSet_006" name="Shape_IndexedFaceSet_006" type="NODE">
        <matrix sid="transform">-1 -1.66488e-14 -1.50996e-7 1.053313 -1.50996e-7 4.37114e-8 1 6.75316e-5 -1.00486e-14 1 -4.37114e-8 0.00298773 0 0 0 1</matrix>
        <instance_geometry url="#Shape_IndexedFaceSet_057-mesh" name="Shape_IndexedFaceSet_006">
          <bind_material>
            <technique_common>
              <instance_material symbol="Shape_006_001-material" target="#Shape_006_001-material"/>
            </technique_common>
          </bind_material>
        </instance_geometry>
      </node>
      <node id="Shape_IndexedFaceSet_005" name="Shape_IndexedFaceSet_005" type="NODE">
        <matrix sid="transform">-1 -1.66488e-14 -1.50996e-7 1.053313 -1.50996e-7 4.37114e-8 1 6.75316e-5 -1.00486e-14 1 -4.37114e-8 0.00298773 0 0 0 1</matrix>
        <instance_geometry url="#Shape_IndexedFaceSet_003-mesh" name="Shape_IndexedFaceSet_005">
          <bind_material>
            <technique_common>
              <instance_material symbol="Shape_005_001-material" target="#Shape_005_001-material"/>
            </technique_common>
          </bind_material>
        </instance_geometry>
      </node>
      <node id="Shape_IndexedFaceSet_004" name="Shape_IndexedFaceSet_004" type="NODE">
        <matrix sid="transform">-1 -1.66488e-14 -1.50996e-7 1.053313 -1.50996e-7 4.37114e-8 1 6.75316e-5 -1.00486e-14 1 -4.37114e-8 0.00298773 0 0 0 1</matrix>
        <instance_geometry url="#Shape_IndexedFaceSet_002-mesh" name="Shape_IndexedFaceSet_004">
          <bind_material>
            <technique_common>
              <instance_material symbol="Shape_004_001-material" target="#Shape_004_001-material"/>
            </technique_common>
          </bind_material>
        </instance_geometry>
      </node>
      <node id="Camera" name="Camera" type="NODE">
        <matrix sid="transform">0.6859207 -0.3240135 0.6515582 7.358891 0.7276763 0.3054208 -0.6141704 -6.925791 0 0.8953956 0.4452714 4.958309 0 0 0 1</matrix>
        <instance_camera url="#Camera-camera"/>
      </node>
      <node id="Light" name="Light" type="NODE">
        <matrix sid="transform">-0.2908646 -0.7711008 0.5663932 4.076245 0.9551712 -0.1998834 0.2183912 1.005454 -0.05518906 0.6045247 0.7946723 5.903862 0 0 0 1</matrix>
        <instance_light url="#Light-light"/>
      </node>
    </visual_scene>
  </library_visual_scenes>
  <scene>
    <instance_visual_scene url="#Scene"/>
  </scene>
</COLLADA>